name,uid,formed_date,formed_date_source,formed_date_precision
"アキシブproject",44Ki44Kt44K344OWcHJvamVjdA,2012-10-05,,
"LINK START",TElOSyBTVEFSVA,2023-03-11,,
"BiS",QmlT,2019-06-11,suggestion_medium,
"煌めき☆アンフォレント",54WM44KB44GN4piG44Ki44Oz44OV44Kp44Os44Oz44OI,2015-10-31,,
"BPM15Q",QlBNMTVR/#google_vignette,2016-01-01,,
"BLUEGOATS",QkxVRUdPQVRT,2021-11-07,,
"HIBANA",SElCQU5B,2024-01-01,jpop_fandom_years,year
"ゆるめるモ！",44KG44KL44KB44KL44Oi77yB,2019-09-25,,
"風男塾",6aKo55S35aG-,2007-09-24,suggestion_medium,
"シンデレラ宣言！",44K344Oz44OH44Os44Op5a6j6KiA77yB,2020-11-01,,
"Kolokol",S29sb2tvbA,2018-01-01,,
"Quubi",UXV1Ymk,2021-09-26,,
"CiON",Q2lPTg,2016-10-01,,
"MAPA",TUFQQQ,2021-09-25,,
"Lyrical School",bHlyaWNhbCBzY2hvb2w,2010-10-01,,
"純情のアフィリア",57SU5oOF44Gu44Ki44OV44Kj44Oq44Ki,2008-01-01,ja_wikipedia_lead_結成,year
"LinQ",TGluUQ,2011-01-01,,
"SITUASION",U0lUVUFTSU9O,2020-01-01,jpop_fandom_years,year
"THE ORCHESTRA TOKYO",VEhFIE9SQ0hFU1RSQSBUT0tZTw,2021-02-27,,
"衛星とカラテア",6KGb5pif44Go44Kr44Op44OG44Ki,2021-06-21,,
"夢みるアドレセンス",5aSi44G_44KL44Ki44OJ44Os44K744Oz44K5,2012-01-01,ja_wikipedia_活動期間,year
"ゆくえしれずつれづれ",44KG44GP44GI44GX44KM44Ga44Gk44KM44Gl44KM,2015-11-01,,
"ミームトーキョー",44Of44O844Og44OI44O844Kt44On44O8,2019-07-31,ja_wikipedia_活動期間,day
"Ringwanderung",UmluZ3dhbmRlcnVuZw,2019-11-23,,
"Luce Twinkle Wink☆",THVjZSBUd2lua2xlIFdpbmvimIY,2014-08-01,,
"LEIWAN",TEVJV0FO,2018-01-01,,
"民族ハッピー組",RUdSe-OBiOOBkOOCi30,2015-02-01,,
"真っ白なキャンバス",55yf44Gj55m944Gq44Kt44Oj44Oz44OQ44K5,2017-09-01,,
"#ババババンビ",I-ODkOODkOODkOODkOODs-ODkw,2020-01-30,,
"Ill",SWxs,2021-08-27,,
"クマリデパート",44Kv44Oe44Oq44OH44OR44O844OI,2016-03-27,,
"おこさまぷれ〜と。",44GK44GT44GV44G-44G344KM44Cc44Go44CC,2021-01-01,jpop_fandom_years,year
"きのホ。",44GN44Gu44Ob44CC,2021-03-01,suggestion_medium,
"ライスボール",44Op44Kk44K544Oc44O844Or,2015-09-01,,
"Palette Parade",UGFsZXR0ZSBQYXJhZGU,2021-09-05,,
"Sweet Alley",U3dlZXQgQWxsZXk,2019-05-19,,
"クララ・マグラ",44Kv44Op44Op44O744Oe44Kw44Op,2023-10-01,,
"uijin",dWlqaW4,2016-12-03,,
"PANDAMIC",UEFOREFNSUM,2016-06-01,,
"みうみお",44G_44GG44G_44GK,2022-12-18,,
"シュレーディンガーの犬",44K344Ol44Os44O844OH44Kj44Oz44Ks44O844Gu54qs,2020-11-01,,
"YOLOZ",WU9MT1o,2024-01-04,,
"zanka",emFua2E,2023-04-01,,
"ポンコツコンポ",44Od44Oz44Kz44OE44Kz44Oz44Od,2019-08-16,,
"AQ",QVE,2024-10-12,,
"AsIs",QXNJcw,2024-03-29,,
"Tohkei",VG9oa2Vp,2023-07-06,,
"月刊PAM",5pyI5YiKUEFN,2023-01-01,ja_wikipedia_lead_結成,year
"AOAO",QU9BTw,2024-06-27,,
"FOKALITE",Rk9LQUxJVEU,2024-01-01,jpop_fandom_years,year
"Melty BeaR",TWVsdHkgQmVhUg,2024-09-01,,
"FRUITPOCHETTE",RlJVSVRQT0NIRVRURQ,2012-12-23,,
"NUANCE",TlVBTkNF,2017-03-01,,
"リルネード",44Oq44Or44ON44O844OJ,2022-09-18,suggestion_medium,
"アンスリューム",44Ki44Oz44K544Oq44Ol44O844Og,2019-03-17,,
"MyDearDarlin'",TXlEZWFyRGFybGluJw,2020-01-26,,
"AIBECK",QUlCRUNL,2017-01-01,,
"美味しい曖昧",576O5ZGz44GX44GE5puW5pin,2020-01-01,jpop_fandom_years,year
"LINKL PLANET",TElOS0wgUExBTkVU,2022-03-21,,
"MAGMAZ",TUFHTUFa,2022-06-08,,
"AZATOY",QVpBVE9Z,2023-09-15,,
"Finger Runs",RmluZ2VyIFJ1bnM,2022-12-01,,
"花魁道中",6Iqx6a2B6YGT5Lit,2023-11-30,,
"びっくえんじぇる",44Gz44Gj44GP44GI44KT44GY44GH44KL,2018-04-29,,
"鳴ル神",6bO044Or56We,2013-01-01,ja_wikipedia_lead_結成,year
"ヤなことそっとミュート",44Ok44Gq44GT44Go44Gd44Gj44Go44Of44Ol44O844OI,2016-01-01,ja_wikipedia_活動期間,year
"ニァピン",44OL44Kh44OU44Oz,2011-12-01,ja_wikipedia_活動期間,month
"BLACKNAZARENE",QkxBQ0tOQVpBUkVORQ,2018-01-01,,
"おやすみホログラム",44GK44KE44GZ44G_44Ob44Ot44Kw44Op44Og,2014-01-01,ja_wikipedia_活動期間,year
"#2i2",IzJpMg,2020-12-03,,
"STAiNY",U1RBaU5Z,2021-01-02,,
"diig",ZGlpZw,2024-09-14,,
"キングサリ",44Kt44Oz44Kw44K144Oq,2022-04-30,,
"Axelight",QXhlbGlnaHQ,2022-05-01,,
"あっとせぶんてぃーん",44GC44Gj44Go44Gb44G244KT44Gm44GD44O844KT,2016-01-01,jpop_fandom_years,year
"#Mooove!",I01vb292ZSE,2023-04-01,,
"太陽と踊れ月夜に唄え",5aSq6Zm944Go6LiK44KM5pyI5aSc44Gr5ZSE44GI,2023-07-28,,
"さよならステイチューン",44GV44KI44Gq44KJ44K544OG44Kk44OB44Ol44O844Oz,2020-11-01,ja_wikipedia_lead_結成,month
"Alcute！",QWxjdXRl77yB,2023-07-24,,
"hakanai",aGFrYW5haQ,2023-12-21,,
"ラナキュラ",44Op44OK44Kt44Ol44Op,2023-02-26,,
"スパンコールグッドタイムズ",44K544OR44Oz44Kz44O844Or44Kw44OD44OJ44K_44Kk44Og44K6,1978-01-01,,
"Candye♡Syrup",Q2FuZHll4pmhU3lydXA,2017-01-01,jpop_fandom_years,year
"PRSMIN",UFJTTUlO,2021-05-25,,
"透色ドロップ",6YCP6Imy44OJ44Ot44OD44OX,,,
"カラフルスクリーム",44Kr44Op44OV44Or44K544Kv44Oq44O844Og,2017-01-14,,
"Finally",RmluYWxseQ,2021-04-23,,
"パラディーク",44OR44Op44OH44Kj44O844Kv,2021-03-27,,
"lonlium",bG9ubGl1bQ,2022-01-01,jpop_fandom_years,year
"Hellzapoppin'",SGVsbHphcG9wcGluJw,2020-09-01,,
"selfish",c2VsZmlzaA,2023-01-01,jpop_fandom_years,year
"1つ足りない賽は投げられた",MeOBpOi2s-OCiuOBquOBhOizveOBr-aKleOBkuOCieOCjOOBnw,2022-02-27,suggestion_medium,
".LiNIXLiNE.",LkxpTklYTGlORS4,2022-01-01,jpop_fandom_years,year
"ルージュブック",44Or44O844K444Ol44OW44OD44Kv,2023-03-15,,
"Chalca",Q2hhbGNh,2024-10-05,suggestion_medium,
"パラレルサイダー",44OR44Op44Os44Or44K144Kk44OA44O8,2022-05-22,,
"ぽけっとファントム",44G944GR44Gj44Go44OV44Kh44Oz44OI44Og,2024-06-26,,
"kolme",a29sbWU,2015-01-01,jpop_fandom_years,year
"MIGMA SHELTER",TUlHTUEgU0hFTFRFUg,2017-02-01,,
"BELLRING少女ハート",QkVMTFJJTkflsJHlpbPjg4_jg7zjg4g,2012-01-01,jpop_fandom_years,year
"Payrin's",UGF5cmluJ3M,2016-09-01,,
"airattic",YWlyYXR0aWM,2022-01-31,,
"シャニムニ＝パレード",44K344Oj44OL44Og44OL77yd44OR44Os44O844OJ,1959-02-11,,
"9DayzGlitchClubTokyo",OURheXpHbGl0Y2hDbHViVG9reW8,2020-01-01,jpop_fandom_years,year
"カイジューバイミー",44Kr44Kk44K444Ol44O844OQ44Kk44Of44O8,2020-12-27,,
"ルルネージュ",44Or44Or44ON44O844K444Ol,2018-11-01,,
"瞬きもせず",556s44GN44KC44Gb44Ga,,,
"LIT MOON",TElUIE1PT04,2023-02-26,,
"FR2PON!",RlIyUE9OIQ,2021-06-18,,
"ponderosa may bloom",cG9uZGVyb3NhIG1heSBibG9vbQ,2024-03-08,,
"SPRISE",U1BSSVNF,2019-06-01,,
"脳内パステル",6ISz5YaF44OR44K544OG44Or,2020-06-23,,
"W.ダブルヴィー",Vy7jg4Djg5bjg6vjg7TjgqPjg7w,2023-12-09,suggestion_medium,
"限りなく白く",6ZmQ44KK44Gq44GP55m944GP,2023-07-05,,
"THE ENCORE",VEhFIEVOQ09SRQ,2023-03-01,,
"クライセカイ",44Kv44Op44Kk44K744Kr44Kk,2024-08-01,,
"こみっきゅおん！",44GT44G_44Gj44GN44KF44GK44KT77yB,2021-01-01,jpop_fandom_years,year
"Task have Fun",VGFzayBoYXZlIEZ1bg,2016-05-01,ja_wikipedia_活動期間,month
"tipToe.",dGlwVG9lLg,2016-11-02,,
"アイドルカレッジ",44Ki44Kk44OJ44Or44Kr44Os44OD44K4,2009-02-01,suggestion_medium,
"#ジューロック",I-OCuOODpeODvOODreODg-OCrw,2020-06-21,,
"さとりモンスター",44GV44Go44KK44Oi44Oz44K544K_44O8,2014-01-01,jpop_fandom_years,year
"SOMOSOMO",U09NT1NPTU8,2019-07-01,,
".BPM",LkJQTQ,2020-07-01,,
"天使にはなれない",5aSp5L2_44Gr44Gv44Gq44KM44Gq44GE,2021-01-01,jpop_fandom_years,year
"ぜろから☆すた→と",44Gc44KN44GL44KJ4piG44GZ44Gf4oaS44Go,2021-09-01,,
"TOKYOてふてふ",VE9LWU_jgabjgbXjgabjgbU,2020-12-31,,
"Flower＊Hour",Rmxvd2Vy77yKSG91cg,2010-01-01,jpop_fandom_years,year
"HiiT Factory",SGlpVCBGYWN0b3J5,2023-01-01,ja_wikipedia_活動期間,year
"PASTEL RADIO",UEFTVEVMIFJBRElP,2024-03-27,,
"my fav",bXkgZmF2,2017-01-01,jpop_fandom_years,year
"里咲りさ",6YeM5ZKy44KK44GV,2012-01-01,ja_wikipedia_活動期間,year
"HAPPY CREATORS",SEFQUFkgQ1JFQVRPUlM,2024-10-01,,
"Beloved",QmVsb3ZlZA,,,
"HONEY POPCORN",SE9ORVkgUE9QQ09STg,2018-03-21,,
"THE HOOPERS",VEhFIEhPT1BFUlM,2014-01-01,,
"3776",Mzc3Ng,2012-01-01,jpop_fandom_years,year
"開歌-かいか-",6ZaL5q2MLeOBi-OBhOOBiy0,2019-01-01,ja_wikipedia_lead_結成,year
"雨模様のソラリス",6Zuo5qih5qeY44Gu44K944Op44Oq44K5,2021-01-13,suggestion_medium,
"電影と少年CQ",6Zu75b2x44Go5bCR5bm0Q1E,2016-01-01,ja_wikipedia_lead_結成,year
"EMPATHY",RU1QQVRIWQ,2021-12-19,,
"かすみ草とステラ",44GL44GZ44G_6I2J44Go44K544OG44Op,2021-05-23,suggestion_medium,
"棘-おどろ-",5qOYLeOBiuOBqeOCjS0,2017-01-01,ja_wikipedia_lead_結成,year
"あたまのなかは8ビット⁉︎",44GC44Gf44G-44Gu44Gq44GL44GvOOODk-ODg-ODiOKBie-4jg,,,
"われらがプワプワプーワプワ",44KP44KM44KJ44GM44OX44Ov44OX44Ov44OX44O844Ov44OX44Ov,2016-05-26,,
"点染テンセイ少女。",54K55p-T44OG44Oz44K744Kk5bCR5aWz44CC,2021-04-23,,
"AFTERS",QUZURVJT,2023-06-01,,
"フューチャーサイダー",44OV44Ol44O844OB44Oj44O844K144Kk44OA44O8,2022-09-16,,
"LiVS",TGlWUw,2023-08-01,,
"SiLENT←NOiSE",U2lMRU5U4oaQTk9pU0U,2022-02-28,,
"HelloYouth",SGVsbG9Zb3V0aA,2018-07-28,,
"ほくりくアイドル部",44G744GP44KK44GP44Ki44Kk44OJ44Or6YOo,2016-06-12,,
"君と見るそら",5ZCb44Go6KaL44KL44Gd44KJ,2024-01-01,,
"ZUTTOMOTTO",WlVUVE9NT1RUTw,2023-02-04,,
"スワンスワンズ",44K544Ov44Oz44K544Ov44Oz44K6,2022-01-01,ja_wikipedia_活動期間,day
"AQA",QVFB,2023-12-24,,
"ROOKEY♡ROOKEYS",Uk9PS0VZ4pmhUk9PS0VZUw,2024-01-01,jpop_fandom_years,year
"STARRY×NIGHT↗︎",U1RBUlJZw5dOSUdIVOKGl--4jg,2024-05-05,,
"カミサマパレード",44Kr44Of44K144Oe44OR44Os44O844OJ,,,
"Aicong",QWljb25n,2003-01-01,,
"中2映画プロジェクトアイドル部",5LitMuaYoOeUu-ODl-ODreOCuOOCp-OCr-ODiOOCouOCpOODieODq-mDqA,,,
"GO TO THE BEDS",R08gVE8gVEhFIEJFRFM,2021-03-27,suggestion_medium,
"NightOwl",TmlnaHRPd2w,2019-08-23,,
"XTEEN",WFRFRU4,2018-02-05,,
"ナナランド",44OK44OK44Op44Oz44OJ,2018-07-07,,
"O'CHAWANZ HIP-HOP COLLEGE",TydDSEFXQU5aIEhJUC1IT1AgQ09MTEVHRQ,2017-01-01,,
"may in film",bWF5IGluIGZpbG0,2021-05-01,,
"HIGH SPIRITS",SElHSCBTUElSSVRT,2016-11-13,,
"Bunny La Crew",QnVubnkgTGEgQ3Jldw,2022-05-09,,
"MAGICAL SPEC",TUFHSUNBTCBTUEVD,2021-01-01,,
"Panic Monster !n Wonderland",UGFuaWMgTW9uc3RlciAhbiBXb25kZXJsYW5k,2022-10-31,,
"花いろは",6Iqx44GE44KN44Gv,2020-02-01,,
"ガラチア",44Ks44Op44OB44Ki,2023-10-01,,
"トナリア",44OI44OK44Oq44Ki,,,
"BAD IVY",QkFEIElWWQ,2013-01-01,,
"FULIT BOX",RlVMSVQgQk9Y,2024-04-12,,
"ai*ai",YWkqYWk,2022-01-24,,
"AVACLUB",QVZBQ0xVQg,2003-01-01,,
"Malcolm Mask McLaren",TWFsY29sbSBNYXNrIE1jTGFyZW4,2015-09-01,,
"Ange☆Reve",QW5nZeKYhlJldmU,2014-03-29,,
"神使轟く、激情の如く。",56We5L2_6L2f44GP44CB5r-A5oOF44Gu5aaC44GP44CC,2017-01-01,jpop_fandom_years,year
"アップアップガールズ（仮）",44Ki44OD44OX44Ki44OD44OX44Ks44O844Or44K677yI5Luu77yJ,2024-11-18,suggestion_medium,
"じゅじゅ",44GY44KF44GY44KF,2014-03-29,ja_wikipedia_活動期間,day
"ふわふわ",44G144KP44G144KP,2015-08-24,,
"アップアップガールズ（２）",44Ki44OD44OX44Ki44OD44OX44Ks44O844Or44K677yI77yS77yJ,2017-01-01,ja_wikipedia_活動期間,year
"ピューパ!!",44OU44Ol44O844ORISE,2017-01-01,ja_wikipedia_lead_結成,year
"KissBee",S2lzc0JlZQ,2014-01-01,,
"都内某所",6YO95YaF5p-Q5omA,2022-12-01,,
"SAY-LA",U0FZLUxB,2014-12-21,,
"エラバレシ",44Ko44Op44OQ44Os44K3,2016-03-02,suggestion_medium,
"KiSS KiSS",S2lTUyBLaVNT,2023-03-01,,
"にっぽんワチャチャ",44Gr44Gj44G944KT44Ov44OB44Oj44OB44Oj,2020-03-01,,
"MiiS",TWlpUw,2021-01-23,,
"グデイ",44Kw44OH44Kk,2020-02-01,,
"I MY ME MINE",SSBNWSBNRSBNSU5F,2021-06-03,,
"WT☆Egret",V1TimIZFZ3JldA,2014-01-01,jpop_fandom_years,year
"NEOTOKYO-TRIBE",TkVPVE9LWU8tVFJJQkU,2023-01-01,jpop_fandom_years,year
"ハニースパイスRe.",44OP44OL44O844K544OR44Kk44K5UmUu,2012-01-01,jpop_fandom_years,year
"GANGDEMIC",R0FOR0RFTUlD,2021-05-19,,
"ゑんら",44KR44KT44KJ,2018-02-01,,
"RaRaJaM",UmFSYUphTQ,2024-11-22,,
"Charm Poche",Q2hhcm0gUG9jaGU,2024-02-17,,
"ヲドルマヨナカ",44Oy44OJ44Or44Oe44Oo44OK44Kr,2021-12-30,,
"Beauty Box",QmVhdXR5IEJveA,2021-01-01,ja_wikipedia_活動期間,year
"悪魔のキッス",5oKq6a2U44Gu44Kt44OD44K5,2022-04-01,,
"放課後プリンセス",5pS-6Kqy5b6M44OX44Oq44Oz44K744K5,2011-08-07,ja_wikipedia_活動期間,day
"マジカル・パンチライン",44Oe44K444Kr44Or44O744OR44Oz44OB44Op44Kk44Oz,2015-11-01,suggestion_medium,
"MELLOW MELLOW",TUVMTE9XIE1FTExPVw,2017-10-01,,
"SAKA-SAMA",U0FLQS1TQU1B,2016-12-01,,
"浪江女子発組合",5rWq5rGf5aWz5a2Q55m657WE5ZCI,2019-01-01,jpop_fandom_years,year
"校庭カメラガールドライ",5qCh5bqt44Kr44Oh44Op44Ks44O844Or44OJ44Op44Kk,2017-01-01,jpop_fandom_years,year
"星歴13夜",5pif5q20MTPlpJw,2018-01-01,ja_wikipedia_活動期間,year
"ambitious",YW1iaXRpb3Vz,2021-03-27,,
"fancylabo",ZmFuY3lsYWJv,2003-01-01,,
"RIRYDAY",UklSWURBWQ,2024-07-01,,
"UNBS",VU5CUw,2014-01-01,jpop_fandom_years,year
"終わらないで、夜",57WC44KP44KJ44Gq44GE44Gn44CB5aSc,2018-09-21,,
"ネコプラpixx.",44ON44Kz44OX44OpcGl4eC4,2016-12-24,,
"ワッツ◎さーくる",44Ov44OD44OE4peO44GV44O844GP44KL,2021-01-01,jpop_fandom_years,year
"OS☆U",T1PimIZV,2010-08-01,,
"ふぇありーているず！",44G144GH44GC44KK44O844Gm44GE44KL44Ga77yB,2018-04-10,suggestion_medium,
"ideal peco",aWRlYWwgcGVjbw,2023-09-18,,
"サクヤコノハナ",44K144Kv44Ok44Kz44OO44OP44OK,2017-03-11,,
"POPPiNG EMO",UE9QUGlORyBFTU8,2017-01-01,jpop_fandom_years,year
"SAI²Rium",U0FJwrJSaXVt,2022-07-22,,
"なんキニ！",44Gq44KT44Kt44OL77yB,2017-09-05,,
"SANDAL TELEPHONE",U0FOREFMIFRFTEVQSE9ORQ,2017-07-01,,
"SAiNT SEX",U0FpTlQgU0VY,2017-10-02,ja_wikipedia_lead_結成,day
"愛乙女☆DOLL",5oSb5LmZ5aWz4piGRE9MTA,2019-10-01,,
"めろん畑a go go",44KB44KN44KT55WRYSBnbyBnbw,2015-01-01,ja_wikipedia_活動期間,year
"ピュアリーモンスター",44OU44Ol44Ki44Oq44O844Oi44Oz44K544K_44O8,2017-05-01,suggestion_medium,
"NaNoMoRaL",TmFOb01vUmFM,2018-01-01,jpop_fandom_years,year
"DREAMING MONSTER",RFJFQU1JTkcgTU9OU1RFUg,2015-07-22,,
"CUBΣLIC",Q1VCzqNMSUM,2019-11-01,,
"メイビーME",44Oh44Kk44OT44O8TUU,2018-07-07,,
"PinkySpice",UGlua3lTcGljZQ,2019-06-23,,
"metarium",bWV0YXJpdW0,2022-10-13,,
"Layn",TGF5bg,2019-01-01,,
"・・・・・・・・・",44O744O744O744O744O744O744O744O744O7,2016-01-01,ja_wikipedia_活動期間,year
"アリス十番",44Ki44Oq44K55Y2B55Wq,2007-01-01,,
"スチームガールズ",44K544OB44O844Og44Ks44O844Or44K6,2011-09-01,,
"NANONI",TkFOT05J,2021-01-27,,
"XOXO EXTREME",WE9YTyBFWFRSRU1F,2016-03-01,,
"KRD8",S1JEOA,2013-12-27,,
"iSPY",aVNQWQ,2021-08-01,,
"Dorothy Little Happy",RG9yb3RoeSBMaXR0bGUgSGFwcHk,2010-01-01,,
"PARADISES",UEFSQURJU0VT,2021-03-21,suggestion_medium,
"STARMARIE",U1RBUk1BUklF,2008-01-01,,
"イケてるハーツ",44Kk44Kx44Gm44KL44OP44O844OE,2014-01-01,ja_wikipedia_lead_結成,year
"8bitBRAIN",OGJpdEJSQUlO,2018-03-01,,
"yumegiwa last girl",eXVtZWdpd2EgbGFzdCBnaXJs,2020-10-01,,
"BABY-CRAYON〜1361〜",QkFCWS1DUkFZT07jgJwxMzYx44Cc,2021-07-01,,
"CHICKEN BLOW THE IDOL",Q0hJQ0tFTiBCTE9XIFRIRSBJRE9M,2017-01-01,,
"つぼみ大革命",44Gk44G844G_5aSn6Z2p5ZG9,2010-04-01,,
"963",OTYz,2013-07-01,,
"BANZAI JAPAN",QkFOWkFJIEpBUEFO,2014-05-05,,
"JYA☆PON 2.0",SllB4piGUE9OIDIuMA,2017-09-01,,
"READY TO KISS",UkVBRFkgVE8gS0lTUw,2013-01-01,jpop_fandom_years,year
"JUGS MAFIA",SlVHUyBNQUZJQQ,2023-02-08,,
"#PEXACOA",I1BFWEFDT0E,2020-04-01,,
"クロスノエシス",44Kv44Ot44K544OO44Ko44K344K5,2019-05-27,,
"MANACLE",TUFOQUNMRQ,2020-09-13,,
"2o Love to Sweet Bullet",Mm8gTG92ZSB0byBTd2VldCBCdWxsZXQ,2015-01-01,manual,
"Chu-Z",Q2h1LVo,2012-01-01,jpop_fandom_years,year
"校庭カメラガール",5qCh5bqt44Kr44Oh44Op44Ks44O844Or,2017-01-01,manual,
"MEWM",TUVXTQ,2020-04-01,,
"HAMIDASYSTEM",SEFNSURBU1lTVEVN,2016-11-03,,
"MAGICOUR",TUFHSUNPVVI,2020-01-01,,
"外神田いっちょめ",5aSW56We55Sw44GE44Gj44Gh44KH44KB,2016-03-02,suggestion_medium,
"et-アンド-",ZXQt44Ki44Oz44OJLQ,2021-04-21,,
"グーグールル",44Kw44O844Kw44O844Or44Or,2018-04-08,,
"NILKLY",TklMS0xZ,2019-05-25,,
"Five emotion",Rml2ZSBlbW90aW9u,2020-12-01,,
"EMOE",RU1PRQ,2018-08-18,,
"OLNew",T0xOZXc,2024-06-20,,
"ARCANA PROJECT",QVJDQU5BIFBST0pFQ1Q,2019-01-01,,
"Ma’Scar’Piece",TWHigJlTY2Fy4oCZUGllY2U,2024-08-01,,
"東京女子流",5p2x5Lqs5aWz5a2Q5rWB,2009-01-01,,
"BABYBEARD",QkFCWUJFQVJE,2020-01-01,jpop_fandom_years,year
"ばってん少女隊",44Gw44Gj44Gm44KT5bCR5aWz6ZqK,2015-06-21,,
"FES☆TIVE",RkVT4piGVElWRQ,2013-03-27,,
"TEAM SHACHI",VEVBTSBTSEFDSEk,2011-09-11,,
"KLP48",S0xQNDg,2024-01-01,ja_wikipedia_活動期間,year
"WHITE SCORPION",V0hJVEUgU0NPUlBJT04,2023-10-07,,
"タイトル未定",44K_44Kk44OI44Or5pyq5a6a,2020-04-16,,
"UtaGe!",VXRhR2Uh,2022-04-15,,
"ハルニシオン",44OP44Or44OL44K344Kq44Oz,2025-01-05,,
"NECRONOMIDOL",TkVDUk9OT01JRE9M,2014-02-01,,
"SUPER☆GiRLS",U1VQRVLimIZHaVJMUw,2010-06-21,,
"まねきケチャ",44G-44Gt44GN44Kx44OB44Oj,2015-01-01,jpop_fandom_years,year
"仮面ライダーGIRLS",5Luu6Z2i44Op44Kk44OA44O8R0lSTFM,2010-01-01,jpop_fandom_years,year
"fishbowl",ZmlzaGJvd2w,2021-01-01,,
"PIGGS",UElHR1M,2020-04-19,,
"chuLa",Y2h1TGE,2017-05-07,,
"Dancing Dolls",RGFuY2luZyBEb2xscw,2011-01-01,,
"なみだ色の消しごむ",44Gq44G_44Gg6Imy44Gu5raI44GX44GU44KA,2018-06-09,,
"ベロティカ",44OZ44Ot44OG44Kj44Kr,2023-10-01,,
"Maison book girl",TWFpc29uIGJvb2sgZ2lybA,2014-01-01,,
"バンドじゃないもん！MAXX NAKAYOSHI",44OQ44Oz44OJ44GY44KD44Gq44GE44KC44KT77yBTUFYWCBOQUtBWU9TSEk,2021-01-01,jpop_fandom_years,year
"MAZE",TUFaRQ,2022-01-01,,
"GILTY × GILTY",R0lMVFkgw5cgR0lMVFk,2022-05-20,,
"ASP",QVNQ,2021-01-01,,
"ukka",dWtrYQ,2015-05-01,,
"INUWASI",SU5VV0FTSQ,2025-08-27,,
"新章 大阪☆春夏秋冬",5paw56ugIOWkp-mYquKYhuaYpeWkj-eni-WGrA,2022-07-07,,
"ラフ×ラフ",44Op44OVw5fjg6njg5U,2022-12-08,,
"Not Secured,Loose Ends",Tm90IFNlY3VyZWQsTG9vc2UgRW5kcw,2015-11-01,,
"Negicco",TmVnaWNjbw,2003-07-01,,
"モノクローン",44Oi44OO44Kv44Ot44O844Oz,2020-04-11,,
"手羽先センセーション",5omL57695YWI44K744Oz44K744O844K344On44Oz,2017-06-24,,
"りんご娘",44KK44KT44GU5aiY,2000-01-01,jpop_fandom_years,year
"Peel the Apple",UGVlbCB0aGUgQXBwbGU,2020-07-16,,
"群青の世界",576k6Z2S44Gu5LiW55WM,2018-12-23,,
"Mirror,Mirror",TWlycm9yLE1pcnJvcg,2022-01-30,,
"AdamLilith",QWRhbUxpbGl0aA,2022-09-24,,
"REIRIE",UkVJUklF,2023-01-01,,
"pinponpanpon",cGlucG9ucGFucG9u,2023-01-01,jpop_fandom_years,year
"最終未来少女",5pyA57WC5pyq5p2l5bCR5aWz,2023-01-01,,
"JamsCollection",SmFtc0NvbGxlY3Rpb24,2021-01-20,,
"GANG PARADE",R0FORyBQQVJBREU,2014-09-01,,
"ExWHYZ",RXhXSFla,2022-06-01,,
"MAD JAMIE",TUFEIEpBTUlF,2021-04-29,,
"Appare!",QXBwYXJlIQ,2016-01-01,jpop_fandom_years,year
"TENRIN",VEVOUklO,2020-05-25,,
"CY8ER",Q1k4RVI,2015-01-01,jpop_fandom_years,year
"IRONBUNNY",SVJPTkJVTk5Z,2018-01-01,jpop_fandom_years,year
"ノースリーブス",44OO44O844K544Oq44O844OW44K5,2008-09-01,ja_wikipedia_活動期間,month
"Isiliel",SXNpbGllbA,,,
"NANIMONO",TkFOSU1PTk8,2022-05-13,,
"マーキュロ",44Oe44O844Kt44Ol44Ot,2022-06-24,,
"Onephony",T25lcGhvbnk,2022-11-13,,
"ドラマチックレコード",44OJ44Op44Oe44OB44OD44Kv44Os44Kz44O844OJ,2022-09-19,,
"マザリ",44Oe44K244Oq,2024-10-11,,
"NGT48",TkdUNDg,2016-01-01,jpop_fandom_years,year
"CYNHN",Q1lOSE4,2017-06-25,,
"NEO JAPONISM",TkVPIEpBUE9OSVNN,2017-01-01,jpop_fandom_years,year
"i-COL",aS1DT0w,2021-05-14,,
"Devil ANTHEM.",RGV2aWwgQU5USEVNLg,2014-12-12,,
"可憐なアイボリー",5Y-v5oaQ44Gq44Ki44Kk44Oc44Oq44O8,2021-09-05,,
"君に、胸キュン。",5ZCb44Gr44CB6IO444Kt44Ol44Oz44CC,2018-08-15,,
"ジエメイ",44K444Ko44Oh44Kk,2022-05-01,,
"Merry BAD TUNE.",TWVycnkgQkFEIFRVTkUu,2022-06-21,,
"豆柴の大群",6LGG5p-044Gu5aSn576k,2022-09-07,suggestion_medium,
"RAY",UkFZ,2019-04-15,,
"MADMED",TUFETUVE,2022-01-01,jpop_fandom_years,year
"ME:I",TUU6SQ,2024-01-01,ja_wikipedia_活動期間,year
"超ときめき♡宣伝部",6LaF44Go44GN44KB44GN4pmh5a6j5Lyd6YOo,2015-01-01,jpop_fandom_years,year
"ファントムシータ",44OV44Kh44Oz44OI44Og44K344O844K_,2024-06-26,,
"きゅるりんってしてみて",44GN44KF44KL44KK44KT44Gj44Gm44GX44Gm44G_44Gm,2021-01-23,,
"日向坂46",5pel5ZCR5Z2CNDY,2015-11-30,suggestion_medium,
"BiSH",QmlTSA,2015-01-14,suggestion_medium,
"ももいろクローバーZ",44KC44KC44GE44KN44Kv44Ot44O844OQ44O8Wg,2007-01-01,,
"≠ME",4omgTUU,2019-08-04,,
"Billlie",QmlsbGxpZQ,2021-11-10,,
"SWEET STEADY",U1dFRVQgU1RFQURZ,2024-01-23,,
"Buono!",QnVvbm8h,2007-07-21,,
"≒JOY",4omSSk9Z,2022-03-29,,
"NMB48",Tk1CNDg,2010-01-01,,
"i☆Ris",aeKYhlJpcw,2012-01-01,,
"私立恵比寿中学",56eB56uL5oG15q-U5a-_5Lit5a2m,2009-08-04,,
"AVAM",QVZBTQ,2021-10-01,,
"高嶺のなでしこ",6auY5ba644Gu44Gq44Gn44GX44GT,2022-07-10,,
"Cherry Bullet",Q2hlcnJ5IEJ1bGxldA,2019-01-21,,
"PassCode",UGFzc0NvZGU,2013-01-01,jpop_fandom_years,year
"いぎなり東北産",44GE44GO44Gq44KK5p2x5YyX55Sj,2015-08-09,,
"のんふぃく！",44Gu44KT44G144GD44GP77yB,2021-04-05,,
"EMPiRE",RU1QaVJF,2017-08-23,,
"ZOCX",Wk9DWA,2018-01-01,jpop_fandom_years,year
"GENIC",R0VOSUM,2020-05-27,,
"でんぱ組.inc",44Gn44KT44Gx57WELmluYw,2010-06-03,,
"Girls²",R2lybHPCsg,2019-01-01,jpop_fandom_years,year
"清竜人25",5riF56uc5Lq6MjU,2014-09-01,,
"SKE48",U0tFNDg,2008-10-05,,
"HKT48",SEtUNDg,2011-01-01,,
"Broken By The Scream",QnJva2VuIEJ5IFRoZSBTY3JlYW0,2017-01-01,,
"フィロソフィーのダンス",44OV44Kj44Ot44K944OV44Kj44O844Gu44OA44Oz44K5,2016-11-23,suggestion_medium,
"KAQRIYOTERROR",S0FRUklZT1RFUlJPUg,2017-08-01,,
"℃-ute",4oSDLXV0ZQ,2005-06-01,,
"夜光性アミューズ",5aSc5YWJ5oCn44Ki44Of44Ol44O844K6,2021-03-17,,
"わーすた",44KP44O844GZ44Gf,2015-01-01,,
"AMEFURASSHI",QU1FRlVSQVNTSEk,2018-11-03,,
"CSR",Q1NS,,,
"lol",bG9s,2014-01-01,jpop_fandom_years,year
"Rocket Punch",Um9ja2V0IFB1bmNo,2019-08-07,,
"femme fatale",ZmVtbWUgZmF0YWxl,2018-10-22,,
"STU48",U1RVNDg,2017-03-31,suggestion_medium,
"我儘ラキア",5oiR5YSY44Op44Kt44Ki,2016-01-01,,
"@onefive",QG9uZWZpdmU,2019-10-20,,
"yosugala",eW9zdWdhbGE,2022-05-15,,
"虹のコンキスタドール",6Jm544Gu44Kz44Oz44Kt44K544K_44OJ44O844Or,2014-07-14,,
"ぜんぶ君のせいだ。",44Gc44KT44G25ZCb44Gu44Gb44GE44Gg44CC,2015-01-01,ja_wikipedia_活動期間,year
"LE SSERAFIM",TEUgU1NFUkFGSU0,2022-05-02,,
"BABYMONSTER",QkFCWU1PTlNURVI,2023-11-27,,
"BABYMETAL",QkFCWU1FVEFM,2010-01-01,,
"=LOVE",PUxPVkU,2017-08-05,,
"乃木坂46",5LmD5pyo5Z2CNDY,2023-02-01,suggestion_medium,
"FRUITS ZIPPER",RlJVSVRTIFpJUFBFUg,2022-04-01,,
"AKB48",QUtCNDg,2005-01-01,,
"iLiFE!",aUxpRkUh,2020-06-05,,
"櫻坂46",5qu75Z2CNDY,2020-10-14,,
"CUTIE STREET",Q1VUSUUgU1RSRUVU,2024-08-04,,
"CANDY TUNE",Q0FORFkgVFVORQ,2023-02-02,,
"じーくらむ！",44GY44O844GP44KJ44KA77yB,2019-12-27,,
"ラストシーン",44Op44K544OI44K344O844Oz,2025-12-13,,
"Nゼロ",TuOCvOODrQ,2010-05-01,,
"Checkmate",Q2hlY2ttYXRl,,,
"VILLAINS HOUSE",VklMTEFJTlMgSE9VU0U,2024-08-01,,
"YAMINABE",WUFNSU5BQkU,,,
"あげもん！",44GC44GS44KC44KT77yB,2021-07-23,,
"ナト☆カン",44OK44OI4piG44Kr44Oz/#google_vignette,2011-12-12,,
"リリシック学園",44Oq44Oq44K344OD44Kv5a2m5ZyS,2020-04-19,,
"Pimm's",UGltbSdz,2013-05-24,,
"Love Cocchi",TG92ZSBDb2NjaGk,2017-01-01,jpop_fandom_years,year
"ドレスコード",d231b9f2-f247-4cf5-8d57-35365fd73f16,2024-09-21,,
"ガガピエロ",df3e70ea-93af-41a2-bc29-22f7087350d8,2023-01-14,,
"ヒロインズ研究生",9b937bbf-facf-437b-9815-94152bfe5805,2023-10-16,,
"ナナコロビヤオキ",055cd81a-8c78-44ad-b74b-3f45fc551f9b,2024-06-14,,
"iON!",d698eb6b-e82f-48f1-a2df-6cf858315ad4,2025-04-20,,
"LADYBABY",72612662-7c13-4de8-b694-a800f9eb1dda,2015-01-01,,
"AMAKAZE",a7805041-7cce-4541-86b5-a3fe06d3d4ea,2020-11-05,,
"Raiden",743724ff-5c2d-4e42-85ab-95e7e5c42954,2020-11-05,,
"Ragken!",d8f8e543-16c7-4f7e-8903-ded7ec8c5380,2019-09-05,,
"SUIGETSU",764d49a4-9186-44f0-9c88-ab913d7c95ca,2020-11-05,,
"BLK LiLiY",15c6385c-b09a-4dbc-89f1-fc96cef74fff,2021-03-21,,
"Link STAR's",7e2b7bae-0b97-4c6c-8268-4923aa92c622,2012-01-01,jpop_fandom_years,year
"Yumeiro H!L!T",4d9e63bf-672e-4b0a-86e6-40c8e5cc6689,2019-06-23,,
"欅坂46",5qyF5Z2CNDY,2015-08-21,,
"IZ*ONE",SVoqT05F,2018-10-29,,
"モーニング娘。",44Oi44O844OL44Oz44Kw5aiY44CC,1997-01-01,,
"Juice=Juice",SnVpY2U9SnVpY2U,2013-02-03,,
"神宿",56We5a6_,2014-09-28,,
"PiKi",UGlLaQ,2025-06-21,,
"アンジュルム",44Ki44Oz44K444Ol44Or44Og,2009-01-01,jpop_fandom_years,year
"Berryz工房",QmVycnl65bel5oi_,2004-01-01,,
"BEYOOOOONDS",QkVZT09PT09ORFM,2018-10-19,,
"つばきファクトリー",44Gk44Gw44GN44OV44Kh44Kv44OI44Oq44O8,2015-01-01,jpop_fandom_years,year
"Pretty Chuu",UHJldHR5IENodXU,2025-06-16,,
"MORE STAR",TU9SRSBTVEFS,2025-01-01,jpop_fandom_years,year
"MEGAFON",TUVHQUZPTg,2025-04-06,,
"幽世脅嚇",5bm95LiW6ISF5ZqH,2017-01-01,jpop_fandom_years,year
"A応P",QeW_nFA,2012-01-01,jpop_fandom_years,year
"OCHA NORMA",T0NIQSBOT1JNQQ,2021-12-12,,
"アイドリング!!!",44Ki44Kk44OJ44Oq44Oz44KwISEh,2006-01-01,jpop_fandom_years,year
"DRAW♡ME",RFJBV-KZoU1F,2026-01-01,jpop_fandom_years,year
"MNL48",TU5MNDg,2018-04-28,,
"ロージークロニクル",44Ot44O844K444O844Kv44Ot44OL44Kv44Or,2024-01-01,jpop_fandom_years,year
"眉村ちあき",55yJ5p2R44Gh44GC44GN,2015-01-01,ja_wikipedia_活動期間,year
"MYERA",TVlFUkE,2025-01-01,,
"Buzy",QnV6eQ,1998-01-01,,
"ハロプロ研修生",44OP44Ot44OX44Ot56CU5L-u55Sf,2010-03-27,,
"ラストアイドル2期生",44Op44K544OI44Ki44Kk44OJ44OrMuacn-eUnw,2018-01-01,manual,
"sora tob sakana",c29yYSB0b2Igc2FrYW5h,2014-01-01,jpop_fandom_years,year
"さくら学院",44GV44GP44KJ5a2m6Zmi,2012-08-04,,
"渡り廊下走り隊7",5rih44KK5buK5LiL6LWw44KK6ZqKNw,2009-01-01,jpop_fandom_years,year
"Prizmmy☆",UHJpem1teeKYhg,2012-01-01,jpop_fandom_years,year
"フェアリーズ",44OV44Kn44Ki44Oq44O844K6,2011-01-01,jpop_fandom_years,year
"26時のマスカレイド",MjbmmYLjga7jg57jgrnjgqvjg6zjgqTjg4k,2016-01-01,jpop_fandom_years,year
"GPP",R1BQ,2025-01-01,jpop_fandom_years,year
"RealRomantic",UmVhbFJvbWFudGlj,2025-04-16,,
"PIGMONZ",UElHTU9OWg,2026-03-21,,
"ONEPIXCEL",T05FUElYQ0VM,2015-01-01,jpop_fandom_years,year
"テンシンランマン",44OG44Oz44K344Oz44Op44Oz44Oe44Oz,2025-05-24,,
"Straight Angeli",U3RyYWlnaHQgQW5nZWxp,2025-11-01,,
"脇田もなり",6ISH55Sw44KC44Gq44KK,,,
"Jewel",SmV3ZWw,2010-06-13,,
"DIAVEL",RElBVkVM,2025-04-26,,
"MilkyWay",TWlsa3lXYXk,2012-01-01,jpop_fandom_years,year
"365°",MzY1wrA,,,
"Chuning Candy",Q2h1bmluZyBDYW5keQ,2013-01-01,jpop_fandom_years,year
"XINXIN",WElOWElO,2026-03-15,,
"Gen1es",R2VuMWVz,2024-01-01,ja_wikipedia_活動期間,year
"フレンチ・キス",44OV44Os44Oz44OB44O744Kt44K5,2010-01-01,manual,
"MISS MERCY",TUlTUyBNRVJDWQ,2022-03-02,,
"Toi Toi Toi",VG9pIFRvaSBUb2k,2025-04-04,,
"amini",YW1pbmk,2025-01-01,jpop_fandom_years,year
"セクト",44K744Kv44OI,2025-01-01,jpop_fandom_years,year
"ハッピーくるくる",44OP44OD44OU44O844GP44KL44GP44KL,2016-01-01,jpop_fandom_years,year
"悲撃のヒロイン症候群",5oKy5pKD44Gu44OS44Ot44Kk44Oz55eH5YCZ576k,2018-01-01,jpop_fandom_years,year
"RYUTist",UllVVGlzdA,2011-01-01,,
"ザ・コインロッカーズ",44K244O744Kz44Kk44Oz44Ot44OD44Kr44O844K6,2018-01-01,jpop_fandom_years,year
"りンね",44KK44Oz44Gt,,,
"Made in Maiden",TWFkZSBpbiBNYWlkZW4,2025-04-24,,
"ギミック",44Ku44Of44OD44Kv,2024-01-01,jpop_fandom_years,year
"Busters",QnVzdGVycw,2019-01-01,jpop_fandom_years,year
"ミソラドエジソン",44Of44K944Op44OJ44Ko44K444K944Oz,2020-01-01,jpop_fandom_years,year
"SOL",U09M,,,
"CAL&RES",Q0FMJlJFUw,2021-08-16,,
"ねおち",44Gt44GK44Gh,2022-01-01,jpop_fandom_years,year
"神様の言う通り",56We5qeY44Gu6KiA44GG6YCa44KK,2025-01-01,jpop_fandom_years,year
"絶望キネマ",57W25pyb44Kt44ON44Oe,2025-01-01,jpop_fandom_years,year
"LUNARSOLAR",TFVOQVJTT0xBUg,2020-09-02,ja_wikipedia_活動期間,day
"Especia",RXNwZWNpYQ,2012-06-01,,
"Zsasz",WnNhc3o,2019-10-22,,
"コレって恋ですか？",44Kz44Os44Gj44Gm5oGL44Gn44GZ44GL77yf,2019-08-31,,
"プランクスターズ",44OX44Op44Oz44Kv44K544K_44O844K6,2018-01-01,jpop_fandom_years,year
"可憐Girl's",5Y-v5oaQR2lybCdz,2008-01-01,jpop_fandom_years,year
"SPACE GIRLS PLANET",U1BBQ0UgR0lSTFMgUExBTkVU,2010-01-01,jpop_fandom_years,year
"Root mimi",Um9vdCBtaW1p,2025-01-01,jpop_fandom_years,year
"log you",bG9nIHlvdQ,2025-01-01,jpop_fandom_years,year
"めっ！",44KB44Gj77yB,2025-01-01,jpop_fandom_years,year
"DEADLIFT LOLITA",REVBRExJRlQgTE9MSVRB,2017-03-01,,
"アイドルネッサンス",44Ki44Kk44OJ44Or44ON44OD44K144Oz44K5,2014-01-01,jpop_fandom_years,year
"ベイビーレイズJAPAN",44OZ44Kk44OT44O844Os44Kk44K6SkFQQU4,2012-01-01,jpop_fandom_years,year
"CARRY LOOSE",Q0FSUlkgTE9PU0U,2019-06-01,,
"吉川友",5ZCJ5bed5Y-L,2010-01-01,jpop_fandom_years,year
"東京パフォーマンスドール",5p2x5Lqs44OR44OV44Kp44O844Oe44Oz44K544OJ44O844Or,1990-01-01,jpop_fandom_years,year
"BeForU",QmVGb3JV,2000-01-01,,
"RE-GE",UkUtR0U,2026-02-15,,
"アストレイル",44Ki44K544OI44Os44Kk44Or,,,
"PASSPO☆",UEFTU1BP4piG,2010-01-01,jpop_fandom_years,year
"吉田凜音",5ZCJ55Sw5Yec6Z-z,2010-01-01,ja_wikipedia_活動期間,year
"miscast",bWlzY2FzdA,2019-06-07,,
"Rev.from DVL",UmV2LmZyb20gRFZM,2003-01-01,jpop_fandom_years,year
"NEKIRU",TkVLSVJV,,,
"VINII",VklOSUk,2025-11-12,,
"MeMeQ",TWVNZVE,2025-09-27,,
"CURE'T",Q1VSRSdU,2025-11-24,,
"Sugar♡Holic",U3VnYXLimaFIb2xpYw,,,
"BNSI",Qk5TSQ,2025-08-08,,
"ヒイラギリオ",44OS44Kk44Op44Ku44Oq44Kq,2010-01-01,ja_wikipedia_活動期間,year
"特撮がるず",54m55pKu44GM44KL44Ga,2026-01-01,ja_wikipedia_活動期間,year
"篠崎りさ",56-g5bSO44KK44GV,,,
"Cheeky Parade",Q2hlZWt5IFBhcmFkZQ,2012-01-01,jpop_fandom_years,year
"IDOLATER",SURPTEFURVI,2019-03-25,,
"ファーストプレイリスト",44OV44Kh44O844K544OI44OX44Os44Kk44Oq44K544OI,,,
"ReFLiA",UmVGTGlB,2025-01-01,ja_wikipedia_活動期間,year
"武藤彩未",5q2m6Jek5b2p5pyq,2004-01-01,ja_wikipedia_活動期間,year
"ねもぺろ from でんぱ組.inc",44Gt44KC44G644KNIGZyb20g44Gn44KT44Gx57WELmluYw,2019-01-01,jpop_fandom_years,year
"みぎてやじるし ひだりてはーと",44G_44GO44Gm44KE44GY44KL44GXIOOBsuOBoOOCiuOBpuOBr-ODvOOBqA,2019-01-01,jpop_fandom_years,year
"CROWN POP",Q1JPV04gUE9Q,2015-08-08,,
"乙女新党",5LmZ5aWz5paw5YWa,2012-01-01,jpop_fandom_years,year
"寺嶋由芙",5a-65baL55Sx6IqZ,,,
"B.O.L.T",Qi5PLkwuVA,2019-07-01,,
"WHY@DOLL",V0hZQERPTEw,2014-09-01,,
"predia",cHJlZGlh,2010-01-01,,
"GEM",R0VN,2012-12-25,,
"恵比寿マスカッツ",5oG15q-U5a-_44Oe44K544Kr44OD44OE,2008-01-01,jpop_fandom_years,year
"KOTO",S09UTw,2012-01-01,,
"HO6LA",SE82TEE,2021-08-18,,
"広瀬愛菜",5bqD54Cs5oSb6I-c,,,
"シュークリームロケッツ",44K344Ol44O844Kv44Oq44O844Og44Ot44Kx44OD44OE,2018-01-01,jpop_fandom_years,year
"みんなのこどもちゃん",44G_44KT44Gq44Gu44GT44Gp44KC44Gh44KD44KT,2016-01-01,jpop_fandom_years,year
"バニラビーンズ",44OQ44OL44Op44OT44O844Oz44K6,2007-01-01,jpop_fandom_years,year
"DESURABBITS",REVTVVJBQkJJVFM,2013-10-01,,
"HALLCA",SEFMTENB,,,
"PiXMiX",UGlYTWlY,2019-01-09,,
"はちみつロケット",44Gv44Gh44G_44Gk44Ot44Kx44OD44OI,2012-01-01,jpop_fandom_years,year
"ロッカジャポニカ",44Ot44OD44Kr44K444Oj44Od44OL44Kr,2015-01-01,jpop_fandom_years,year
"X21",WDIx,2013-01-01,jpop_fandom_years,year
"Siam☆Dream",U2lhbeKYhkRyZWFt,2018-06-09,ja_wikipedia_活動期間,day
"3B junior",M0IganVuaW9y,2014-11-01,,
"raymay",cmF5bWF5,2018-12-01,,
"On the treat Super Season",T24gdGhlIHRyZWF0IFN1cGVyIFNlYXNvbg,2021-08-04,,
"NELN",TkVMTg,2020-04-01,,
"炭酸くろにくるっ",54Kt6YW444GP44KN44Gr44GP44KL44Gj,2021-04-18,,
"Le Siana",TGUgU2lhbmE,2012-01-01,,
"Pink Babies",UGluayBCYWJpZXM,2013-08-01,,
"eyes",ZXllcw,2017-01-01,jpop_fandom_years,year
"Last Idol",TGFzdCBJZG9s,2017-08-13,,
"Fujun Bungaku Shoujo Kagekidan",RnVqdW4gQnVuZ2FrdSBTaG91am8gS2FnZWtpZGFu,2022-08-11,,
"La Luce",TGEgTHVjZQ,2017-01-01,jpop_fandom_years,year
"Good Tears",R29vZCBUZWFycw,2017-01-01,jpop_fandom_years,year
"Choux Cream Rockets",Q2hvdXggQ3JlYW0gUm9ja2V0cw,2018-01-01,jpop_fandom_years,year
"Someday Somewhere",U29tZWRheSBTb21ld2hlcmU,2017-01-01,jpop_fandom_years,year
"Last Idol 2nd Generation",TGFzdCBJZG9sIDJuZCBHZW5lcmF0aW9u,2018-04-15,,
"Last Idol 2nd Generation Under",TGFzdCBJZG9sIDJuZCBHZW5lcmF0aW9uIFVuZGVy,2018-04-15,,
"アルプスおとめ",44Ki44Or44OX44K544GK44Go44KB,2006-11-01,,
"Astrain",QXN0cmFpbg,2026-01-01,,
"Circle Lychee",Q2lyY2xlIEx5Y2hlZQ,2023-01-01,jpop_fandom_years,year
"Shirayuri to Ame",U2hpcmF5dXJpIHRvIEFtZQ,2024-04-11,,
"Sect",U2VjdA,2025-05-26,,
"Cerisier",Q2VyaXNpZXI,2017-12-10,,
"#DO RE MI FA SOL LA SEED",I0RPIFJFIE1JIEZBIFNPTCBMQSBTRUVE,2022-12-29,,
"Wagamama na Last Note",V2FnYW1hbWEgbmEgTGFzdCBOb3Rl,2025-06-03,,
"KAMO ga NEGI wo Shottekuru!!!",S0FNTyBnYSBORUdJIHdvIFNob3R0ZWt1cnUhISE,2016-04-01,,
"mai mai",bWFpIG1haQ,2021-09-23,,
"Sukiiro Drop",U3VraWlybyBEcm9w,2020-01-01,,
"Toriko Naru Prelude",VG9yaWtvIE5hcnUgUHJlbHVkZQ,2026-01-01,jpop_fandom_years,year
"Amaterasu",QW1hdGVyYXN1,2019-12-12,,
"UNLAME",VU5MQU1F,2023-01-01,jpop_fandom_years,year
"NoelliL",Tm9lbGxpTA,2015-12-01,,
"Solennel Company",U29sZW5uZWwgQ29tcGFueQ,2020-09-01,,
"COLOR'z",Q09MT1Ineg,2018-01-01,,
"37.2℃ -Nanadonibu-",MzcuMuKEgyAtTmFuYWRvbmlidS0,2019-11-11,,
"Junjou no Afilia",SnVuam91IG5vIEFmaWxpYQ,2017-08-30,,
"Houkago Princess",SG91a2FnbyBQcmluY2Vzcw,2014-05-22,,
"Kakedashi no Hikou Shoujo",S2FrZWRhc2hpIG5vIEhpa291IFNob3Vqbw,2019-01-01,jpop_fandom_years,year
"Artemis no Tsubasa",QXJ0ZW1pcyBubyBUc3ViYXNh,2020-10-01,,
"#Pentaprism",I1BlbnRhcHJpc20,2021-05-01,,
"KATACOTO * BANK",S0FUQUNPVE8gKiBCQU5L,2021-02-27,,
"Minichu",TWluaWNodQ,2015-01-01,jpop_fandom_years,year
"BOKU ha KIMI no KAKERA.",Qk9LVSBoYSBLSU1JIG5vIEtBS0VSQS4,2020-08-22,,
"4864.",NDg2NC4,2022-02-09,,
"AUGMENTAL",QVVHTUVOVEFM,2022-04-23,,
"1Eyeline",MUV5ZWxpbmU,2021-01-31,,
"Eureka",RXVyZWth,2023-04-01,,
"HAKUSULA",SEFLVVNVTEE,2023-06-10,,
"HACK",SEFDSw,2023-01-01,jpop_fandom_years,year
"MINORITY ALERT",TUlOT1JJVFkgQUxFUlQ,2022-11-09,,
"Hare Nochi Koi Moyou",SGFyZSBOb2NoaSBLb2kgTW95b3U,2023-04-22,,
"Hiragana SAY-LA",SGlyYWdhbmEgU0FZLUxB,2025-07-02,,
"HikuteAmata",SGlrdXRlQW1hdGE,2020-03-29,,
"Spopopopony",U3BvcG9wb3Bvbnk,2022-03-22,,
"&Ch!ll",JkNoIWxs,2019-09-23,,
"cUTe! cENTI-mENTAL",Y1VUZSEgY0VOVEktbUVOVEFM,2021-06-09,,
"Starlet",U3RhcmxldA,2024-09-07,,
"LARMOON",TEFSTU9PTg,2019-01-01,jpop_fandom_years,year
"Lovely☆DOLL",TG92ZWx54piGRE9MTA,2010-10-01,,
"Tokyo Yume Piyogumi",VG9reW8gWXVtZSBQaXlvZ3VtaQ,,,
"GRACiAS",R1JBQ2lBUw,2020-01-01,jpop_fandom_years,year
"momograci",bW9tb2dyYWNp,2021-03-30,,
"Momoiro Kakumei",TW9tb2lybyBLYWt1bWVp,2016-01-01,jpop_fandom_years,year
"METROPOLIS",TUVUUk9QT0xJUw,2014-01-01,,
"B.L.T. IDOL COLLEGE",Qi5MLlQuIElET0wgQ09MTEVHRQ,2009-01-01,jpop_fandom_years,year
"Survive-ZERO",U3Vydml2ZS1aRVJP,2006-01-01,,
"Yanchan Gakuen Ongakubu",WWFuY2hhbiBHYWt1ZW4gT25nYWt1YnU,2013-01-01,jpop_fandom_years,year
"Alcute!",QWxjdXRlIQ,2023-07-24,,
"Z5-C1",WjUtQzE,2021-08-14,,
"PrincessGarden-2GN-",UHJpbmNlc3NHYXJkZW4tMkdOLQ,2021-05-02,,
"rosé collage",cm9zw6kgY29sbGFnZQ,2022-01-16,,
"Station♪",U3RhdGlvbuKZqg,2011-09-25,,
"Katamomi Joshi",S2F0YW1vbWkgSm9zaGk,2012-01-01,jpop_fandom_years,year
"info.m@te",aW5mby5tQHRl,2015-06-01,,
"Wonder Weed Ten",V29uZGVyIFdlZWQgVGVu,2020-02-01,,
"buGG",YnVHRw,2017-09-01,,
"BACK THE RIPPER",QkFDSyBUSEUgUklQUEVS,2024-06-28,,
"Party chuuuN!",UGFydHkgY2h1dXVOIQ,2023-09-15,,
"KissBeeWEST",S2lzc0JlZVdFU1Q,2014-01-01,jpop_fandom_years,year
"Suteneko Cats",U3V0ZW5la28gQ2F0cw,2022-11-21,,
"M3LOGIN",TTNMT0dJTg,2025-10-04,,
"Sureness",U3VyZW5lc3M,2021-01-07,,
"Kore:ct",S29yZTpjdA,2018-09-01,,
"MIROKUNOROCK",TUlST0tVTk9ST0NL,2019-09-01,,
"Tsuki to Taiyou",VHN1a2kgdG8gVGFpeW91,2014-01-01,,
"Luna By Snap",THVuYSBCeSBTbmFw,2020-01-01,jpop_fandom_years,year
"Yokubari Sensation",WW9rdWJhcmkgU2Vuc2F0aW9u,2021-07-29,,
"husky",aHVza3k,2017-07-01,,
"PLANCK STARS",UExBTkNLIFNUQVJT,2018-12-31,,
"chuuum",Y2h1dXVt,2023-09-17,,
"Bokuseka",Qm9rdXNla2E,2021-10-02,,
"SKIRMISH",U0tJUk1JU0g,2018-01-01,,
"LUCY",TFVDWQ,2024-09-21,,
"MELTY HZ",TUVMVFkgSFo,2018-10-01,,
"postalgia",cG9zdGFsZ2lh,2020-12-12,,
"MagMell",TWFnTWVsbA,2023-04-10,,
"Chu☆Oh! Dolly",Q2h14piGT2ghIERvbGx5,2016-06-18,,
"Jelno!",SmVsbm8h,2014-01-01,jpop_fandom_years,year
"Stella☆Beats",U3RlbGxh4piGQmVhdHM,2014-01-01,jpop_fandom_years,year
"LoveKen",TG92ZUtlbg,2013-01-01,jpop_fandom_years,year
"BELLRING Shoujo Heart '22",QkVMTFJJTkcgU2hvdWpvIEhlYXJ0ICcyMg,2023-04-16,,
"THERE THERE THERES",VEhFUkUgVEhFUkUgVEhFUkVT,2017-01-01,,
"Seven Colors",U2V2ZW4gQ29sb3Jz,2012-08-10,,
"Shojotai",U2hvam90YWk,2015-04-01,,
"mignon",bWlnbm9u,2021-02-21,,
"SHANIMUNI PARADE",U0hBTklNVU5JIFBBUkFERQ,2020-08-30,,
"PIP",UElQ,2014-06-01,,
"ALLOVER",QUxMT1ZFUg,2013-04-01,,
"Bubble Bobbdie Gum!!",QnViYmxlIEJvYmJkaWUgR3VtISE,2019-04-15,,
"Goodbye for First kiss",R29vZGJ5ZSBmb3IgRmlyc3Qga2lzcw,2023-05-01,,
"Raydroid",UmF5ZHJvaWQ,2020-01-01,jpop_fandom_years,year
"Neon Rain",TmVvbiBSYWlu,2020-01-01,,
"100-YOKAI",MTAwLVlPS0FJ,2020-02-01,,
"Kitto Zutto Seishun.",S2l0dG8gWnV0dG8gU2Vpc2h1bi4,2022-11-01,,
"Kitsunebi",S2l0c3VuZWJp,2020-11-05,,
"Sengoku Animal Gokuraku Joudo",U2VuZ29rdSBBbmltYWwgR29rdXJha3UgSm91ZG8,2018-10-01,,
"astraia*",YXN0cmFpYSo,2018-05-01,,
"BABY TO KISS",QkFCWSBUTyBLSVNT,2017-01-01,jpop_fandom_years,year
"MILLION＄PARADE",TUlMTElPTu-8hFBBUkFERQ,2022-01-17,,
"Mecha High",TWVjaGEgSGlnaA,2012-01-01,jpop_fandom_years,year
"Strawberry Syndrome",U3RyYXdiZXJyeSBTeW5kcm9tZQ,2016-01-01,jpop_fandom_years,year
"DOPING BERRY",RE9QSU5HIEJFUlJZ,2016-01-01,jpop_fandom_years,year
"Odoro",T2Rvcm8,2017-09-30,,
"BugMEME",QnVnTUVNRQ,2020-04-04,,
"FANTASIA",RkFOVEFTSUE,2021-12-30,,
"FILL ME TRAX",RklMTCBNRSBUUkFY,2022-12-21,,
"403ERROR",NDAzRVJST1I,2017-01-01,,
"Nemuleap",TmVtdWxlYXA,2022-08-06,,
"SUDDENDEATH",U1VEREVOREVBVEg,2018-12-01,,
"プティパ",44OX44OG44Kj44OR,2013-09-01,,
"フルコース",RnVsbCBDb3Vyc2U,2026-02-15,,
"ハルカエコー",82c6703f-0d5d-4b54-972d-232437a3b991,2026-04-09,,
"ヒロインズ研究生大阪",dff1e0bf-9b5e-4a9c-85db-5379cafb7513,2025-06-25,,
"Pastel Closet",3470f280-df87-4c34-addb-7d4a7c52106a,2025-07-27,,
"MOBIUS",TU9CSVVT,2019-01-01,jpop_fandom_years,year
"妄愛グラビティ",5aaE5oSb44Kw44Op44OT44OG44Kj,2019-01-01,jpop_fandom_years,year
"鵺",6bW6,2018-01-01,jpop_fandom_years,year
"iLiFE!候補生",aUxpRkUh5YCZ6KOc55Sf,2024-01-01,jpop_fandom_years,year
"なう♡すとれーじ",Tm93U3RvcmFnZQ,2026-07-06,,
