member_uid,member_name,group_uid,group_name,age,age_youth,age_experience,age_senior,idol_signal,group_signal,role_weights_0_to_5,stat,manual,baseline,semantic_prior,learned,baseline_error,semantic_prior_error,learned_error,learned_abs_error
dcc951b3-55bf-4065-bb30-2a78b769a0b4,大谷映美里,PUxPVkU,=LOVE,27,0,0.9,0.2,0.8891,0.8241,center:1;content:5;streaming:2;style:5,physical.strength,,19,19,15,,,,
dcc951b3-55bf-4065-bb30-2a78b769a0b4,大谷映美里,PUxPVkU,=LOVE,27,0,0.9,0.2,0.8891,0.8241,center:1;content:5;streaming:2;style:5,physical.agility,,18,18,20,,,,
dcc951b3-55bf-4065-bb30-2a78b769a0b4,大谷映美里,PUxPVkU,=LOVE,27,0,0.9,0.2,0.8891,0.8241,center:1;content:5;streaming:2;style:5,physical.natural_fitness,,17,17,16,,,,
dcc951b3-55bf-4065-bb30-2a78b769a0b4,大谷映美里,PUxPVkU,=LOVE,27,0,0.9,0.2,0.8891,0.8241,center:1;content:5;streaming:2;style:5,physical.stamina,,19,19,20,,,,
dcc951b3-55bf-4065-bb30-2a78b769a0b4,大谷映美里,PUxPVkU,=LOVE,27,0,0.9,0.2,0.8891,0.8241,center:1;content:5;streaming:2;style:5,appearance.cute,,20,20,20,,,,
dcc951b3-55bf-4065-bb30-2a78b769a0b4,大谷映美里,PUxPVkU,=LOVE,27,0,0.9,0.2,0.8891,0.8241,center:1;content:5;streaming:2;style:5,appearance.pretty,,17,20,18,,,,
dcc951b3-55bf-4065-bb30-2a78b769a0b4,大谷映美里,PUxPVkU,=LOVE,27,0,0.9,0.2,0.8891,0.8241,center:1;content:5;streaming:2;style:5,technical.pitch,,20,20,20,,,,
dcc951b3-55bf-4065-bb30-2a78b769a0b4,大谷映美里,PUxPVkU,=LOVE,27,0,0.9,0.2,0.8891,0.8241,center:1;content:5;streaming:2;style:5,technical.tone,,20,20,19,,,,
dcc951b3-55bf-4065-bb30-2a78b769a0b4,大谷映美里,PUxPVkU,=LOVE,27,0,0.9,0.2,0.8891,0.8241,center:1;content:5;streaming:2;style:5,technical.breath,,20,20,20,,,,
dcc951b3-55bf-4065-bb30-2a78b769a0b4,大谷映美里,PUxPVkU,=LOVE,27,0,0.9,0.2,0.8891,0.8241,center:1;content:5;streaming:2;style:5,technical.rhythm,,18,18,16,,,,
dcc951b3-55bf-4065-bb30-2a78b769a0b4,大谷映美里,PUxPVkU,=LOVE,27,0,0.9,0.2,0.8891,0.8241,center:1;content:5;streaming:2;style:5,technical.power,,18,18,20,,,,
dcc951b3-55bf-4065-bb30-2a78b769a0b4,大谷映美里,PUxPVkU,=LOVE,27,0,0.9,0.2,0.8891,0.8241,center:1;content:5;streaming:2;style:5,technical.grace,,19,20,20,,,,
dcc951b3-55bf-4065-bb30-2a78b769a0b4,大谷映美里,PUxPVkU,=LOVE,27,0,0.9,0.2,0.8891,0.8241,center:1;content:5;streaming:2;style:5,mental.clever,,16,19,8,,,,
dcc951b3-55bf-4065-bb30-2a78b769a0b4,大谷映美里,PUxPVkU,=LOVE,27,0,0.9,0.2,0.8891,0.8241,center:1;content:5;streaming:2;style:5,mental.humor,,20,20,20,,,,
dcc951b3-55bf-4065-bb30-2a78b769a0b4,大谷映美里,PUxPVkU,=LOVE,27,0,0.9,0.2,0.8891,0.8241,center:1;content:5;streaming:2;style:5,mental.talking,,19,20,14,,,,
dcc951b3-55bf-4065-bb30-2a78b769a0b4,大谷映美里,PUxPVkU,=LOVE,27,0,0.9,0.2,0.8891,0.8241,center:1;content:5;streaming:2;style:5,mental.determination,,19,20,16,,,,
dcc951b3-55bf-4065-bb30-2a78b769a0b4,大谷映美里,PUxPVkU,=LOVE,27,0,0.9,0.2,0.8891,0.8241,center:1;content:5;streaming:2;style:5,mental.teamwork,,18,19,19,,,,
dcc951b3-55bf-4065-bb30-2a78b769a0b4,大谷映美里,PUxPVkU,=LOVE,27,0,0.9,0.2,0.8891,0.8241,center:1;content:5;streaming:2;style:5,mental.fashion,,15,18,20,,,,
f6847b46-eae4-43ef-8f54-3865d1dc94a9,大場花菜,PUxPVkU,=LOVE,25,0,0.7,0,0.805,0.8241,host:1;content:1;streaming:3;call_leader:4,physical.strength,17,19,19,17,2,2,0,0
f6847b46-eae4-43ef-8f54-3865d1dc94a9,大場花菜,PUxPVkU,=LOVE,25,0,0.7,0,0.805,0.8241,host:1;content:1;streaming:3;call_leader:4,physical.agility,16,20,20,16,4,4,0,0
f6847b46-eae4-43ef-8f54-3865d1dc94a9,大場花菜,PUxPVkU,=LOVE,25,0,0.7,0,0.805,0.8241,host:1;content:1;streaming:3;call_leader:4,physical.natural_fitness,17,17,17,17,0,0,0,0
f6847b46-eae4-43ef-8f54-3865d1dc94a9,大場花菜,PUxPVkU,=LOVE,25,0,0.7,0,0.805,0.8241,host:1;content:1;streaming:3;call_leader:4,physical.stamina,16,16,17,16,0,1,0,0
f6847b46-eae4-43ef-8f54-3865d1dc94a9,大場花菜,PUxPVkU,=LOVE,25,0,0.7,0,0.805,0.8241,host:1;content:1;streaming:3;call_leader:4,appearance.cute,15,19,19,15,4,4,0,0
f6847b46-eae4-43ef-8f54-3865d1dc94a9,大場花菜,PUxPVkU,=LOVE,25,0,0.7,0,0.805,0.8241,host:1;content:1;streaming:3;call_leader:4,appearance.pretty,17,15,15,17,-2,-2,0,0
f6847b46-eae4-43ef-8f54-3865d1dc94a9,大場花菜,PUxPVkU,=LOVE,25,0,0.7,0,0.805,0.8241,host:1;content:1;streaming:3;call_leader:4,technical.pitch,16,20,20,17,4,4,1,1
f6847b46-eae4-43ef-8f54-3865d1dc94a9,大場花菜,PUxPVkU,=LOVE,25,0,0.7,0,0.805,0.8241,host:1;content:1;streaming:3;call_leader:4,technical.tone,16,20,20,17,4,4,1,1
f6847b46-eae4-43ef-8f54-3865d1dc94a9,大場花菜,PUxPVkU,=LOVE,25,0,0.7,0,0.805,0.8241,host:1;content:1;streaming:3;call_leader:4,technical.breath,14,20,20,16,6,6,2,2
f6847b46-eae4-43ef-8f54-3865d1dc94a9,大場花菜,PUxPVkU,=LOVE,25,0,0.7,0,0.805,0.8241,host:1;content:1;streaming:3;call_leader:4,technical.rhythm,16,20,20,17,4,4,1,1
f6847b46-eae4-43ef-8f54-3865d1dc94a9,大場花菜,PUxPVkU,=LOVE,25,0,0.7,0,0.805,0.8241,host:1;content:1;streaming:3;call_leader:4,technical.power,17,20,20,18,3,3,1,1
f6847b46-eae4-43ef-8f54-3865d1dc94a9,大場花菜,PUxPVkU,=LOVE,25,0,0.7,0,0.805,0.8241,host:1;content:1;streaming:3;call_leader:4,technical.grace,16,19,19,16,3,3,0,0
f6847b46-eae4-43ef-8f54-3865d1dc94a9,大場花菜,PUxPVkU,=LOVE,25,0,0.7,0,0.805,0.8241,host:1;content:1;streaming:3;call_leader:4,mental.clever,15,19,20,14,4,5,-1,1
f6847b46-eae4-43ef-8f54-3865d1dc94a9,大場花菜,PUxPVkU,=LOVE,25,0,0.7,0,0.805,0.8241,host:1;content:1;streaming:3;call_leader:4,mental.humor,17,20,20,17,3,3,0,0
f6847b46-eae4-43ef-8f54-3865d1dc94a9,大場花菜,PUxPVkU,=LOVE,25,0,0.7,0,0.805,0.8241,host:1;content:1;streaming:3;call_leader:4,mental.talking,17,17,20,16,0,3,-1,1
f6847b46-eae4-43ef-8f54-3865d1dc94a9,大場花菜,PUxPVkU,=LOVE,25,0,0.7,0,0.805,0.8241,host:1;content:1;streaming:3;call_leader:4,mental.determination,16,20,20,17,4,4,1,1
f6847b46-eae4-43ef-8f54-3865d1dc94a9,大場花菜,PUxPVkU,=LOVE,25,0,0.7,0,0.805,0.8241,host:1;content:1;streaming:3;call_leader:4,mental.teamwork,16,16,17,16,0,1,0,0
f6847b46-eae4-43ef-8f54-3865d1dc94a9,大場花菜,PUxPVkU,=LOVE,25,0,0.7,0,0.805,0.8241,host:1;content:1;streaming:3;call_leader:4,mental.fashion,16,17,17,16,1,1,0,0
9cf08bc4-2aee-4745-80a6-2262e61d3b32,音嶋莉沙,PUxPVkU,=LOVE,26,0,0.8,0.1,0.7953,0.8241,content:1;streaming:2;style:4,physical.strength,14,14,14,14,0,0,0,0
9cf08bc4-2aee-4745-80a6-2262e61d3b32,音嶋莉沙,PUxPVkU,=LOVE,26,0,0.8,0.1,0.7953,0.8241,content:1;streaming:2;style:4,physical.agility,18,15,15,18,-3,-3,0,0
9cf08bc4-2aee-4745-80a6-2262e61d3b32,音嶋莉沙,PUxPVkU,=LOVE,26,0,0.8,0.1,0.7953,0.8241,content:1;streaming:2;style:4,physical.natural_fitness,17,17,17,17,0,0,0,0
9cf08bc4-2aee-4745-80a6-2262e61d3b32,音嶋莉沙,PUxPVkU,=LOVE,26,0,0.8,0.1,0.7953,0.8241,content:1;streaming:2;style:4,physical.stamina,16,15,15,16,-1,-1,0,0
9cf08bc4-2aee-4745-80a6-2262e61d3b32,音嶋莉沙,PUxPVkU,=LOVE,26,0,0.8,0.1,0.7953,0.8241,content:1;streaming:2;style:4,appearance.cute,16,18,20,16,2,4,0,0
9cf08bc4-2aee-4745-80a6-2262e61d3b32,音嶋莉沙,PUxPVkU,=LOVE,26,0,0.8,0.1,0.7953,0.8241,content:1;streaming:2;style:4,appearance.pretty,18,16,18,18,-2,0,0,0
9cf08bc4-2aee-4745-80a6-2262e61d3b32,音嶋莉沙,PUxPVkU,=LOVE,26,0,0.8,0.1,0.7953,0.8241,content:1;streaming:2;style:4,technical.pitch,15,14,14,15,-1,-1,0,0
9cf08bc4-2aee-4745-80a6-2262e61d3b32,音嶋莉沙,PUxPVkU,=LOVE,26,0,0.8,0.1,0.7953,0.8241,content:1;streaming:2;style:4,technical.tone,16,16,16,16,0,0,0,0
9cf08bc4-2aee-4745-80a6-2262e61d3b32,音嶋莉沙,PUxPVkU,=LOVE,26,0,0.8,0.1,0.7953,0.8241,content:1;streaming:2;style:4,technical.breath,16,16,16,16,0,0,0,0
9cf08bc4-2aee-4745-80a6-2262e61d3b32,音嶋莉沙,PUxPVkU,=LOVE,26,0,0.8,0.1,0.7953,0.8241,content:1;streaming:2;style:4,technical.rhythm,17,17,17,17,0,0,0,0
9cf08bc4-2aee-4745-80a6-2262e61d3b32,音嶋莉沙,PUxPVkU,=LOVE,26,0,0.8,0.1,0.7953,0.8241,content:1;streaming:2;style:4,technical.power,16,13,13,16,-3,-3,0,0
9cf08bc4-2aee-4745-80a6-2262e61d3b32,音嶋莉沙,PUxPVkU,=LOVE,26,0,0.8,0.1,0.7953,0.8241,content:1;streaming:2;style:4,technical.grace,18,13,13,18,-5,-5,0,0
9cf08bc4-2aee-4745-80a6-2262e61d3b32,音嶋莉沙,PUxPVkU,=LOVE,26,0,0.8,0.1,0.7953,0.8241,content:1;streaming:2;style:4,mental.clever,15,18,19,15,3,4,0,0
9cf08bc4-2aee-4745-80a6-2262e61d3b32,音嶋莉沙,PUxPVkU,=LOVE,26,0,0.8,0.1,0.7953,0.8241,content:1;streaming:2;style:4,mental.humor,15,15,16,15,0,1,0,0
9cf08bc4-2aee-4745-80a6-2262e61d3b32,音嶋莉沙,PUxPVkU,=LOVE,26,0,0.8,0.1,0.7953,0.8241,content:1;streaming:2;style:4,mental.talking,15,18,20,15,3,5,0,0
9cf08bc4-2aee-4745-80a6-2262e61d3b32,音嶋莉沙,PUxPVkU,=LOVE,26,0,0.8,0.1,0.7953,0.8241,content:1;streaming:2;style:4,mental.determination,16,20,20,16,4,4,0,0
9cf08bc4-2aee-4745-80a6-2262e61d3b32,音嶋莉沙,PUxPVkU,=LOVE,26,0,0.8,0.1,0.7953,0.8241,content:1;streaming:2;style:4,mental.teamwork,15,15,16,15,0,1,0,0
9cf08bc4-2aee-4745-80a6-2262e61d3b32,音嶋莉沙,PUxPVkU,=LOVE,26,0,0.8,0.1,0.7953,0.8241,content:1;streaming:2;style:4,mental.fashion,20,16,18,20,-4,-2,0,0
b1a65b5b-436f-4f12-b345-147bd51a18fd,齋藤樹愛羅,PUxPVkU,=LOVE,20,0.3333,0.2,0,0.8515,0.8241,center:2;lead_singer:3;lead_dancer:3;host:2;content:3,physical.strength,17,20,20,18,3,3,1,1
b1a65b5b-436f-4f12-b345-147bd51a18fd,齋藤樹愛羅,PUxPVkU,=LOVE,20,0.3333,0.2,0,0.8515,0.8241,center:2;lead_singer:3;lead_dancer:3;host:2;content:3,physical.agility,19,20,20,19,1,1,0,0
b1a65b5b-436f-4f12-b345-147bd51a18fd,齋藤樹愛羅,PUxPVkU,=LOVE,20,0.3333,0.2,0,0.8515,0.8241,center:2;lead_singer:3;lead_dancer:3;host:2;content:3,physical.natural_fitness,17,17,18,17,0,1,0,0
b1a65b5b-436f-4f12-b345-147bd51a18fd,齋藤樹愛羅,PUxPVkU,=LOVE,20,0.3333,0.2,0,0.8515,0.8241,center:2;lead_singer:3;lead_dancer:3;host:2;content:3,physical.stamina,17,15,16,17,-2,-1,0,0
b1a65b5b-436f-4f12-b345-147bd51a18fd,齋藤樹愛羅,PUxPVkU,=LOVE,20,0.3333,0.2,0,0.8515,0.8241,center:2;lead_singer:3;lead_dancer:3;host:2;content:3,appearance.cute,18,16,18,18,-2,0,0,0
b1a65b5b-436f-4f12-b345-147bd51a18fd,齋藤樹愛羅,PUxPVkU,=LOVE,20,0.3333,0.2,0,0.8515,0.8241,center:2;lead_singer:3;lead_dancer:3;host:2;content:3,appearance.pretty,16,20,20,16,4,4,0,0
b1a65b5b-436f-4f12-b345-147bd51a18fd,齋藤樹愛羅,PUxPVkU,=LOVE,20,0.3333,0.2,0,0.8515,0.8241,center:2;lead_singer:3;lead_dancer:3;host:2;content:3,technical.pitch,17,15,17,17,-2,0,0,0
b1a65b5b-436f-4f12-b345-147bd51a18fd,齋藤樹愛羅,PUxPVkU,=LOVE,20,0.3333,0.2,0,0.8515,0.8241,center:2;lead_singer:3;lead_dancer:3;host:2;content:3,technical.tone,19,19,20,19,0,1,0,0
b1a65b5b-436f-4f12-b345-147bd51a18fd,齋藤樹愛羅,PUxPVkU,=LOVE,20,0.3333,0.2,0,0.8515,0.8241,center:2;lead_singer:3;lead_dancer:3;host:2;content:3,technical.breath,19,16,18,20,-3,-1,1,1
b1a65b5b-436f-4f12-b345-147bd51a18fd,齋藤樹愛羅,PUxPVkU,=LOVE,20,0.3333,0.2,0,0.8515,0.8241,center:2;lead_singer:3;lead_dancer:3;host:2;content:3,technical.rhythm,19,20,20,20,1,1,1,1
b1a65b5b-436f-4f12-b345-147bd51a18fd,齋藤樹愛羅,PUxPVkU,=LOVE,20,0.3333,0.2,0,0.8515,0.8241,center:2;lead_singer:3;lead_dancer:3;host:2;content:3,technical.power,18,17,19,18,-1,1,0,0
b1a65b5b-436f-4f12-b345-147bd51a18fd,齋藤樹愛羅,PUxPVkU,=LOVE,20,0.3333,0.2,0,0.8515,0.8241,center:2;lead_singer:3;lead_dancer:3;host:2;content:3,technical.grace,19,17,19,19,-2,0,0,0
b1a65b5b-436f-4f12-b345-147bd51a18fd,齋藤樹愛羅,PUxPVkU,=LOVE,20,0.3333,0.2,0,0.8515,0.8241,center:2;lead_singer:3;lead_dancer:3;host:2;content:3,mental.clever,15,15,17,15,0,2,0,0
b1a65b5b-436f-4f12-b345-147bd51a18fd,齋藤樹愛羅,PUxPVkU,=LOVE,20,0.3333,0.2,0,0.8515,0.8241,center:2;lead_singer:3;lead_dancer:3;host:2;content:3,mental.humor,18,16,18,18,-2,0,0,0
b1a65b5b-436f-4f12-b345-147bd51a18fd,齋藤樹愛羅,PUxPVkU,=LOVE,20,0.3333,0.2,0,0.8515,0.8241,center:2;lead_singer:3;lead_dancer:3;host:2;content:3,mental.talking,17,19,20,17,2,3,0,0
b1a65b5b-436f-4f12-b345-147bd51a18fd,齋藤樹愛羅,PUxPVkU,=LOVE,20,0.3333,0.2,0,0.8515,0.8241,center:2;lead_singer:3;lead_dancer:3;host:2;content:3,mental.determination,16,16,17,17,0,1,1,1
b1a65b5b-436f-4f12-b345-147bd51a18fd,齋藤樹愛羅,PUxPVkU,=LOVE,20,0.3333,0.2,0,0.8515,0.8241,center:2;lead_singer:3;lead_dancer:3;host:2;content:3,mental.teamwork,15,15,16,15,0,1,0,0
b1a65b5b-436f-4f12-b345-147bd51a18fd,齋藤樹愛羅,PUxPVkU,=LOVE,20,0.3333,0.2,0,0.8515,0.8241,center:2;lead_singer:3;lead_dancer:3;host:2;content:3,mental.fashion,18,18,18,18,0,0,0,0
41558c44-2be4-4992-9684-9431a17f0243,佐々木舞香,PUxPVkU,=LOVE,25,0,0.7,0,0.8988,0.8241,leader:3;center:5;lead_singer:5;host:3;content:2,physical.strength,16,19,19,16,3,3,0,0
41558c44-2be4-4992-9684-9431a17f0243,佐々木舞香,PUxPVkU,=LOVE,25,0,0.7,0,0.8988,0.8241,leader:3;center:5;lead_singer:5;host:3;content:2,physical.agility,16,20,20,17,4,4,1,1
41558c44-2be4-4992-9684-9431a17f0243,佐々木舞香,PUxPVkU,=LOVE,25,0,0.7,0,0.8988,0.8241,leader:3;center:5;lead_singer:5;host:3;content:2,physical.natural_fitness,18,20,20,19,2,2,1,1
41558c44-2be4-4992-9684-9431a17f0243,佐々木舞香,PUxPVkU,=LOVE,25,0,0.7,0,0.8988,0.8241,leader:3;center:5;lead_singer:5;host:3;content:2,physical.stamina,16,16,16,16,0,0,0,0
41558c44-2be4-4992-9684-9431a17f0243,佐々木舞香,PUxPVkU,=LOVE,25,0,0.7,0,0.8988,0.8241,leader:3;center:5;lead_singer:5;host:3;content:2,appearance.cute,17,18,20,17,1,3,0,0
41558c44-2be4-4992-9684-9431a17f0243,佐々木舞香,PUxPVkU,=LOVE,25,0,0.7,0,0.8988,0.8241,leader:3;center:5;lead_singer:5;host:3;content:2,appearance.pretty,19,18,20,19,-1,1,0,0
41558c44-2be4-4992-9684-9431a17f0243,佐々木舞香,PUxPVkU,=LOVE,25,0,0.7,0,0.8988,0.8241,leader:3;center:5;lead_singer:5;host:3;content:2,technical.pitch,19,19,20,19,0,1,0,0
41558c44-2be4-4992-9684-9431a17f0243,佐々木舞香,PUxPVkU,=LOVE,25,0,0.7,0,0.8988,0.8241,leader:3;center:5;lead_singer:5;host:3;content:2,technical.tone,20,20,20,20,0,0,0,0
41558c44-2be4-4992-9684-9431a17f0243,佐々木舞香,PUxPVkU,=LOVE,25,0,0.7,0,0.8988,0.8241,leader:3;center:5;lead_singer:5;host:3;content:2,technical.breath,20,19,20,18,-1,0,-2,2
41558c44-2be4-4992-9684-9431a17f0243,佐々木舞香,PUxPVkU,=LOVE,25,0,0.7,0,0.8988,0.8241,leader:3;center:5;lead_singer:5;host:3;content:2,technical.rhythm,19,20,20,19,1,1,0,0
41558c44-2be4-4992-9684-9431a17f0243,佐々木舞香,PUxPVkU,=LOVE,25,0,0.7,0,0.8988,0.8241,leader:3;center:5;lead_singer:5;host:3;content:2,technical.power,17,20,20,17,3,3,0,0
41558c44-2be4-4992-9684-9431a17f0243,佐々木舞香,PUxPVkU,=LOVE,25,0,0.7,0,0.8988,0.8241,leader:3;center:5;lead_singer:5;host:3;content:2,technical.grace,17,20,20,18,3,3,1,1
41558c44-2be4-4992-9684-9431a17f0243,佐々木舞香,PUxPVkU,=LOVE,25,0,0.7,0,0.8988,0.8241,leader:3;center:5;lead_singer:5;host:3;content:2,mental.clever,16,20,20,18,4,4,2,2
41558c44-2be4-4992-9684-9431a17f0243,佐々木舞香,PUxPVkU,=LOVE,25,0,0.7,0,0.8988,0.8241,leader:3;center:5;lead_singer:5;host:3;content:2,mental.humor,14,14,16,14,0,2,0,0
41558c44-2be4-4992-9684-9431a17f0243,佐々木舞香,PUxPVkU,=LOVE,25,0,0.7,0,0.8988,0.8241,leader:3;center:5;lead_singer:5;host:3;content:2,mental.talking,17,15,19,18,-2,2,1,1
41558c44-2be4-4992-9684-9431a17f0243,佐々木舞香,PUxPVkU,=LOVE,25,0,0.7,0,0.8988,0.8241,leader:3;center:5;lead_singer:5;host:3;content:2,mental.determination,17,18,20,16,1,3,-1,1
41558c44-2be4-4992-9684-9431a17f0243,佐々木舞香,PUxPVkU,=LOVE,25,0,0.7,0,0.8988,0.8241,leader:3;center:5;lead_singer:5;host:3;content:2,mental.teamwork,18,18,20,18,0,2,0,0
41558c44-2be4-4992-9684-9431a17f0243,佐々木舞香,PUxPVkU,=LOVE,25,0,0.7,0,0.8988,0.8241,leader:3;center:5;lead_singer:5;host:3;content:2,mental.fashion,16,14,14,15,-2,-2,-1,1
ad9ef028-1108-471b-b29a-f24be9815af4,髙松瞳,PUxPVkU,=LOVE,24,0,0.6,0,0.849,0.8241,leader:3;center:3;lead_singer:3;host:3;content:2;streaming:3,physical.strength,18,20,20,18,2,2,0,0
ad9ef028-1108-471b-b29a-f24be9815af4,髙松瞳,PUxPVkU,=LOVE,24,0,0.6,0,0.849,0.8241,leader:3;center:3;lead_singer:3;host:3;content:2;streaming:3,physical.agility,17,16,16,16,-1,-1,-1,1
ad9ef028-1108-471b-b29a-f24be9815af4,髙松瞳,PUxPVkU,=LOVE,24,0,0.6,0,0.849,0.8241,leader:3;center:3;lead_singer:3;host:3;content:2;streaming:3,physical.natural_fitness,19,16,16,17,-3,-3,-2,2
ad9ef028-1108-471b-b29a-f24be9815af4,髙松瞳,PUxPVkU,=LOVE,24,0,0.6,0,0.849,0.8241,leader:3;center:3;lead_singer:3;host:3;content:2;streaming:3,physical.stamina,17,16,16,16,-1,-1,-1,1
ad9ef028-1108-471b-b29a-f24be9815af4,髙松瞳,PUxPVkU,=LOVE,24,0,0.6,0,0.849,0.8241,leader:3;center:3;lead_singer:3;host:3;content:2;streaming:3,appearance.cute,15,15,17,15,0,2,0,0
ad9ef028-1108-471b-b29a-f24be9815af4,髙松瞳,PUxPVkU,=LOVE,24,0,0.6,0,0.849,0.8241,leader:3;center:3;lead_singer:3;host:3;content:2;streaming:3,appearance.pretty,18,18,20,18,0,2,0,0
ad9ef028-1108-471b-b29a-f24be9815af4,髙松瞳,PUxPVkU,=LOVE,24,0,0.6,0,0.849,0.8241,leader:3;center:3;lead_singer:3;host:3;content:2;streaming:3,technical.pitch,16,17,19,16,1,3,0,0
ad9ef028-1108-471b-b29a-f24be9815af4,髙松瞳,PUxPVkU,=LOVE,24,0,0.6,0,0.849,0.8241,leader:3;center:3;lead_singer:3;host:3;content:2;streaming:3,technical.tone,18,19,20,18,1,2,0,0
ad9ef028-1108-471b-b29a-f24be9815af4,髙松瞳,PUxPVkU,=LOVE,24,0,0.6,0,0.849,0.8241,leader:3;center:3;lead_singer:3;host:3;content:2;streaming:3,technical.breath,15,18,20,18,3,5,3,3
ad9ef028-1108-471b-b29a-f24be9815af4,髙松瞳,PUxPVkU,=LOVE,24,0,0.6,0,0.849,0.8241,leader:3;center:3;lead_singer:3;host:3;content:2;streaming:3,technical.rhythm,18,20,20,18,2,2,0,0
ad9ef028-1108-471b-b29a-f24be9815af4,髙松瞳,PUxPVkU,=LOVE,24,0,0.6,0,0.849,0.8241,leader:3;center:3;lead_singer:3;host:3;content:2;streaming:3,technical.power,17,20,20,17,3,3,0,0
ad9ef028-1108-471b-b29a-f24be9815af4,髙松瞳,PUxPVkU,=LOVE,24,0,0.6,0,0.849,0.8241,leader:3;center:3;lead_singer:3;host:3;content:2;streaming:3,technical.grace,18,20,20,17,2,2,-1,1
ad9ef028-1108-471b-b29a-f24be9815af4,髙松瞳,PUxPVkU,=LOVE,24,0,0.6,0,0.849,0.8241,leader:3;center:3;lead_singer:3;host:3;content:2;streaming:3,mental.clever,19,15,18,16,-4,-1,-3,3
ad9ef028-1108-471b-b29a-f24be9815af4,髙松瞳,PUxPVkU,=LOVE,24,0,0.6,0,0.849,0.8241,leader:3;center:3;lead_singer:3;host:3;content:2;streaming:3,mental.humor,20,18,20,19,-2,0,-1,1
ad9ef028-1108-471b-b29a-f24be9815af4,髙松瞳,PUxPVkU,=LOVE,24,0,0.6,0,0.849,0.8241,leader:3;center:3;lead_singer:3;host:3;content:2;streaming:3,mental.talking,18,14,20,17,-4,2,-1,1
ad9ef028-1108-471b-b29a-f24be9815af4,髙松瞳,PUxPVkU,=LOVE,24,0,0.6,0,0.849,0.8241,leader:3;center:3;lead_singer:3;host:3;content:2;streaming:3,mental.determination,16,20,20,17,4,4,1,1
ad9ef028-1108-471b-b29a-f24be9815af4,髙松瞳,PUxPVkU,=LOVE,24,0,0.6,0,0.849,0.8241,leader:3;center:3;lead_singer:3;host:3;content:2;streaming:3,mental.teamwork,19,19,20,20,0,1,1,1
ad9ef028-1108-471b-b29a-f24be9815af4,髙松瞳,PUxPVkU,=LOVE,24,0,0.6,0,0.849,0.8241,leader:3;center:3;lead_singer:3;host:3;content:2;streaming:3,mental.fashion,16,20,20,17,4,4,1,1
4e162c95-e9a1-463d-b825-73326ca6748e,瀧脇笙古,PUxPVkU,=LOVE,23,0,0.5,0,0.786,0.8241,content:2;streaming:4;call_leader:2,physical.strength,17,18,18,17,1,1,0,0
4e162c95-e9a1-463d-b825-73326ca6748e,瀧脇笙古,PUxPVkU,=LOVE,23,0,0.5,0,0.786,0.8241,content:2;streaming:4;call_leader:2,physical.agility,16,18,18,17,2,2,1,1
4e162c95-e9a1-463d-b825-73326ca6748e,瀧脇笙古,PUxPVkU,=LOVE,23,0,0.5,0,0.786,0.8241,content:2;streaming:4;call_leader:2,physical.natural_fitness,19,19,19,20,0,0,1,1
4e162c95-e9a1-463d-b825-73326ca6748e,瀧脇笙古,PUxPVkU,=LOVE,23,0,0.5,0,0.786,0.8241,content:2;streaming:4;call_leader:2,physical.stamina,20,19,19,20,-1,-1,0,0
4e162c95-e9a1-463d-b825-73326ca6748e,瀧脇笙古,PUxPVkU,=LOVE,23,0,0.5,0,0.786,0.8241,content:2;streaming:4;call_leader:2,appearance.cute,16,16,16,16,0,0,0,0
4e162c95-e9a1-463d-b825-73326ca6748e,瀧脇笙古,PUxPVkU,=LOVE,23,0,0.5,0,0.786,0.8241,content:2;streaming:4;call_leader:2,appearance.pretty,16,16,16,16,0,0,0,0
4e162c95-e9a1-463d-b825-73326ca6748e,瀧脇笙古,PUxPVkU,=LOVE,23,0,0.5,0,0.786,0.8241,content:2;streaming:4;call_leader:2,technical.pitch,16,15,15,15,-1,-1,-1,1
4e162c95-e9a1-463d-b825-73326ca6748e,瀧脇笙古,PUxPVkU,=LOVE,23,0,0.5,0,0.786,0.8241,content:2;streaming:4;call_leader:2,technical.tone,16,17,17,15,1,1,-1,1
4e162c95-e9a1-463d-b825-73326ca6748e,瀧脇笙古,PUxPVkU,=LOVE,23,0,0.5,0,0.786,0.8241,content:2;streaming:4;call_leader:2,technical.breath,20,13,13,16,-7,-7,-4,4
4e162c95-e9a1-463d-b825-73326ca6748e,瀧脇笙古,PUxPVkU,=LOVE,23,0,0.5,0,0.786,0.8241,content:2;streaming:4;call_leader:2,technical.rhythm,15,17,17,14,2,2,-1,1
4e162c95-e9a1-463d-b825-73326ca6748e,瀧脇笙古,PUxPVkU,=LOVE,23,0,0.5,0,0.786,0.8241,content:2;streaming:4;call_leader:2,technical.power,16,17,17,15,1,1,-1,1
4e162c95-e9a1-463d-b825-73326ca6748e,瀧脇笙古,PUxPVkU,=LOVE,23,0,0.5,0,0.786,0.8241,content:2;streaming:4;call_leader:2,technical.grace,16,18,18,16,2,2,0,0
4e162c95-e9a1-463d-b825-73326ca6748e,瀧脇笙古,PUxPVkU,=LOVE,23,0,0.5,0,0.786,0.8241,content:2;streaming:4;call_leader:2,mental.clever,15,20,20,17,5,5,2,2
4e162c95-e9a1-463d-b825-73326ca6748e,瀧脇笙古,PUxPVkU,=LOVE,23,0,0.5,0,0.786,0.8241,content:2;streaming:4;call_leader:2,mental.humor,16,16,18,16,0,2,0,0
4e162c95-e9a1-463d-b825-73326ca6748e,瀧脇笙古,PUxPVkU,=LOVE,23,0,0.5,0,0.786,0.8241,content:2;streaming:4;call_leader:2,mental.talking,16,19,20,17,3,4,1,1
4e162c95-e9a1-463d-b825-73326ca6748e,瀧脇笙古,PUxPVkU,=LOVE,23,0,0.5,0,0.786,0.8241,content:2;streaming:4;call_leader:2,mental.determination,18,18,19,16,0,1,-2,2
4e162c95-e9a1-463d-b825-73326ca6748e,瀧脇笙古,PUxPVkU,=LOVE,23,0,0.5,0,0.786,0.8241,content:2;streaming:4;call_leader:2,mental.teamwork,16,16,17,16,0,1,0,0
4e162c95-e9a1-463d-b825-73326ca6748e,瀧脇笙古,PUxPVkU,=LOVE,23,0,0.5,0,0.786,0.8241,content:2;streaming:4;call_leader:2,mental.fashion,14,16,16,14,2,2,0,0
e203088a-bbb9-410f-9945-c6534ed75e29,野口衣織,PUxPVkU,=LOVE,25,0,0.7,0,0.891,0.8241,center:4;lead_singer:4;lead_dancer:4;host:3;content:1,physical.strength,20,15,15,19,-5,-5,-1,1
e203088a-bbb9-410f-9945-c6534ed75e29,野口衣織,PUxPVkU,=LOVE,25,0,0.7,0,0.891,0.8241,center:4;lead_singer:4;lead_dancer:4;host:3;content:1,physical.agility,17,20,20,17,3,3,0,0
e203088a-bbb9-410f-9945-c6534ed75e29,野口衣織,PUxPVkU,=LOVE,25,0,0.7,0,0.891,0.8241,center:4;lead_singer:4;lead_dancer:4;host:3;content:1,physical.natural_fitness,19,19,20,19,0,1,0,0
e203088a-bbb9-410f-9945-c6534ed75e29,野口衣織,PUxPVkU,=LOVE,25,0,0.7,0,0.891,0.8241,center:4;lead_singer:4;lead_dancer:4;host:3;content:1,physical.stamina,18,17,18,18,-1,0,0,0
e203088a-bbb9-410f-9945-c6534ed75e29,野口衣織,PUxPVkU,=LOVE,25,0,0.7,0,0.891,0.8241,center:4;lead_singer:4;lead_dancer:4;host:3;content:1,appearance.cute,14,19,20,15,5,6,1,1
e203088a-bbb9-410f-9945-c6534ed75e29,野口衣織,PUxPVkU,=LOVE,25,0,0.7,0,0.891,0.8241,center:4;lead_singer:4;lead_dancer:4;host:3;content:1,appearance.pretty,17,18,20,17,1,3,0,0
e203088a-bbb9-410f-9945-c6534ed75e29,野口衣織,PUxPVkU,=LOVE,25,0,0.7,0,0.891,0.8241,center:4;lead_singer:4;lead_dancer:4;host:3;content:1,technical.pitch,19,16,18,19,-3,-1,0,0
e203088a-bbb9-410f-9945-c6534ed75e29,野口衣織,PUxPVkU,=LOVE,25,0,0.7,0,0.891,0.8241,center:4;lead_singer:4;lead_dancer:4;host:3;content:1,technical.tone,19,15,17,19,-4,-2,0,0
e203088a-bbb9-410f-9945-c6534ed75e29,野口衣織,PUxPVkU,=LOVE,25,0,0.7,0,0.891,0.8241,center:4;lead_singer:4;lead_dancer:4;host:3;content:1,technical.breath,19,13,15,18,-6,-4,-1,1
e203088a-bbb9-410f-9945-c6534ed75e29,野口衣織,PUxPVkU,=LOVE,25,0,0.7,0,0.891,0.8241,center:4;lead_singer:4;lead_dancer:4;host:3;content:1,technical.rhythm,20,16,19,20,-4,-1,0,0
e203088a-bbb9-410f-9945-c6534ed75e29,野口衣織,PUxPVkU,=LOVE,25,0,0.7,0,0.891,0.8241,center:4;lead_singer:4;lead_dancer:4;host:3;content:1,technical.power,20,15,17,19,-5,-3,-1,1
e203088a-bbb9-410f-9945-c6534ed75e29,野口衣織,PUxPVkU,=LOVE,25,0,0.7,0,0.891,0.8241,center:4;lead_singer:4;lead_dancer:4;host:3;content:1,technical.grace,18,14,17,18,-4,-1,0,0
e203088a-bbb9-410f-9945-c6534ed75e29,野口衣織,PUxPVkU,=LOVE,25,0,0.7,0,0.891,0.8241,center:4;lead_singer:4;lead_dancer:4;host:3;content:1,mental.clever,14,14,16,14,0,2,0,0
e203088a-bbb9-410f-9945-c6534ed75e29,野口衣織,PUxPVkU,=LOVE,25,0,0.7,0,0.891,0.8241,center:4;lead_singer:4;lead_dancer:4;host:3;content:1,mental.humor,15,15,17,15,0,2,0,0
e203088a-bbb9-410f-9945-c6534ed75e29,野口衣織,PUxPVkU,=LOVE,25,0,0.7,0,0.891,0.8241,center:4;lead_singer:4;lead_dancer:4;host:3;content:1,mental.talking,16,20,20,16,4,4,0,0
e203088a-bbb9-410f-9945-c6534ed75e29,野口衣織,PUxPVkU,=LOVE,25,0,0.7,0,0.891,0.8241,center:4;lead_singer:4;lead_dancer:4;host:3;content:1,mental.determination,18,16,18,18,-2,0,0,0
e203088a-bbb9-410f-9945-c6534ed75e29,野口衣織,PUxPVkU,=LOVE,25,0,0.7,0,0.891,0.8241,center:4;lead_singer:4;lead_dancer:4;host:3;content:1,mental.teamwork,17,20,20,17,3,3,0,0
e203088a-bbb9-410f-9945-c6534ed75e29,野口衣織,PUxPVkU,=LOVE,25,0,0.7,0,0.891,0.8241,center:4;lead_singer:4;lead_dancer:4;host:3;content:1,mental.fashion,17,17,17,17,0,0,0,0
e4a0b532-8215-4024-a796-55d59cf94b25,諸橋沙夏,PUxPVkU,=LOVE,28,0,1,0.3,0.7789,0.8241,lead_singer:4;content:1;streaming:4,physical.strength,16,16,16,16,0,0,0,0
e4a0b532-8215-4024-a796-55d59cf94b25,諸橋沙夏,PUxPVkU,=LOVE,28,0,1,0.3,0.7789,0.8241,lead_singer:4;content:1;streaming:4,physical.agility,16,18,18,16,2,2,0,0
e4a0b532-8215-4024-a796-55d59cf94b25,諸橋沙夏,PUxPVkU,=LOVE,28,0,1,0.3,0.7789,0.8241,lead_singer:4;content:1;streaming:4,physical.natural_fitness,15,15,15,15,0,0,0,0
e4a0b532-8215-4024-a796-55d59cf94b25,諸橋沙夏,PUxPVkU,=LOVE,28,0,1,0.3,0.7789,0.8241,lead_singer:4;content:1;streaming:4,physical.stamina,17,18,18,17,1,1,0,0
e4a0b532-8215-4024-a796-55d59cf94b25,諸橋沙夏,PUxPVkU,=LOVE,28,0,1,0.3,0.7789,0.8241,lead_singer:4;content:1;streaming:4,appearance.cute,16,16,16,16,0,0,0,0
e4a0b532-8215-4024-a796-55d59cf94b25,諸橋沙夏,PUxPVkU,=LOVE,28,0,1,0.3,0.7789,0.8241,lead_singer:4;content:1;streaming:4,appearance.pretty,16,16,16,16,0,0,0,0
e4a0b532-8215-4024-a796-55d59cf94b25,諸橋沙夏,PUxPVkU,=LOVE,28,0,1,0.3,0.7789,0.8241,lead_singer:4;content:1;streaming:4,technical.pitch,20,20,20,20,0,0,0,0
e4a0b532-8215-4024-a796-55d59cf94b25,諸橋沙夏,PUxPVkU,=LOVE,28,0,1,0.3,0.7789,0.8241,lead_singer:4;content:1;streaming:4,technical.tone,19,19,20,19,0,1,0,0
e4a0b532-8215-4024-a796-55d59cf94b25,諸橋沙夏,PUxPVkU,=LOVE,28,0,1,0.3,0.7789,0.8241,lead_singer:4;content:1;streaming:4,technical.breath,20,18,20,20,-2,0,0,0
e4a0b532-8215-4024-a796-55d59cf94b25,諸橋沙夏,PUxPVkU,=LOVE,28,0,1,0.3,0.7789,0.8241,lead_singer:4;content:1;streaming:4,technical.rhythm,19,20,20,19,1,1,0,0
e4a0b532-8215-4024-a796-55d59cf94b25,諸橋沙夏,PUxPVkU,=LOVE,28,0,1,0.3,0.7789,0.8241,lead_singer:4;content:1;streaming:4,technical.power,15,20,20,15,5,5,0,0
e4a0b532-8215-4024-a796-55d59cf94b25,諸橋沙夏,PUxPVkU,=LOVE,28,0,1,0.3,0.7789,0.8241,lead_singer:4;content:1;streaming:4,technical.grace,16,20,20,16,4,4,0,0
e4a0b532-8215-4024-a796-55d59cf94b25,諸橋沙夏,PUxPVkU,=LOVE,28,0,1,0.3,0.7789,0.8241,lead_singer:4;content:1;streaming:4,mental.clever,17,16,18,17,-1,1,0,0
e4a0b532-8215-4024-a796-55d59cf94b25,諸橋沙夏,PUxPVkU,=LOVE,28,0,1,0.3,0.7789,0.8241,lead_singer:4;content:1;streaming:4,mental.humor,18,18,20,18,0,2,0,0
e4a0b532-8215-4024-a796-55d59cf94b25,諸橋沙夏,PUxPVkU,=LOVE,28,0,1,0.3,0.7789,0.8241,lead_singer:4;content:1;streaming:4,mental.talking,18,18,20,18,0,2,0,0
e4a0b532-8215-4024-a796-55d59cf94b25,諸橋沙夏,PUxPVkU,=LOVE,28,0,1,0.3,0.7789,0.8241,lead_singer:4;content:1;streaming:4,mental.determination,16,20,20,16,4,4,0,0
e4a0b532-8215-4024-a796-55d59cf94b25,諸橋沙夏,PUxPVkU,=LOVE,28,0,1,0.3,0.7789,0.8241,lead_singer:4;content:1;streaming:4,mental.teamwork,16,17,19,16,1,3,0,0
e4a0b532-8215-4024-a796-55d59cf94b25,諸橋沙夏,PUxPVkU,=LOVE,28,0,1,0.3,0.7789,0.8241,lead_singer:4;content:1;streaming:4,mental.fashion,15,16,16,15,1,1,0,0
2641cc39-6b4b-4d99-9a65-5ac99b9480e0,山本杏奈,PUxPVkU,=LOVE,27,0,0.9,0.2,0.7791,0.8241,leader:5;lead_dancer:4;host:5;content:2;streaming:5,physical.strength,18,17,17,18,-1,-1,0,0
2641cc39-6b4b-4d99-9a65-5ac99b9480e0,山本杏奈,PUxPVkU,=LOVE,27,0,0.9,0.2,0.7791,0.8241,leader:5;lead_dancer:4;host:5;content:2;streaming:5,physical.agility,19,17,19,19,-2,0,0,0
2641cc39-6b4b-4d99-9a65-5ac99b9480e0,山本杏奈,PUxPVkU,=LOVE,27,0,0.9,0.2,0.7791,0.8241,leader:5;lead_dancer:4;host:5;content:2;streaming:5,physical.natural_fitness,19,20,20,19,1,1,0,0
2641cc39-6b4b-4d99-9a65-5ac99b9480e0,山本杏奈,PUxPVkU,=LOVE,27,0,0.9,0.2,0.7791,0.8241,leader:5;lead_dancer:4;host:5;content:2;streaming:5,physical.stamina,18,20,20,18,2,2,0,0
2641cc39-6b4b-4d99-9a65-5ac99b9480e0,山本杏奈,PUxPVkU,=LOVE,27,0,0.9,0.2,0.7791,0.8241,leader:5;lead_dancer:4;host:5;content:2;streaming:5,appearance.cute,18,18,18,18,0,0,0,0
2641cc39-6b4b-4d99-9a65-5ac99b9480e0,山本杏奈,PUxPVkU,=LOVE,27,0,0.9,0.2,0.7791,0.8241,leader:5;lead_dancer:4;host:5;content:2;streaming:5,appearance.pretty,15,15,15,15,0,0,0,0
2641cc39-6b4b-4d99-9a65-5ac99b9480e0,山本杏奈,PUxPVkU,=LOVE,27,0,0.9,0.2,0.7791,0.8241,leader:5;lead_dancer:4;host:5;content:2;streaming:5,technical.pitch,17,19,19,17,2,2,0,0
2641cc39-6b4b-4d99-9a65-5ac99b9480e0,山本杏奈,PUxPVkU,=LOVE,27,0,0.9,0.2,0.7791,0.8241,leader:5;lead_dancer:4;host:5;content:2;streaming:5,technical.tone,17,16,16,17,-1,-1,0,0
2641cc39-6b4b-4d99-9a65-5ac99b9480e0,山本杏奈,PUxPVkU,=LOVE,27,0,0.9,0.2,0.7791,0.8241,leader:5;lead_dancer:4;host:5;content:2;streaming:5,technical.breath,19,17,18,18,-2,-1,-1,1
2641cc39-6b4b-4d99-9a65-5ac99b9480e0,山本杏奈,PUxPVkU,=LOVE,27,0,0.9,0.2,0.7791,0.8241,leader:5;lead_dancer:4;host:5;content:2;streaming:5,technical.rhythm,19,20,20,19,1,1,0,0
2641cc39-6b4b-4d99-9a65-5ac99b9480e0,山本杏奈,PUxPVkU,=LOVE,27,0,0.9,0.2,0.7791,0.8241,leader:5;lead_dancer:4;host:5;content:2;streaming:5,technical.power,20,18,19,20,-2,-1,0,0
2641cc39-6b4b-4d99-9a65-5ac99b9480e0,山本杏奈,PUxPVkU,=LOVE,27,0,0.9,0.2,0.7791,0.8241,leader:5;lead_dancer:4;host:5;content:2;streaming:5,technical.grace,18,20,20,18,2,2,0,0
2641cc39-6b4b-4d99-9a65-5ac99b9480e0,山本杏奈,PUxPVkU,=LOVE,27,0,0.9,0.2,0.7791,0.8241,leader:5;lead_dancer:4;host:5;content:2;streaming:5,mental.clever,16,20,20,17,4,4,1,1
2641cc39-6b4b-4d99-9a65-5ac99b9480e0,山本杏奈,PUxPVkU,=LOVE,27,0,0.9,0.2,0.7791,0.8241,leader:5;lead_dancer:4;host:5;content:2;streaming:5,mental.humor,15,16,20,15,1,5,0,0
2641cc39-6b4b-4d99-9a65-5ac99b9480e0,山本杏奈,PUxPVkU,=LOVE,27,0,0.9,0.2,0.7791,0.8241,leader:5;lead_dancer:4;host:5;content:2;streaming:5,mental.talking,20,18,20,20,-2,0,0,0
2641cc39-6b4b-4d99-9a65-5ac99b9480e0,山本杏奈,PUxPVkU,=LOVE,27,0,0.9,0.2,0.7791,0.8241,leader:5;lead_dancer:4;host:5;content:2;streaming:5,mental.determination,19,19,20,19,0,1,0,0
2641cc39-6b4b-4d99-9a65-5ac99b9480e0,山本杏奈,PUxPVkU,=LOVE,27,0,0.9,0.2,0.7791,0.8241,leader:5;lead_dancer:4;host:5;content:2;streaming:5,mental.teamwork,20,15,20,20,-5,0,0,0
2641cc39-6b4b-4d99-9a65-5ac99b9480e0,山本杏奈,PUxPVkU,=LOVE,27,0,0.9,0.2,0.7791,0.8241,leader:5;lead_dancer:4;host:5;content:2;streaming:5,mental.fashion,15,20,20,15,5,5,0,0
35d4e27e-f5f8-4f61-a8f4-173ba36d1811,永田詩央里,4omgTUU,≠ME,21,0.1667,0.3,0,0.6893,0.6035,center:2;lead_dancer:4;host:3;content:2;streaming:1,physical.strength,,16,16,18,,,,
35d4e27e-f5f8-4f61-a8f4-173ba36d1811,永田詩央里,4omgTUU,≠ME,21,0.1667,0.3,0,0.6893,0.6035,center:2;lead_dancer:4;host:3;content:2;streaming:1,physical.agility,,19,20,19,,,,
35d4e27e-f5f8-4f61-a8f4-173ba36d1811,永田詩央里,4omgTUU,≠ME,21,0.1667,0.3,0,0.6893,0.6035,center:2;lead_dancer:4;host:3;content:2;streaming:1,physical.natural_fitness,,14,15,14,,,,
35d4e27e-f5f8-4f61-a8f4-173ba36d1811,永田詩央里,4omgTUU,≠ME,21,0.1667,0.3,0,0.6893,0.6035,center:2;lead_dancer:4;host:3;content:2;streaming:1,physical.stamina,,13,14,14,,,,
35d4e27e-f5f8-4f61-a8f4-173ba36d1811,永田詩央里,4omgTUU,≠ME,21,0.1667,0.3,0,0.6893,0.6035,center:2;lead_dancer:4;host:3;content:2;streaming:1,appearance.cute,,18,19,17,,,,
35d4e27e-f5f8-4f61-a8f4-173ba36d1811,永田詩央里,4omgTUU,≠ME,21,0.1667,0.3,0,0.6893,0.6035,center:2;lead_dancer:4;host:3;content:2;streaming:1,appearance.pretty,,19,20,17,,,,
35d4e27e-f5f8-4f61-a8f4-173ba36d1811,永田詩央里,4omgTUU,≠ME,21,0.1667,0.3,0,0.6893,0.6035,center:2;lead_dancer:4;host:3;content:2;streaming:1,technical.pitch,,16,16,18,,,,
35d4e27e-f5f8-4f61-a8f4-173ba36d1811,永田詩央里,4omgTUU,≠ME,21,0.1667,0.3,0,0.6893,0.6035,center:2;lead_dancer:4;host:3;content:2;streaming:1,technical.tone,,16,16,18,,,,
35d4e27e-f5f8-4f61-a8f4-173ba36d1811,永田詩央里,4omgTUU,≠ME,21,0.1667,0.3,0,0.6893,0.6035,center:2;lead_dancer:4;host:3;content:2;streaming:1,technical.breath,,18,18,20,,,,
35d4e27e-f5f8-4f61-a8f4-173ba36d1811,永田詩央里,4omgTUU,≠ME,21,0.1667,0.3,0,0.6893,0.6035,center:2;lead_dancer:4;host:3;content:2;streaming:1,technical.rhythm,,19,20,20,,,,
35d4e27e-f5f8-4f61-a8f4-173ba36d1811,永田詩央里,4omgTUU,≠ME,21,0.1667,0.3,0,0.6893,0.6035,center:2;lead_dancer:4;host:3;content:2;streaming:1,technical.power,,17,18,20,,,,
35d4e27e-f5f8-4f61-a8f4-173ba36d1811,永田詩央里,4omgTUU,≠ME,21,0.1667,0.3,0,0.6893,0.6035,center:2;lead_dancer:4;host:3;content:2;streaming:1,technical.grace,,18,20,20,,,,
35d4e27e-f5f8-4f61-a8f4-173ba36d1811,永田詩央里,4omgTUU,≠ME,21,0.1667,0.3,0,0.6893,0.6035,center:2;lead_dancer:4;host:3;content:2;streaming:1,mental.clever,,17,19,16,,,,
35d4e27e-f5f8-4f61-a8f4-173ba36d1811,永田詩央里,4omgTUU,≠ME,21,0.1667,0.3,0,0.6893,0.6035,center:2;lead_dancer:4;host:3;content:2;streaming:1,mental.humor,,17,19,18,,,,
35d4e27e-f5f8-4f61-a8f4-173ba36d1811,永田詩央里,4omgTUU,≠ME,21,0.1667,0.3,0,0.6893,0.6035,center:2;lead_dancer:4;host:3;content:2;streaming:1,mental.talking,,16,20,12,,,,
35d4e27e-f5f8-4f61-a8f4-173ba36d1811,永田詩央里,4omgTUU,≠ME,21,0.1667,0.3,0,0.6893,0.6035,center:2;lead_dancer:4;host:3;content:2;streaming:1,mental.determination,,15,16,17,,,,
35d4e27e-f5f8-4f61-a8f4-173ba36d1811,永田詩央里,4omgTUU,≠ME,21,0.1667,0.3,0,0.6893,0.6035,center:2;lead_dancer:4;host:3;content:2;streaming:1,mental.teamwork,,19,20,19,,,,
35d4e27e-f5f8-4f61-a8f4-173ba36d1811,永田詩央里,4omgTUU,≠ME,21,0.1667,0.3,0,0.6893,0.6035,center:2;lead_dancer:4;host:3;content:2;streaming:1,mental.fashion,,14,14,12,,,,
cb19d915-2e81-4798-9d04-9252d6e91d3e,河口夏音,4omgTUU,≠ME,23,0,0.5,0,0.6504,0.6035,content:1;streaming:2;style:2;call_leader:1,physical.strength,,16,16,15,,,,
cb19d915-2e81-4798-9d04-9252d6e91d3e,河口夏音,4omgTUU,≠ME,23,0,0.5,0,0.6504,0.6035,content:1;streaming:2;style:2;call_leader:1,physical.agility,,15,15,16,,,,
cb19d915-2e81-4798-9d04-9252d6e91d3e,河口夏音,4omgTUU,≠ME,23,0,0.5,0,0.6504,0.6035,content:1;streaming:2;style:2;call_leader:1,physical.natural_fitness,,14,14,14,,,,
cb19d915-2e81-4798-9d04-9252d6e91d3e,河口夏音,4omgTUU,≠ME,23,0,0.5,0,0.6504,0.6035,content:1;streaming:2;style:2;call_leader:1,physical.stamina,,17,17,18,,,,
cb19d915-2e81-4798-9d04-9252d6e91d3e,河口夏音,4omgTUU,≠ME,23,0,0.5,0,0.6504,0.6035,content:1;streaming:2;style:2;call_leader:1,appearance.cute,,18,19,17,,,,
cb19d915-2e81-4798-9d04-9252d6e91d3e,河口夏音,4omgTUU,≠ME,23,0,0.5,0,0.6504,0.6035,content:1;streaming:2;style:2;call_leader:1,appearance.pretty,,20,20,20,,,,
cb19d915-2e81-4798-9d04-9252d6e91d3e,河口夏音,4omgTUU,≠ME,23,0,0.5,0,0.6504,0.6035,content:1;streaming:2;style:2;call_leader:1,technical.pitch,,15,15,15,,,,
cb19d915-2e81-4798-9d04-9252d6e91d3e,河口夏音,4omgTUU,≠ME,23,0,0.5,0,0.6504,0.6035,content:1;streaming:2;style:2;call_leader:1,technical.tone,,17,17,16,,,,
cb19d915-2e81-4798-9d04-9252d6e91d3e,河口夏音,4omgTUU,≠ME,23,0,0.5,0,0.6504,0.6035,content:1;streaming:2;style:2;call_leader:1,technical.breath,,17,17,17,,,,
cb19d915-2e81-4798-9d04-9252d6e91d3e,河口夏音,4omgTUU,≠ME,23,0,0.5,0,0.6504,0.6035,content:1;streaming:2;style:2;call_leader:1,technical.rhythm,,16,16,15,,,,
cb19d915-2e81-4798-9d04-9252d6e91d3e,河口夏音,4omgTUU,≠ME,23,0,0.5,0,0.6504,0.6035,content:1;streaming:2;style:2;call_leader:1,technical.power,,19,19,20,,,,
cb19d915-2e81-4798-9d04-9252d6e91d3e,河口夏音,4omgTUU,≠ME,23,0,0.5,0,0.6504,0.6035,content:1;streaming:2;style:2;call_leader:1,technical.grace,,19,19,20,,,,
cb19d915-2e81-4798-9d04-9252d6e91d3e,河口夏音,4omgTUU,≠ME,23,0,0.5,0,0.6504,0.6035,content:1;streaming:2;style:2;call_leader:1,mental.clever,,14,15,11,,,,
cb19d915-2e81-4798-9d04-9252d6e91d3e,河口夏音,4omgTUU,≠ME,23,0,0.5,0,0.6504,0.6035,content:1;streaming:2;style:2;call_leader:1,mental.humor,,17,18,17,,,,
cb19d915-2e81-4798-9d04-9252d6e91d3e,河口夏音,4omgTUU,≠ME,23,0,0.5,0,0.6504,0.6035,content:1;streaming:2;style:2;call_leader:1,mental.talking,,14,17,12,,,,
cb19d915-2e81-4798-9d04-9252d6e91d3e,河口夏音,4omgTUU,≠ME,23,0,0.5,0,0.6504,0.6035,content:1;streaming:2;style:2;call_leader:1,mental.determination,,20,20,18,,,,
cb19d915-2e81-4798-9d04-9252d6e91d3e,河口夏音,4omgTUU,≠ME,23,0,0.5,0,0.6504,0.6035,content:1;streaming:2;style:2;call_leader:1,mental.teamwork,,13,14,13,,,,
cb19d915-2e81-4798-9d04-9252d6e91d3e,河口夏音,4omgTUU,≠ME,23,0,0.5,0,0.6504,0.6035,content:1;streaming:2;style:2;call_leader:1,mental.fashion,,13,14,14,,,,
38913886-759c-482e-9a19-1ac5a7124abe,蟹沢萌子,4omgTUU,≠ME,25,0,0.7,0,0.6981,0.6035,leader:5;lead_singer:3;host:3;content:2;streaming:1;style:2,physical.strength,,16,16,10,,,,
38913886-759c-482e-9a19-1ac5a7124abe,蟹沢萌子,4omgTUU,≠ME,25,0,0.7,0,0.6981,0.6035,leader:5;lead_singer:3;host:3;content:2;streaming:1;style:2,physical.agility,,17,17,18,,,,
38913886-759c-482e-9a19-1ac5a7124abe,蟹沢萌子,4omgTUU,≠ME,25,0,0.7,0,0.6981,0.6035,leader:5;lead_singer:3;host:3;content:2;streaming:1;style:2,physical.natural_fitness,,13,13,11,,,,
38913886-759c-482e-9a19-1ac5a7124abe,蟹沢萌子,4omgTUU,≠ME,25,0,0.7,0,0.6981,0.6035,leader:5;lead_singer:3;host:3;content:2;streaming:1;style:2,physical.stamina,,13,13,12,,,,
38913886-759c-482e-9a19-1ac5a7124abe,蟹沢萌子,4omgTUU,≠ME,25,0,0.7,0,0.6981,0.6035,leader:5;lead_singer:3;host:3;content:2;streaming:1;style:2,appearance.cute,,19,20,20,,,,
38913886-759c-482e-9a19-1ac5a7124abe,蟹沢萌子,4omgTUU,≠ME,25,0,0.7,0,0.6981,0.6035,leader:5;lead_singer:3;host:3;content:2;streaming:1;style:2,appearance.pretty,,15,16,16,,,,
38913886-759c-482e-9a19-1ac5a7124abe,蟹沢萌子,4omgTUU,≠ME,25,0,0.7,0,0.6981,0.6035,leader:5;lead_singer:3;host:3;content:2;streaming:1;style:2,technical.pitch,,18,20,15,,,,
38913886-759c-482e-9a19-1ac5a7124abe,蟹沢萌子,4omgTUU,≠ME,25,0,0.7,0,0.6981,0.6035,leader:5;lead_singer:3;host:3;content:2;streaming:1;style:2,technical.tone,,17,19,15,,,,
38913886-759c-482e-9a19-1ac5a7124abe,蟹沢萌子,4omgTUU,≠ME,25,0,0.7,0,0.6981,0.6035,leader:5;lead_singer:3;host:3;content:2;streaming:1;style:2,technical.breath,,18,20,11,,,,
38913886-759c-482e-9a19-1ac5a7124abe,蟹沢萌子,4omgTUU,≠ME,25,0,0.7,0,0.6981,0.6035,leader:5;lead_singer:3;host:3;content:2;streaming:1;style:2,technical.rhythm,,14,14,10,,,,
38913886-759c-482e-9a19-1ac5a7124abe,蟹沢萌子,4omgTUU,≠ME,25,0,0.7,0,0.6981,0.6035,leader:5;lead_singer:3;host:3;content:2;streaming:1;style:2,technical.power,,16,17,13,,,,
38913886-759c-482e-9a19-1ac5a7124abe,蟹沢萌子,4omgTUU,≠ME,25,0,0.7,0,0.6981,0.6035,leader:5;lead_singer:3;host:3;content:2;streaming:1;style:2,technical.grace,,13,13,10,,,,
38913886-759c-482e-9a19-1ac5a7124abe,蟹沢萌子,4omgTUU,≠ME,25,0,0.7,0,0.6981,0.6035,leader:5;lead_singer:3;host:3;content:2;streaming:1;style:2,mental.clever,,13,15,10,,,,
38913886-759c-482e-9a19-1ac5a7124abe,蟹沢萌子,4omgTUU,≠ME,25,0,0.7,0,0.6981,0.6035,leader:5;lead_singer:3;host:3;content:2;streaming:1;style:2,mental.humor,,14,16,13,,,,
38913886-759c-482e-9a19-1ac5a7124abe,蟹沢萌子,4omgTUU,≠ME,25,0,0.7,0,0.6981,0.6035,leader:5;lead_singer:3;host:3;content:2;streaming:1;style:2,mental.talking,,17,20,20,,,,
38913886-759c-482e-9a19-1ac5a7124abe,蟹沢萌子,4omgTUU,≠ME,25,0,0.7,0,0.6981,0.6035,leader:5;lead_singer:3;host:3;content:2;streaming:1;style:2,mental.determination,,15,18,11,,,,
38913886-759c-482e-9a19-1ac5a7124abe,蟹沢萌子,4omgTUU,≠ME,25,0,0.7,0,0.6981,0.6035,leader:5;lead_singer:3;host:3;content:2;streaming:1;style:2,mental.teamwork,,18,20,20,,,,
38913886-759c-482e-9a19-1ac5a7124abe,蟹沢萌子,4omgTUU,≠ME,25,0,0.7,0,0.6981,0.6035,leader:5;lead_singer:3;host:3;content:2;streaming:1;style:2,mental.fashion,,15,16,17,,,,
9a3ce340-f13d-485a-95d4-52b97a9e4984,菅波美玲,4omgTUU,≠ME,25,0,0.7,0,0.695,0.6035,content:1;streaming:2;style:2,physical.strength,,15,15,15,,,,
9a3ce340-f13d-485a-95d4-52b97a9e4984,菅波美玲,4omgTUU,≠ME,25,0,0.7,0,0.695,0.6035,content:1;streaming:2;style:2,physical.agility,,18,18,19,,,,
9a3ce340-f13d-485a-95d4-52b97a9e4984,菅波美玲,4omgTUU,≠ME,25,0,0.7,0,0.695,0.6035,content:1;streaming:2;style:2,physical.natural_fitness,,13,13,13,,,,
9a3ce340-f13d-485a-95d4-52b97a9e4984,菅波美玲,4omgTUU,≠ME,25,0,0.7,0,0.695,0.6035,content:1;streaming:2;style:2,physical.stamina,,13,13,13,,,,
9a3ce340-f13d-485a-95d4-52b97a9e4984,菅波美玲,4omgTUU,≠ME,25,0,0.7,0,0.695,0.6035,content:1;streaming:2;style:2,appearance.cute,,20,20,19,,,,
9a3ce340-f13d-485a-95d4-52b97a9e4984,菅波美玲,4omgTUU,≠ME,25,0,0.7,0,0.695,0.6035,content:1;streaming:2;style:2,appearance.pretty,,17,18,18,,,,
9a3ce340-f13d-485a-95d4-52b97a9e4984,菅波美玲,4omgTUU,≠ME,25,0,0.7,0,0.695,0.6035,content:1;streaming:2;style:2,technical.pitch,,19,19,20,,,,
9a3ce340-f13d-485a-95d4-52b97a9e4984,菅波美玲,4omgTUU,≠ME,25,0,0.7,0,0.695,0.6035,content:1;streaming:2;style:2,technical.tone,,20,20,20,,,,
9a3ce340-f13d-485a-95d4-52b97a9e4984,菅波美玲,4omgTUU,≠ME,25,0,0.7,0,0.695,0.6035,content:1;streaming:2;style:2,technical.breath,,20,20,20,,,,
9a3ce340-f13d-485a-95d4-52b97a9e4984,菅波美玲,4omgTUU,≠ME,25,0,0.7,0,0.695,0.6035,content:1;streaming:2;style:2,technical.rhythm,,18,18,18,,,,
9a3ce340-f13d-485a-95d4-52b97a9e4984,菅波美玲,4omgTUU,≠ME,25,0,0.7,0,0.695,0.6035,content:1;streaming:2;style:2,technical.power,,16,16,17,,,,
9a3ce340-f13d-485a-95d4-52b97a9e4984,菅波美玲,4omgTUU,≠ME,25,0,0.7,0,0.695,0.6035,content:1;streaming:2;style:2,technical.grace,,19,19,20,,,,
9a3ce340-f13d-485a-95d4-52b97a9e4984,菅波美玲,4omgTUU,≠ME,25,0,0.7,0,0.695,0.6035,content:1;streaming:2;style:2,mental.clever,,16,17,13,,,,
9a3ce340-f13d-485a-95d4-52b97a9e4984,菅波美玲,4omgTUU,≠ME,25,0,0.7,0,0.695,0.6035,content:1;streaming:2;style:2,mental.humor,,12,13,12,,,,
9a3ce340-f13d-485a-95d4-52b97a9e4984,菅波美玲,4omgTUU,≠ME,25,0,0.7,0,0.695,0.6035,content:1;streaming:2;style:2,mental.talking,,13,15,10,,,,
9a3ce340-f13d-485a-95d4-52b97a9e4984,菅波美玲,4omgTUU,≠ME,25,0,0.7,0,0.695,0.6035,content:1;streaming:2;style:2,mental.determination,,16,16,14,,,,
9a3ce340-f13d-485a-95d4-52b97a9e4984,菅波美玲,4omgTUU,≠ME,25,0,0.7,0,0.695,0.6035,content:1;streaming:2;style:2,mental.teamwork,,15,16,15,,,,
9a3ce340-f13d-485a-95d4-52b97a9e4984,菅波美玲,4omgTUU,≠ME,25,0,0.7,0,0.695,0.6035,content:1;streaming:2;style:2,mental.fashion,,14,15,16,,,,
ae52c990-523a-4da8-97d6-728a6dff404d,谷崎早耶,4omgTUU,≠ME,25,0,0.7,0,0.751,0.6035,center:3;content:2;streaming:4;style:4;call_leader:1,physical.strength,,17,17,17,,,,
ae52c990-523a-4da8-97d6-728a6dff404d,谷崎早耶,4omgTUU,≠ME,25,0,0.7,0,0.751,0.6035,center:3;content:2;streaming:4;style:4;call_leader:1,physical.agility,,16,16,18,,,,
ae52c990-523a-4da8-97d6-728a6dff404d,谷崎早耶,4omgTUU,≠ME,25,0,0.7,0,0.751,0.6035,center:3;content:2;streaming:4;style:4;call_leader:1,physical.natural_fitness,,13,13,15,,,,
ae52c990-523a-4da8-97d6-728a6dff404d,谷崎早耶,4omgTUU,≠ME,25,0,0.7,0,0.751,0.6035,center:3;content:2;streaming:4;style:4;call_leader:1,physical.stamina,,13,13,16,,,,
ae52c990-523a-4da8-97d6-728a6dff404d,谷崎早耶,4omgTUU,≠ME,25,0,0.7,0,0.751,0.6035,center:3;content:2;streaming:4;style:4;call_leader:1,appearance.cute,,16,20,14,,,,
ae52c990-523a-4da8-97d6-728a6dff404d,谷崎早耶,4omgTUU,≠ME,25,0,0.7,0,0.751,0.6035,center:3;content:2;streaming:4;style:4;call_leader:1,appearance.pretty,,14,18,16,,,,
ae52c990-523a-4da8-97d6-728a6dff404d,谷崎早耶,4omgTUU,≠ME,25,0,0.7,0,0.751,0.6035,center:3;content:2;streaming:4;style:4;call_leader:1,technical.pitch,,15,15,18,,,,
ae52c990-523a-4da8-97d6-728a6dff404d,谷崎早耶,4omgTUU,≠ME,25,0,0.7,0,0.751,0.6035,center:3;content:2;streaming:4;style:4;call_leader:1,technical.tone,,16,16,16,,,,
ae52c990-523a-4da8-97d6-728a6dff404d,谷崎早耶,4omgTUU,≠ME,25,0,0.7,0,0.751,0.6035,center:3;content:2;streaming:4;style:4;call_leader:1,technical.breath,,14,14,19,,,,
ae52c990-523a-4da8-97d6-728a6dff404d,谷崎早耶,4omgTUU,≠ME,25,0,0.7,0,0.751,0.6035,center:3;content:2;streaming:4;style:4;call_leader:1,technical.rhythm,,15,16,15,,,,
ae52c990-523a-4da8-97d6-728a6dff404d,谷崎早耶,4omgTUU,≠ME,25,0,0.7,0,0.751,0.6035,center:3;content:2;streaming:4;style:4;call_leader:1,technical.power,,14,14,18,,,,
ae52c990-523a-4da8-97d6-728a6dff404d,谷崎早耶,4omgTUU,≠ME,25,0,0.7,0,0.751,0.6035,center:3;content:2;streaming:4;style:4;call_leader:1,technical.grace,,13,14,19,,,,
ae52c990-523a-4da8-97d6-728a6dff404d,谷崎早耶,4omgTUU,≠ME,25,0,0.7,0,0.751,0.6035,center:3;content:2;streaming:4;style:4;call_leader:1,mental.clever,,16,18,13,,,,
ae52c990-523a-4da8-97d6-728a6dff404d,谷崎早耶,4omgTUU,≠ME,25,0,0.7,0,0.751,0.6035,center:3;content:2;streaming:4;style:4;call_leader:1,mental.humor,,14,16,16,,,,
ae52c990-523a-4da8-97d6-728a6dff404d,谷崎早耶,4omgTUU,≠ME,25,0,0.7,0,0.751,0.6035,center:3;content:2;streaming:4;style:4;call_leader:1,mental.talking,,18,20,14,,,,
ae52c990-523a-4da8-97d6-728a6dff404d,谷崎早耶,4omgTUU,≠ME,25,0,0.7,0,0.751,0.6035,center:3;content:2;streaming:4;style:4;call_leader:1,mental.determination,,13,14,10,,,,
ae52c990-523a-4da8-97d6-728a6dff404d,谷崎早耶,4omgTUU,≠ME,25,0,0.7,0,0.751,0.6035,center:3;content:2;streaming:4;style:4;call_leader:1,mental.teamwork,,17,18,15,,,,
ae52c990-523a-4da8-97d6-728a6dff404d,谷崎早耶,4omgTUU,≠ME,25,0,0.7,0,0.751,0.6035,center:3;content:2;streaming:4;style:4;call_leader:1,mental.fashion,,14,17,16,,,,
183108d6-de47-4c4f-ac4f-b14a8c3e45d8,尾木波菜,4omgTUU,≠ME,22,0,0.4,0,0.7289,0.6035,host:1;content:1;streaming:1;style:4,physical.strength,,14,14,13,,,,
183108d6-de47-4c4f-ac4f-b14a8c3e45d8,尾木波菜,4omgTUU,≠ME,22,0,0.4,0,0.7289,0.6035,host:1;content:1;streaming:1;style:4,physical.agility,,18,18,20,,,,
183108d6-de47-4c4f-ac4f-b14a8c3e45d8,尾木波菜,4omgTUU,≠ME,22,0,0.4,0,0.7289,0.6035,host:1;content:1;streaming:1;style:4,physical.natural_fitness,,17,17,18,,,,
183108d6-de47-4c4f-ac4f-b14a8c3e45d8,尾木波菜,4omgTUU,≠ME,22,0,0.4,0,0.7289,0.6035,host:1;content:1;streaming:1;style:4,physical.stamina,,16,16,17,,,,
183108d6-de47-4c4f-ac4f-b14a8c3e45d8,尾木波菜,4omgTUU,≠ME,22,0,0.4,0,0.7289,0.6035,host:1;content:1;streaming:1;style:4,appearance.cute,,20,20,19,,,,
183108d6-de47-4c4f-ac4f-b14a8c3e45d8,尾木波菜,4omgTUU,≠ME,22,0,0.4,0,0.7289,0.6035,host:1;content:1;streaming:1;style:4,appearance.pretty,,14,16,15,,,,
183108d6-de47-4c4f-ac4f-b14a8c3e45d8,尾木波菜,4omgTUU,≠ME,22,0,0.4,0,0.7289,0.6035,host:1;content:1;streaming:1;style:4,technical.pitch,,13,13,14,,,,
183108d6-de47-4c4f-ac4f-b14a8c3e45d8,尾木波菜,4omgTUU,≠ME,22,0,0.4,0,0.7289,0.6035,host:1;content:1;streaming:1;style:4,technical.tone,,15,15,15,,,,
183108d6-de47-4c4f-ac4f-b14a8c3e45d8,尾木波菜,4omgTUU,≠ME,22,0,0.4,0,0.7289,0.6035,host:1;content:1;streaming:1;style:4,technical.breath,,14,14,11,,,,
183108d6-de47-4c4f-ac4f-b14a8c3e45d8,尾木波菜,4omgTUU,≠ME,22,0,0.4,0,0.7289,0.6035,host:1;content:1;streaming:1;style:4,technical.rhythm,,16,16,16,,,,
183108d6-de47-4c4f-ac4f-b14a8c3e45d8,尾木波菜,4omgTUU,≠ME,22,0,0.4,0,0.7289,0.6035,host:1;content:1;streaming:1;style:4,technical.power,,19,19,20,,,,
183108d6-de47-4c4f-ac4f-b14a8c3e45d8,尾木波菜,4omgTUU,≠ME,22,0,0.4,0,0.7289,0.6035,host:1;content:1;streaming:1;style:4,technical.grace,,16,16,20,,,,
183108d6-de47-4c4f-ac4f-b14a8c3e45d8,尾木波菜,4omgTUU,≠ME,22,0,0.4,0,0.7289,0.6035,host:1;content:1;streaming:1;style:4,mental.clever,,17,18,17,,,,
183108d6-de47-4c4f-ac4f-b14a8c3e45d8,尾木波菜,4omgTUU,≠ME,22,0,0.4,0,0.7289,0.6035,host:1;content:1;streaming:1;style:4,mental.humor,,19,20,20,,,,
183108d6-de47-4c4f-ac4f-b14a8c3e45d8,尾木波菜,4omgTUU,≠ME,22,0,0.4,0,0.7289,0.6035,host:1;content:1;streaming:1;style:4,mental.talking,,13,15,12,,,,
183108d6-de47-4c4f-ac4f-b14a8c3e45d8,尾木波菜,4omgTUU,≠ME,22,0,0.4,0,0.7289,0.6035,host:1;content:1;streaming:1;style:4,mental.determination,,13,13,9,,,,
183108d6-de47-4c4f-ac4f-b14a8c3e45d8,尾木波菜,4omgTUU,≠ME,22,0,0.4,0,0.7289,0.6035,host:1;content:1;streaming:1;style:4,mental.teamwork,,16,17,16,,,,
183108d6-de47-4c4f-ac4f-b14a8c3e45d8,尾木波菜,4omgTUU,≠ME,22,0,0.4,0,0.7289,0.6035,host:1;content:1;streaming:1;style:4,mental.fashion,,19,20,20,,,,
b4ba6f0f-9251-4f29-b488-aaba294c4fe6,冨田菜々風,4omgTUU,≠ME,24,0,0.6,0,0.733,0.6035,center:5;lead_singer:3;lead_dancer:3;content:1;streaming:1;style:2,physical.strength,,17,17,20,,,,
b4ba6f0f-9251-4f29-b488-aaba294c4fe6,冨田菜々風,4omgTUU,≠ME,24,0,0.6,0,0.733,0.6035,center:5;lead_singer:3;lead_dancer:3;content:1;streaming:1;style:2,physical.agility,,17,18,16,,,,
b4ba6f0f-9251-4f29-b488-aaba294c4fe6,冨田菜々風,4omgTUU,≠ME,24,0,0.6,0,0.733,0.6035,center:5;lead_singer:3;lead_dancer:3;content:1;streaming:1;style:2,physical.natural_fitness,,15,16,15,,,,
b4ba6f0f-9251-4f29-b488-aaba294c4fe6,冨田菜々風,4omgTUU,≠ME,24,0,0.6,0,0.733,0.6035,center:5;lead_singer:3;lead_dancer:3;content:1;streaming:1;style:2,physical.stamina,,13,14,16,,,,
b4ba6f0f-9251-4f29-b488-aaba294c4fe6,冨田菜々風,4omgTUU,≠ME,24,0,0.6,0,0.733,0.6035,center:5;lead_singer:3;lead_dancer:3;content:1;streaming:1;style:2,appearance.cute,,13,16,10,,,,
b4ba6f0f-9251-4f29-b488-aaba294c4fe6,冨田菜々風,4omgTUU,≠ME,24,0,0.6,0,0.733,0.6035,center:5;lead_singer:3;lead_dancer:3;content:1;streaming:1;style:2,appearance.pretty,,15,18,15,,,,
b4ba6f0f-9251-4f29-b488-aaba294c4fe6,冨田菜々風,4omgTUU,≠ME,24,0,0.6,0,0.733,0.6035,center:5;lead_singer:3;lead_dancer:3;content:1;streaming:1;style:2,technical.pitch,,13,15,18,,,,
b4ba6f0f-9251-4f29-b488-aaba294c4fe6,冨田菜々風,4omgTUU,≠ME,24,0,0.6,0,0.733,0.6035,center:5;lead_singer:3;lead_dancer:3;content:1;streaming:1;style:2,technical.tone,,13,15,17,,,,
b4ba6f0f-9251-4f29-b488-aaba294c4fe6,冨田菜々風,4omgTUU,≠ME,24,0,0.6,0,0.733,0.6035,center:5;lead_singer:3;lead_dancer:3;content:1;streaming:1;style:2,technical.breath,,10,12,20,,,,
b4ba6f0f-9251-4f29-b488-aaba294c4fe6,冨田菜々風,4omgTUU,≠ME,24,0,0.6,0,0.733,0.6035,center:5;lead_singer:3;lead_dancer:3;content:1;streaming:1;style:2,technical.rhythm,,14,17,19,,,,
b4ba6f0f-9251-4f29-b488-aaba294c4fe6,冨田菜々風,4omgTUU,≠ME,24,0,0.6,0,0.733,0.6035,center:5;lead_singer:3;lead_dancer:3;content:1;streaming:1;style:2,technical.power,,17,19,20,,,,
b4ba6f0f-9251-4f29-b488-aaba294c4fe6,冨田菜々風,4omgTUU,≠ME,24,0,0.6,0,0.733,0.6035,center:5;lead_singer:3;lead_dancer:3;content:1;streaming:1;style:2,technical.grace,,16,19,20,,,,
b4ba6f0f-9251-4f29-b488-aaba294c4fe6,冨田菜々風,4omgTUU,≠ME,24,0,0.6,0,0.733,0.6035,center:5;lead_singer:3;lead_dancer:3;content:1;streaming:1;style:2,mental.clever,,13,14,10,,,,
b4ba6f0f-9251-4f29-b488-aaba294c4fe6,冨田菜々風,4omgTUU,≠ME,24,0,0.6,0,0.733,0.6035,center:5;lead_singer:3;lead_dancer:3;content:1;streaming:1;style:2,mental.humor,,15,16,16,,,,
b4ba6f0f-9251-4f29-b488-aaba294c4fe6,冨田菜々風,4omgTUU,≠ME,24,0,0.6,0,0.733,0.6035,center:5;lead_singer:3;lead_dancer:3;content:1;streaming:1;style:2,mental.talking,,12,14,5,,,,
b4ba6f0f-9251-4f29-b488-aaba294c4fe6,冨田菜々風,4omgTUU,≠ME,24,0,0.6,0,0.733,0.6035,center:5;lead_singer:3;lead_dancer:3;content:1;streaming:1;style:2,mental.determination,,18,19,20,,,,
b4ba6f0f-9251-4f29-b488-aaba294c4fe6,冨田菜々風,4omgTUU,≠ME,24,0,0.6,0,0.733,0.6035,center:5;lead_singer:3;lead_dancer:3;content:1;streaming:1;style:2,mental.teamwork,,14,15,11,,,,
b4ba6f0f-9251-4f29-b488-aaba294c4fe6,冨田菜々風,4omgTUU,≠ME,24,0,0.6,0,0.733,0.6035,center:5;lead_singer:3;lead_dancer:3;content:1;streaming:1;style:2,mental.fashion,,18,19,20,,,,
c58f2463-3df0-46b5-a466-0696ec2306f4,本田珠由記,4omgTUU,≠ME,21,0.1667,0.3,0,0.6982,0.6035,center:2;content:1;streaming:1,physical.strength,,16,16,16,,,,
c58f2463-3df0-46b5-a466-0696ec2306f4,本田珠由記,4omgTUU,≠ME,21,0.1667,0.3,0,0.6982,0.6035,center:2;content:1;streaming:1,physical.agility,,15,15,14,,,,
c58f2463-3df0-46b5-a466-0696ec2306f4,本田珠由記,4omgTUU,≠ME,21,0.1667,0.3,0,0.6982,0.6035,center:2;content:1;streaming:1,physical.natural_fitness,,19,19,19,,,,
c58f2463-3df0-46b5-a466-0696ec2306f4,本田珠由記,4omgTUU,≠ME,21,0.1667,0.3,0,0.6982,0.6035,center:2;content:1;streaming:1,physical.stamina,,19,19,20,,,,
c58f2463-3df0-46b5-a466-0696ec2306f4,本田珠由記,4omgTUU,≠ME,21,0.1667,0.3,0,0.6982,0.6035,center:2;content:1;streaming:1,appearance.cute,,13,14,13,,,,
c58f2463-3df0-46b5-a466-0696ec2306f4,本田珠由記,4omgTUU,≠ME,21,0.1667,0.3,0,0.6982,0.6035,center:2;content:1;streaming:1,appearance.pretty,,15,16,15,,,,
c58f2463-3df0-46b5-a466-0696ec2306f4,本田珠由記,4omgTUU,≠ME,21,0.1667,0.3,0,0.6982,0.6035,center:2;content:1;streaming:1,technical.pitch,,20,20,20,,,,
c58f2463-3df0-46b5-a466-0696ec2306f4,本田珠由記,4omgTUU,≠ME,21,0.1667,0.3,0,0.6982,0.6035,center:2;content:1;streaming:1,technical.tone,,17,17,17,,,,
c58f2463-3df0-46b5-a466-0696ec2306f4,本田珠由記,4omgTUU,≠ME,21,0.1667,0.3,0,0.6982,0.6035,center:2;content:1;streaming:1,technical.breath,,16,16,20,,,,
c58f2463-3df0-46b5-a466-0696ec2306f4,本田珠由記,4omgTUU,≠ME,21,0.1667,0.3,0,0.6982,0.6035,center:2;content:1;streaming:1,technical.rhythm,,16,16,16,,,,
c58f2463-3df0-46b5-a466-0696ec2306f4,本田珠由記,4omgTUU,≠ME,21,0.1667,0.3,0,0.6982,0.6035,center:2;content:1;streaming:1,technical.power,,16,16,16,,,,
c58f2463-3df0-46b5-a466-0696ec2306f4,本田珠由記,4omgTUU,≠ME,21,0.1667,0.3,0,0.6982,0.6035,center:2;content:1;streaming:1,technical.grace,,17,18,18,,,,
c58f2463-3df0-46b5-a466-0696ec2306f4,本田珠由記,4omgTUU,≠ME,21,0.1667,0.3,0,0.6982,0.6035,center:2;content:1;streaming:1,mental.clever,,13,14,11,,,,
c58f2463-3df0-46b5-a466-0696ec2306f4,本田珠由記,4omgTUU,≠ME,21,0.1667,0.3,0,0.6982,0.6035,center:2;content:1;streaming:1,mental.humor,,18,19,18,,,,
c58f2463-3df0-46b5-a466-0696ec2306f4,本田珠由記,4omgTUU,≠ME,21,0.1667,0.3,0,0.6982,0.6035,center:2;content:1;streaming:1,mental.talking,,17,18,15,,,,
c58f2463-3df0-46b5-a466-0696ec2306f4,本田珠由記,4omgTUU,≠ME,21,0.1667,0.3,0,0.6982,0.6035,center:2;content:1;streaming:1,mental.determination,,17,17,17,,,,
c58f2463-3df0-46b5-a466-0696ec2306f4,本田珠由記,4omgTUU,≠ME,21,0.1667,0.3,0,0.6982,0.6035,center:2;content:1;streaming:1,mental.teamwork,,16,16,15,,,,
c58f2463-3df0-46b5-a466-0696ec2306f4,本田珠由記,4omgTUU,≠ME,21,0.1667,0.3,0,0.6982,0.6035,center:2;content:1;streaming:1,mental.fashion,,16,16,16,,,,
ad38aead-6901-47c9-afe0-f1d9aed516e5,落合希来里,4omgTUU,≠ME,24,0,0.6,0,0.6512,0.6035,lead_dancer:4;content:1;streaming:1,physical.strength,,15,15,19,,,,
ad38aead-6901-47c9-afe0-f1d9aed516e5,落合希来里,4omgTUU,≠ME,24,0,0.6,0,0.6512,0.6035,lead_dancer:4;content:1;streaming:1,physical.agility,,17,19,16,,,,
ad38aead-6901-47c9-afe0-f1d9aed516e5,落合希来里,4omgTUU,≠ME,24,0,0.6,0,0.6512,0.6035,lead_dancer:4;content:1;streaming:1,physical.natural_fitness,,18,19,16,,,,
ad38aead-6901-47c9-afe0-f1d9aed516e5,落合希来里,4omgTUU,≠ME,24,0,0.6,0,0.6512,0.6035,lead_dancer:4;content:1;streaming:1,physical.stamina,,14,15,14,,,,
ad38aead-6901-47c9-afe0-f1d9aed516e5,落合希来里,4omgTUU,≠ME,24,0,0.6,0,0.6512,0.6035,lead_dancer:4;content:1;streaming:1,appearance.cute,,13,13,11,,,,
ad38aead-6901-47c9-afe0-f1d9aed516e5,落合希来里,4omgTUU,≠ME,24,0,0.6,0,0.6512,0.6035,lead_dancer:4;content:1;streaming:1,appearance.pretty,,19,19,18,,,,
ad38aead-6901-47c9-afe0-f1d9aed516e5,落合希来里,4omgTUU,≠ME,24,0,0.6,0,0.6512,0.6035,lead_dancer:4;content:1;streaming:1,technical.pitch,,17,17,20,,,,
ad38aead-6901-47c9-afe0-f1d9aed516e5,落合希来里,4omgTUU,≠ME,24,0,0.6,0,0.6512,0.6035,lead_dancer:4;content:1;streaming:1,technical.tone,,18,18,20,,,,
ad38aead-6901-47c9-afe0-f1d9aed516e5,落合希来里,4omgTUU,≠ME,24,0,0.6,0,0.6512,0.6035,lead_dancer:4;content:1;streaming:1,technical.breath,,18,18,20,,,,
ad38aead-6901-47c9-afe0-f1d9aed516e5,落合希来里,4omgTUU,≠ME,24,0,0.6,0,0.6512,0.6035,lead_dancer:4;content:1;streaming:1,technical.rhythm,,19,20,20,,,,
ad38aead-6901-47c9-afe0-f1d9aed516e5,落合希来里,4omgTUU,≠ME,24,0,0.6,0,0.6512,0.6035,lead_dancer:4;content:1;streaming:1,technical.power,,15,16,20,,,,
ad38aead-6901-47c9-afe0-f1d9aed516e5,落合希来里,4omgTUU,≠ME,24,0,0.6,0,0.6512,0.6035,lead_dancer:4;content:1;streaming:1,technical.grace,,17,19,20,,,,
ad38aead-6901-47c9-afe0-f1d9aed516e5,落合希来里,4omgTUU,≠ME,24,0,0.6,0,0.6512,0.6035,lead_dancer:4;content:1;streaming:1,mental.clever,,15,16,9,,,,
ad38aead-6901-47c9-afe0-f1d9aed516e5,落合希来里,4omgTUU,≠ME,24,0,0.6,0,0.6512,0.6035,lead_dancer:4;content:1;streaming:1,mental.humor,,15,16,14,,,,
ad38aead-6901-47c9-afe0-f1d9aed516e5,落合希来里,4omgTUU,≠ME,24,0,0.6,0,0.6512,0.6035,lead_dancer:4;content:1;streaming:1,mental.talking,,18,19,12,,,,
ad38aead-6901-47c9-afe0-f1d9aed516e5,落合希来里,4omgTUU,≠ME,24,0,0.6,0,0.6512,0.6035,lead_dancer:4;content:1;streaming:1,mental.determination,,19,20,20,,,,
ad38aead-6901-47c9-afe0-f1d9aed516e5,落合希来里,4omgTUU,≠ME,24,0,0.6,0,0.6512,0.6035,lead_dancer:4;content:1;streaming:1,mental.teamwork,,18,19,18,,,,
ad38aead-6901-47c9-afe0-f1d9aed516e5,落合希来里,4omgTUU,≠ME,24,0,0.6,0,0.6512,0.6035,lead_dancer:4;content:1;streaming:1,mental.fashion,,19,19,19,,,,
ebd96467-2ab0-4557-a5a5-1b4904d0872a,鈴木瞳美,4omgTUU,≠ME,24,0,0.6,0,0.7537,0.6035,center:3;content:2;streaming:4;style:4,physical.strength,,16,16,17,,,,
ebd96467-2ab0-4557-a5a5-1b4904d0872a,鈴木瞳美,4omgTUU,≠ME,24,0,0.6,0,0.7537,0.6035,center:3;content:2;streaming:4;style:4,physical.agility,,17,17,20,,,,
ebd96467-2ab0-4557-a5a5-1b4904d0872a,鈴木瞳美,4omgTUU,≠ME,24,0,0.6,0,0.7537,0.6035,center:3;content:2;streaming:4;style:4,physical.natural_fitness,,19,19,20,,,,
ebd96467-2ab0-4557-a5a5-1b4904d0872a,鈴木瞳美,4omgTUU,≠ME,24,0,0.6,0,0.7537,0.6035,center:3;content:2;streaming:4;style:4,physical.stamina,,18,18,20,,,,
ebd96467-2ab0-4557-a5a5-1b4904d0872a,鈴木瞳美,4omgTUU,≠ME,24,0,0.6,0,0.7537,0.6035,center:3;content:2;streaming:4;style:4,appearance.cute,,14,18,13,,,,
ebd96467-2ab0-4557-a5a5-1b4904d0872a,鈴木瞳美,4omgTUU,≠ME,24,0,0.6,0,0.7537,0.6035,center:3;content:2;streaming:4;style:4,appearance.pretty,,19,20,20,,,,
ebd96467-2ab0-4557-a5a5-1b4904d0872a,鈴木瞳美,4omgTUU,≠ME,24,0,0.6,0,0.7537,0.6035,center:3;content:2;streaming:4;style:4,technical.pitch,,19,19,20,,,,
ebd96467-2ab0-4557-a5a5-1b4904d0872a,鈴木瞳美,4omgTUU,≠ME,24,0,0.6,0,0.7537,0.6035,center:3;content:2;streaming:4;style:4,technical.tone,,16,16,17,,,,
ebd96467-2ab0-4557-a5a5-1b4904d0872a,鈴木瞳美,4omgTUU,≠ME,24,0,0.6,0,0.7537,0.6035,center:3;content:2;streaming:4;style:4,technical.breath,,19,19,20,,,,
ebd96467-2ab0-4557-a5a5-1b4904d0872a,鈴木瞳美,4omgTUU,≠ME,24,0,0.6,0,0.7537,0.6035,center:3;content:2;streaming:4;style:4,technical.rhythm,,16,16,17,,,,
ebd96467-2ab0-4557-a5a5-1b4904d0872a,鈴木瞳美,4omgTUU,≠ME,24,0,0.6,0,0.7537,0.6035,center:3;content:2;streaming:4;style:4,technical.power,,17,17,20,,,,
ebd96467-2ab0-4557-a5a5-1b4904d0872a,鈴木瞳美,4omgTUU,≠ME,24,0,0.6,0,0.7537,0.6035,center:3;content:2;streaming:4;style:4,technical.grace,,17,18,20,,,,
ebd96467-2ab0-4557-a5a5-1b4904d0872a,鈴木瞳美,4omgTUU,≠ME,24,0,0.6,0,0.7537,0.6035,center:3;content:2;streaming:4;style:4,mental.clever,,17,19,16,,,,
ebd96467-2ab0-4557-a5a5-1b4904d0872a,鈴木瞳美,4omgTUU,≠ME,24,0,0.6,0,0.7537,0.6035,center:3;content:2;streaming:4;style:4,mental.humor,,17,19,20,,,,
ebd96467-2ab0-4557-a5a5-1b4904d0872a,鈴木瞳美,4omgTUU,≠ME,24,0,0.6,0,0.7537,0.6035,center:3;content:2;streaming:4;style:4,mental.talking,,14,18,10,,,,
ebd96467-2ab0-4557-a5a5-1b4904d0872a,鈴木瞳美,4omgTUU,≠ME,24,0,0.6,0,0.7537,0.6035,center:3;content:2;streaming:4;style:4,mental.determination,,20,20,17,,,,
ebd96467-2ab0-4557-a5a5-1b4904d0872a,鈴木瞳美,4omgTUU,≠ME,24,0,0.6,0,0.7537,0.6035,center:3;content:2;streaming:4;style:4,mental.teamwork,,15,16,13,,,,
ebd96467-2ab0-4557-a5a5-1b4904d0872a,鈴木瞳美,4omgTUU,≠ME,24,0,0.6,0,0.7537,0.6035,center:3;content:2;streaming:4;style:4,mental.fashion,,15,18,16,,,,
e436a6fa-896c-49d8-9d2f-80cf93d22698,櫻井もも,4omgTUU,≠ME,21,0.1667,0.3,0,0.7061,0.6035,center:2;lead_singer:4;lead_dancer:2;host:3;content:1;streaming:3,physical.strength,,17,17,18,,,,
e436a6fa-896c-49d8-9d2f-80cf93d22698,櫻井もも,4omgTUU,≠ME,21,0.1667,0.3,0,0.7061,0.6035,center:2;lead_singer:4;lead_dancer:2;host:3;content:1;streaming:3,physical.agility,,15,16,15,,,,
e436a6fa-896c-49d8-9d2f-80cf93d22698,櫻井もも,4omgTUU,≠ME,21,0.1667,0.3,0,0.7061,0.6035,center:2;lead_singer:4;lead_dancer:2;host:3;content:1;streaming:3,physical.natural_fitness,,13,14,17,,,,
e436a6fa-896c-49d8-9d2f-80cf93d22698,櫻井もも,4omgTUU,≠ME,21,0.1667,0.3,0,0.7061,0.6035,center:2;lead_singer:4;lead_dancer:2;host:3;content:1;streaming:3,physical.stamina,,14,15,16,,,,
e436a6fa-896c-49d8-9d2f-80cf93d22698,櫻井もも,4omgTUU,≠ME,21,0.1667,0.3,0,0.7061,0.6035,center:2;lead_singer:4;lead_dancer:2;host:3;content:1;streaming:3,appearance.cute,,16,17,16,,,,
e436a6fa-896c-49d8-9d2f-80cf93d22698,櫻井もも,4omgTUU,≠ME,21,0.1667,0.3,0,0.7061,0.6035,center:2;lead_singer:4;lead_dancer:2;host:3;content:1;streaming:3,appearance.pretty,,18,19,16,,,,
e436a6fa-896c-49d8-9d2f-80cf93d22698,櫻井もも,4omgTUU,≠ME,21,0.1667,0.3,0,0.7061,0.6035,center:2;lead_singer:4;lead_dancer:2;host:3;content:1;streaming:3,technical.pitch,,17,19,18,,,,
e436a6fa-896c-49d8-9d2f-80cf93d22698,櫻井もも,4omgTUU,≠ME,21,0.1667,0.3,0,0.7061,0.6035,center:2;lead_singer:4;lead_dancer:2;host:3;content:1;streaming:3,technical.tone,,13,15,14,,,,
e436a6fa-896c-49d8-9d2f-80cf93d22698,櫻井もも,4omgTUU,≠ME,21,0.1667,0.3,0,0.7061,0.6035,center:2;lead_singer:4;lead_dancer:2;host:3;content:1;streaming:3,technical.breath,,17,19,17,,,,
e436a6fa-896c-49d8-9d2f-80cf93d22698,櫻井もも,4omgTUU,≠ME,21,0.1667,0.3,0,0.7061,0.6035,center:2;lead_singer:4;lead_dancer:2;host:3;content:1;streaming:3,technical.rhythm,,16,18,16,,,,
e436a6fa-896c-49d8-9d2f-80cf93d22698,櫻井もも,4omgTUU,≠ME,21,0.1667,0.3,0,0.7061,0.6035,center:2;lead_singer:4;lead_dancer:2;host:3;content:1;streaming:3,technical.power,,16,18,16,,,,
e436a6fa-896c-49d8-9d2f-80cf93d22698,櫻井もも,4omgTUU,≠ME,21,0.1667,0.3,0,0.7061,0.6035,center:2;lead_singer:4;lead_dancer:2;host:3;content:1;streaming:3,technical.grace,,17,19,18,,,,
e436a6fa-896c-49d8-9d2f-80cf93d22698,櫻井もも,4omgTUU,≠ME,21,0.1667,0.3,0,0.7061,0.6035,center:2;lead_singer:4;lead_dancer:2;host:3;content:1;streaming:3,mental.clever,,17,19,20,,,,
e436a6fa-896c-49d8-9d2f-80cf93d22698,櫻井もも,4omgTUU,≠ME,21,0.1667,0.3,0,0.7061,0.6035,center:2;lead_singer:4;lead_dancer:2;host:3;content:1;streaming:3,mental.humor,,14,16,17,,,,
e436a6fa-896c-49d8-9d2f-80cf93d22698,櫻井もも,4omgTUU,≠ME,21,0.1667,0.3,0,0.7061,0.6035,center:2;lead_singer:4;lead_dancer:2;host:3;content:1;streaming:3,mental.talking,,19,20,20,,,,
e436a6fa-896c-49d8-9d2f-80cf93d22698,櫻井もも,4omgTUU,≠ME,21,0.1667,0.3,0,0.7061,0.6035,center:2;lead_singer:4;lead_dancer:2;host:3;content:1;streaming:3,mental.determination,,19,20,16,,,,
e436a6fa-896c-49d8-9d2f-80cf93d22698,櫻井もも,4omgTUU,≠ME,21,0.1667,0.3,0,0.7061,0.6035,center:2;lead_singer:4;lead_dancer:2;host:3;content:1;streaming:3,mental.teamwork,,18,19,16,,,,
e436a6fa-896c-49d8-9d2f-80cf93d22698,櫻井もも,4omgTUU,≠ME,21,0.1667,0.3,0,0.7061,0.6035,center:2;lead_singer:4;lead_dancer:2;host:3;content:1;streaming:3,mental.fashion,,13,13,9,,,,
5363990d-3455-4c8c-bfea-da686140357e,川中子奈月心,4omgTUU,≠ME,19,0.5,0.1,0,0.6438,0.6035,lead_singer:3;content:1;streaming:2;style:2,physical.strength,,17,17,13,,,,
5363990d-3455-4c8c-bfea-da686140357e,川中子奈月心,4omgTUU,≠ME,19,0.5,0.1,0,0.6438,0.6035,lead_singer:3;content:1;streaming:2;style:2,physical.agility,,18,18,20,,,,
5363990d-3455-4c8c-bfea-da686140357e,川中子奈月心,4omgTUU,≠ME,19,0.5,0.1,0,0.6438,0.6035,lead_singer:3;content:1;streaming:2;style:2,physical.natural_fitness,,14,14,16,,,,
5363990d-3455-4c8c-bfea-da686140357e,川中子奈月心,4omgTUU,≠ME,19,0.5,0.1,0,0.6438,0.6035,lead_singer:3;content:1;streaming:2;style:2,physical.stamina,,14,14,16,,,,
5363990d-3455-4c8c-bfea-da686140357e,川中子奈月心,4omgTUU,≠ME,19,0.5,0.1,0,0.6438,0.6035,lead_singer:3;content:1;streaming:2;style:2,appearance.cute,,14,15,17,,,,
5363990d-3455-4c8c-bfea-da686140357e,川中子奈月心,4omgTUU,≠ME,19,0.5,0.1,0,0.6438,0.6035,lead_singer:3;content:1;streaming:2;style:2,appearance.pretty,,15,16,13,,,,
5363990d-3455-4c8c-bfea-da686140357e,川中子奈月心,4omgTUU,≠ME,19,0.5,0.1,0,0.6438,0.6035,lead_singer:3;content:1;streaming:2;style:2,technical.pitch,,14,16,15,,,,
5363990d-3455-4c8c-bfea-da686140357e,川中子奈月心,4omgTUU,≠ME,19,0.5,0.1,0,0.6438,0.6035,lead_singer:3;content:1;streaming:2;style:2,technical.tone,,12,14,10,,,,
5363990d-3455-4c8c-bfea-da686140357e,川中子奈月心,4omgTUU,≠ME,19,0.5,0.1,0,0.6438,0.6035,lead_singer:3;content:1;streaming:2;style:2,technical.breath,,12,14,8,,,,
5363990d-3455-4c8c-bfea-da686140357e,川中子奈月心,4omgTUU,≠ME,19,0.5,0.1,0,0.6438,0.6035,lead_singer:3;content:1;streaming:2;style:2,technical.rhythm,,15,15,13,,,,
5363990d-3455-4c8c-bfea-da686140357e,川中子奈月心,4omgTUU,≠ME,19,0.5,0.1,0,0.6438,0.6035,lead_singer:3;content:1;streaming:2;style:2,technical.power,,17,18,15,,,,
5363990d-3455-4c8c-bfea-da686140357e,川中子奈月心,4omgTUU,≠ME,19,0.5,0.1,0,0.6438,0.6035,lead_singer:3;content:1;streaming:2;style:2,technical.grace,,14,14,15,,,,
5363990d-3455-4c8c-bfea-da686140357e,川中子奈月心,4omgTUU,≠ME,19,0.5,0.1,0,0.6438,0.6035,lead_singer:3;content:1;streaming:2;style:2,mental.clever,,13,14,18,,,,
5363990d-3455-4c8c-bfea-da686140357e,川中子奈月心,4omgTUU,≠ME,19,0.5,0.1,0,0.6438,0.6035,lead_singer:3;content:1;streaming:2;style:2,mental.humor,,12,13,15,,,,
5363990d-3455-4c8c-bfea-da686140357e,川中子奈月心,4omgTUU,≠ME,19,0.5,0.1,0,0.6438,0.6035,lead_singer:3;content:1;streaming:2;style:2,mental.talking,,12,14,13,,,,
5363990d-3455-4c8c-bfea-da686140357e,川中子奈月心,4omgTUU,≠ME,19,0.5,0.1,0,0.6438,0.6035,lead_singer:3;content:1;streaming:2;style:2,mental.determination,,14,15,9,,,,
5363990d-3455-4c8c-bfea-da686140357e,川中子奈月心,4omgTUU,≠ME,19,0.5,0.1,0,0.6438,0.6035,lead_singer:3;content:1;streaming:2;style:2,mental.teamwork,,15,16,15,,,,
5363990d-3455-4c8c-bfea-da686140357e,川中子奈月心,4omgTUU,≠ME,19,0.5,0.1,0,0.6438,0.6035,lead_singer:3;content:1;streaming:2;style:2,mental.fashion,,16,17,16,,,,
b7f71d28-034b-4ec6-8aa4-08b898f413ee,逢田珠里依,4omSSk9Z,≒JOY,19,0.5,0.1,0,0.6138,0.5109,leader:2;content:1;streaming:3;style:4,physical.strength,,13,13,9,,,,
b7f71d28-034b-4ec6-8aa4-08b898f413ee,逢田珠里依,4omSSk9Z,≒JOY,19,0.5,0.1,0,0.6138,0.5109,leader:2;content:1;streaming:3;style:4,physical.agility,,13,13,19,,,,
b7f71d28-034b-4ec6-8aa4-08b898f413ee,逢田珠里依,4omSSk9Z,≒JOY,19,0.5,0.1,0,0.6138,0.5109,leader:2;content:1;streaming:3;style:4,physical.natural_fitness,,17,17,19,,,,
b7f71d28-034b-4ec6-8aa4-08b898f413ee,逢田珠里依,4omSSk9Z,≒JOY,19,0.5,0.1,0,0.6138,0.5109,leader:2;content:1;streaming:3;style:4,physical.stamina,,14,14,16,,,,
b7f71d28-034b-4ec6-8aa4-08b898f413ee,逢田珠里依,4omSSk9Z,≒JOY,19,0.5,0.1,0,0.6138,0.5109,leader:2;content:1;streaming:3;style:4,appearance.cute,,16,18,20,,,,
b7f71d28-034b-4ec6-8aa4-08b898f413ee,逢田珠里依,4omSSk9Z,≒JOY,19,0.5,0.1,0,0.6138,0.5109,leader:2;content:1;streaming:3;style:4,appearance.pretty,,18,20,18,,,,
b7f71d28-034b-4ec6-8aa4-08b898f413ee,逢田珠里依,4omSSk9Z,≒JOY,19,0.5,0.1,0,0.6138,0.5109,leader:2;content:1;streaming:3;style:4,technical.pitch,,11,11,11,,,,
b7f71d28-034b-4ec6-8aa4-08b898f413ee,逢田珠里依,4omSSk9Z,≒JOY,19,0.5,0.1,0,0.6138,0.5109,leader:2;content:1;streaming:3;style:4,technical.tone,,15,15,13,,,,
b7f71d28-034b-4ec6-8aa4-08b898f413ee,逢田珠里依,4omSSk9Z,≒JOY,19,0.5,0.1,0,0.6138,0.5109,leader:2;content:1;streaming:3;style:4,technical.breath,,12,12,8,,,,
b7f71d28-034b-4ec6-8aa4-08b898f413ee,逢田珠里依,4omSSk9Z,≒JOY,19,0.5,0.1,0,0.6138,0.5109,leader:2;content:1;streaming:3;style:4,technical.rhythm,,14,14,12,,,,
b7f71d28-034b-4ec6-8aa4-08b898f413ee,逢田珠里依,4omSSk9Z,≒JOY,19,0.5,0.1,0,0.6138,0.5109,leader:2;content:1;streaming:3;style:4,technical.power,,15,15,16,,,,
b7f71d28-034b-4ec6-8aa4-08b898f413ee,逢田珠里依,4omSSk9Z,≒JOY,19,0.5,0.1,0,0.6138,0.5109,leader:2;content:1;streaming:3;style:4,technical.grace,,15,15,18,,,,
b7f71d28-034b-4ec6-8aa4-08b898f413ee,逢田珠里依,4omSSk9Z,≒JOY,19,0.5,0.1,0,0.6138,0.5109,leader:2;content:1;streaming:3;style:4,mental.clever,,18,19,19,,,,
b7f71d28-034b-4ec6-8aa4-08b898f413ee,逢田珠里依,4omSSk9Z,≒JOY,19,0.5,0.1,0,0.6138,0.5109,leader:2;content:1;streaming:3;style:4,mental.humor,,17,18,19,,,,
b7f71d28-034b-4ec6-8aa4-08b898f413ee,逢田珠里依,4omSSk9Z,≒JOY,19,0.5,0.1,0,0.6138,0.5109,leader:2;content:1;streaming:3;style:4,mental.talking,,16,19,17,,,,
b7f71d28-034b-4ec6-8aa4-08b898f413ee,逢田珠里依,4omSSk9Z,≒JOY,19,0.5,0.1,0,0.6138,0.5109,leader:2;content:1;streaming:3;style:4,mental.determination,,14,15,9,,,,
b7f71d28-034b-4ec6-8aa4-08b898f413ee,逢田珠里依,4omSSk9Z,≒JOY,19,0.5,0.1,0,0.6138,0.5109,leader:2;content:1;streaming:3;style:4,mental.teamwork,,13,15,15,,,,
b7f71d28-034b-4ec6-8aa4-08b898f413ee,逢田珠里依,4omSSk9Z,≒JOY,19,0.5,0.1,0,0.6138,0.5109,leader:2;content:1;streaming:3;style:4,mental.fashion,,14,16,15,,,,
ab39e1ef-feb4-4d0c-ba0e-819c1449d398,天野香乃愛,4omSSk9Z,≒JOY,18,0.6667,0,0,0.6416,0.5109,center:3;content:1;streaming:4;style:2,physical.strength,,16,16,14,,,,
ab39e1ef-feb4-4d0c-ba0e-819c1449d398,天野香乃愛,4omSSk9Z,≒JOY,18,0.6667,0,0,0.6416,0.5109,center:3;content:1;streaming:4;style:2,physical.agility,,14,14,18,,,,
ab39e1ef-feb4-4d0c-ba0e-819c1449d398,天野香乃愛,4omSSk9Z,≒JOY,18,0.6667,0,0,0.6416,0.5109,center:3;content:1;streaming:4;style:2,physical.natural_fitness,,17,17,20,,,,
ab39e1ef-feb4-4d0c-ba0e-819c1449d398,天野香乃愛,4omSSk9Z,≒JOY,18,0.6667,0,0,0.6416,0.5109,center:3;content:1;streaming:4;style:2,physical.stamina,,12,12,16,,,,
ab39e1ef-feb4-4d0c-ba0e-819c1449d398,天野香乃愛,4omSSk9Z,≒JOY,18,0.6667,0,0,0.6416,0.5109,center:3;content:1;streaming:4;style:2,appearance.cute,,18,20,20,,,,
ab39e1ef-feb4-4d0c-ba0e-819c1449d398,天野香乃愛,4omSSk9Z,≒JOY,18,0.6667,0,0,0.6416,0.5109,center:3;content:1;streaming:4;style:2,appearance.pretty,,14,16,13,,,,
ab39e1ef-feb4-4d0c-ba0e-819c1449d398,天野香乃愛,4omSSk9Z,≒JOY,18,0.6667,0,0,0.6416,0.5109,center:3;content:1;streaming:4;style:2,technical.pitch,,20,20,20,,,,
ab39e1ef-feb4-4d0c-ba0e-819c1449d398,天野香乃愛,4omSSk9Z,≒JOY,18,0.6667,0,0,0.6416,0.5109,center:3;content:1;streaming:4;style:2,technical.tone,,20,20,19,,,,
ab39e1ef-feb4-4d0c-ba0e-819c1449d398,天野香乃愛,4omSSk9Z,≒JOY,18,0.6667,0,0,0.6416,0.5109,center:3;content:1;streaming:4;style:2,technical.breath,,20,20,20,,,,
ab39e1ef-feb4-4d0c-ba0e-819c1449d398,天野香乃愛,4omSSk9Z,≒JOY,18,0.6667,0,0,0.6416,0.5109,center:3;content:1;streaming:4;style:2,technical.rhythm,,20,20,19,,,,
ab39e1ef-feb4-4d0c-ba0e-819c1449d398,天野香乃愛,4omSSk9Z,≒JOY,18,0.6667,0,0,0.6416,0.5109,center:3;content:1;streaming:4;style:2,technical.power,,17,17,18,,,,
ab39e1ef-feb4-4d0c-ba0e-819c1449d398,天野香乃愛,4omSSk9Z,≒JOY,18,0.6667,0,0,0.6416,0.5109,center:3;content:1;streaming:4;style:2,technical.grace,,19,20,20,,,,
ab39e1ef-feb4-4d0c-ba0e-819c1449d398,天野香乃愛,4omSSk9Z,≒JOY,18,0.6667,0,0,0.6416,0.5109,center:3;content:1;streaming:4;style:2,mental.clever,,13,14,17,,,,
ab39e1ef-feb4-4d0c-ba0e-819c1449d398,天野香乃愛,4omSSk9Z,≒JOY,18,0.6667,0,0,0.6416,0.5109,center:3;content:1;streaming:4;style:2,mental.humor,,13,15,17,,,,
ab39e1ef-feb4-4d0c-ba0e-819c1449d398,天野香乃愛,4omSSk9Z,≒JOY,18,0.6667,0,0,0.6416,0.5109,center:3;content:1;streaming:4;style:2,mental.talking,,16,19,15,,,,
ab39e1ef-feb4-4d0c-ba0e-819c1449d398,天野香乃愛,4omSSk9Z,≒JOY,18,0.6667,0,0,0.6416,0.5109,center:3;content:1;streaming:4;style:2,mental.determination,,12,12,9,,,,
ab39e1ef-feb4-4d0c-ba0e-819c1449d398,天野香乃愛,4omSSk9Z,≒JOY,18,0.6667,0,0,0.6416,0.5109,center:3;content:1;streaming:4;style:2,mental.teamwork,,12,13,11,,,,
ab39e1ef-feb4-4d0c-ba0e-819c1449d398,天野香乃愛,4omSSk9Z,≒JOY,18,0.6667,0,0,0.6416,0.5109,center:3;content:1;streaming:4;style:2,mental.fashion,,13,14,10,,,,
71cb6623-5199-4cc1-b4a4-0971b6b435e0,市原愛弓,4omSSk9Z,≒JOY,21,0.1667,0.3,0,0.6902,0.5109,center:3;content:1;streaming:3;style:3,physical.strength,,14,14,14,,,,
71cb6623-5199-4cc1-b4a4-0971b6b435e0,市原愛弓,4omSSk9Z,≒JOY,21,0.1667,0.3,0,0.6902,0.5109,center:3;content:1;streaming:3;style:3,physical.agility,,13,13,16,,,,
71cb6623-5199-4cc1-b4a4-0971b6b435e0,市原愛弓,4omSSk9Z,≒JOY,21,0.1667,0.3,0,0.6902,0.5109,center:3;content:1;streaming:3;style:3,physical.natural_fitness,,14,14,17,,,,
71cb6623-5199-4cc1-b4a4-0971b6b435e0,市原愛弓,4omSSk9Z,≒JOY,21,0.1667,0.3,0,0.6902,0.5109,center:3;content:1;streaming:3;style:3,physical.stamina,,13,13,16,,,,
71cb6623-5199-4cc1-b4a4-0971b6b435e0,市原愛弓,4omSSk9Z,≒JOY,21,0.1667,0.3,0,0.6902,0.5109,center:3;content:1;streaming:3;style:3,appearance.cute,,13,16,13,,,,
71cb6623-5199-4cc1-b4a4-0971b6b435e0,市原愛弓,4omSSk9Z,≒JOY,21,0.1667,0.3,0,0.6902,0.5109,center:3;content:1;streaming:3;style:3,appearance.pretty,,14,17,15,,,,
71cb6623-5199-4cc1-b4a4-0971b6b435e0,市原愛弓,4omSSk9Z,≒JOY,21,0.1667,0.3,0,0.6902,0.5109,center:3;content:1;streaming:3;style:3,technical.pitch,,17,17,20,,,,
71cb6623-5199-4cc1-b4a4-0971b6b435e0,市原愛弓,4omSSk9Z,≒JOY,21,0.1667,0.3,0,0.6902,0.5109,center:3;content:1;streaming:3;style:3,technical.tone,,14,14,14,,,,
71cb6623-5199-4cc1-b4a4-0971b6b435e0,市原愛弓,4omSSk9Z,≒JOY,21,0.1667,0.3,0,0.6902,0.5109,center:3;content:1;streaming:3;style:3,technical.breath,,16,16,20,,,,
71cb6623-5199-4cc1-b4a4-0971b6b435e0,市原愛弓,4omSSk9Z,≒JOY,21,0.1667,0.3,0,0.6902,0.5109,center:3;content:1;streaming:3;style:3,technical.rhythm,,13,13,14,,,,
71cb6623-5199-4cc1-b4a4-0971b6b435e0,市原愛弓,4omSSk9Z,≒JOY,21,0.1667,0.3,0,0.6902,0.5109,center:3;content:1;streaming:3;style:3,technical.power,,15,15,18,,,,
71cb6623-5199-4cc1-b4a4-0971b6b435e0,市原愛弓,4omSSk9Z,≒JOY,21,0.1667,0.3,0,0.6902,0.5109,center:3;content:1;streaming:3;style:3,technical.grace,,16,17,20,,,,
71cb6623-5199-4cc1-b4a4-0971b6b435e0,市原愛弓,4omSSk9Z,≒JOY,21,0.1667,0.3,0,0.6902,0.5109,center:3;content:1;streaming:3;style:3,mental.clever,,13,14,14,,,,
71cb6623-5199-4cc1-b4a4-0971b6b435e0,市原愛弓,4omSSk9Z,≒JOY,21,0.1667,0.3,0,0.6902,0.5109,center:3;content:1;streaming:3;style:3,mental.humor,,19,20,20,,,,
71cb6623-5199-4cc1-b4a4-0971b6b435e0,市原愛弓,4omSSk9Z,≒JOY,21,0.1667,0.3,0,0.6902,0.5109,center:3;content:1;streaming:3;style:3,mental.talking,,16,19,13,,,,
71cb6623-5199-4cc1-b4a4-0971b6b435e0,市原愛弓,4omSSk9Z,≒JOY,21,0.1667,0.3,0,0.6902,0.5109,center:3;content:1;streaming:3;style:3,mental.determination,,15,15,13,,,,
71cb6623-5199-4cc1-b4a4-0971b6b435e0,市原愛弓,4omSSk9Z,≒JOY,21,0.1667,0.3,0,0.6902,0.5109,center:3;content:1;streaming:3;style:3,mental.teamwork,,13,14,11,,,,
71cb6623-5199-4cc1-b4a4-0971b6b435e0,市原愛弓,4omSSk9Z,≒JOY,21,0.1667,0.3,0,0.6902,0.5109,center:3;content:1;streaming:3;style:3,mental.fashion,,15,17,15,,,,
9f10b37c-29b8-4aca-999e-cd9c4592395c,江角怜音,4omSSk9Z,≒JOY,20,0.3333,0.2,0,0.6591,0.5109,center:5;lead_dancer:4;host:3;content:1;streaming:2,physical.strength,,13,13,17,,,,
9f10b37c-29b8-4aca-999e-cd9c4592395c,江角怜音,4omSSk9Z,≒JOY,20,0.3333,0.2,0,0.6591,0.5109,center:5;lead_dancer:4;host:3;content:1;streaming:2,physical.agility,,16,18,17,,,,
9f10b37c-29b8-4aca-999e-cd9c4592395c,江角怜音,4omSSk9Z,≒JOY,20,0.3333,0.2,0,0.6591,0.5109,center:5;lead_dancer:4;host:3;content:1;streaming:2,physical.natural_fitness,,15,16,18,,,,
9f10b37c-29b8-4aca-999e-cd9c4592395c,江角怜音,4omSSk9Z,≒JOY,20,0.3333,0.2,0,0.6591,0.5109,center:5;lead_dancer:4;host:3;content:1;streaming:2,physical.stamina,,12,13,15,,,,
9f10b37c-29b8-4aca-999e-cd9c4592395c,江角怜音,4omSSk9Z,≒JOY,20,0.3333,0.2,0,0.6591,0.5109,center:5;lead_dancer:4;host:3;content:1;streaming:2,appearance.cute,,14,17,12,,,,
9f10b37c-29b8-4aca-999e-cd9c4592395c,江角怜音,4omSSk9Z,≒JOY,20,0.3333,0.2,0,0.6591,0.5109,center:5;lead_dancer:4;host:3;content:1;streaming:2,appearance.pretty,,13,15,11,,,,
9f10b37c-29b8-4aca-999e-cd9c4592395c,江角怜音,4omSSk9Z,≒JOY,20,0.3333,0.2,0,0.6591,0.5109,center:5;lead_dancer:4;host:3;content:1;streaming:2,technical.pitch,,13,13,16,,,,
9f10b37c-29b8-4aca-999e-cd9c4592395c,江角怜音,4omSSk9Z,≒JOY,20,0.3333,0.2,0,0.6591,0.5109,center:5;lead_dancer:4;host:3;content:1;streaming:2,technical.tone,,11,11,14,,,,
9f10b37c-29b8-4aca-999e-cd9c4592395c,江角怜音,4omSSk9Z,≒JOY,20,0.3333,0.2,0,0.6591,0.5109,center:5;lead_dancer:4;host:3;content:1;streaming:2,technical.breath,,11,11,18,,,,
9f10b37c-29b8-4aca-999e-cd9c4592395c,江角怜音,4omSSk9Z,≒JOY,20,0.3333,0.2,0,0.6591,0.5109,center:5;lead_dancer:4;host:3;content:1;streaming:2,technical.rhythm,,15,18,18,,,,
9f10b37c-29b8-4aca-999e-cd9c4592395c,江角怜音,4omSSk9Z,≒JOY,20,0.3333,0.2,0,0.6591,0.5109,center:5;lead_dancer:4;host:3;content:1;streaming:2,technical.power,,15,16,20,,,,
9f10b37c-29b8-4aca-999e-cd9c4592395c,江角怜音,4omSSk9Z,≒JOY,20,0.3333,0.2,0,0.6591,0.5109,center:5;lead_dancer:4;host:3;content:1;streaming:2,technical.grace,,15,18,20,,,,
9f10b37c-29b8-4aca-999e-cd9c4592395c,江角怜音,4omSSk9Z,≒JOY,20,0.3333,0.2,0,0.6591,0.5109,center:5;lead_dancer:4;host:3;content:1;streaming:2,mental.clever,,14,16,16,,,,
9f10b37c-29b8-4aca-999e-cd9c4592395c,江角怜音,4omSSk9Z,≒JOY,20,0.3333,0.2,0,0.6591,0.5109,center:5;lead_dancer:4;host:3;content:1;streaming:2,mental.humor,,17,19,19,,,,
9f10b37c-29b8-4aca-999e-cd9c4592395c,江角怜音,4omSSk9Z,≒JOY,20,0.3333,0.2,0,0.6591,0.5109,center:5;lead_dancer:4;host:3;content:1;streaming:2,mental.talking,,12,16,8,,,,
9f10b37c-29b8-4aca-999e-cd9c4592395c,江角怜音,4omSSk9Z,≒JOY,20,0.3333,0.2,0,0.6591,0.5109,center:5;lead_dancer:4;host:3;content:1;streaming:2,mental.determination,,16,17,19,,,,
9f10b37c-29b8-4aca-999e-cd9c4592395c,江角怜音,4omSSk9Z,≒JOY,20,0.3333,0.2,0,0.6591,0.5109,center:5;lead_dancer:4;host:3;content:1;streaming:2,mental.teamwork,,17,18,15,,,,
9f10b37c-29b8-4aca-999e-cd9c4592395c,江角怜音,4omSSk9Z,≒JOY,20,0.3333,0.2,0,0.6591,0.5109,center:5;lead_dancer:4;host:3;content:1;streaming:2,mental.fashion,,14,14,10,,,,
467eb1c0-0349-47ad-b918-7b2789aae410,大信田美月,4omSSk9Z,≒JOY,20,0.3333,0.2,0,0.6309,0.5109,center:1;content:2;streaming:1;style:1,physical.strength,,15,15,12,,,,
467eb1c0-0349-47ad-b918-7b2789aae410,大信田美月,4omSSk9Z,≒JOY,20,0.3333,0.2,0,0.6309,0.5109,center:1;content:2;streaming:1;style:1,physical.agility,,16,16,17,,,,
467eb1c0-0349-47ad-b918-7b2789aae410,大信田美月,4omSSk9Z,≒JOY,20,0.3333,0.2,0,0.6309,0.5109,center:1;content:2;streaming:1;style:1,physical.natural_fitness,,12,12,12,,,,
467eb1c0-0349-47ad-b918-7b2789aae410,大信田美月,4omSSk9Z,≒JOY,20,0.3333,0.2,0,0.6309,0.5109,center:1;content:2;streaming:1;style:1,physical.stamina,,15,15,17,,,,
467eb1c0-0349-47ad-b918-7b2789aae410,大信田美月,4omSSk9Z,≒JOY,20,0.3333,0.2,0,0.6309,0.5109,center:1;content:2;streaming:1;style:1,appearance.cute,,16,17,18,,,,
467eb1c0-0349-47ad-b918-7b2789aae410,大信田美月,4omSSk9Z,≒JOY,20,0.3333,0.2,0,0.6309,0.5109,center:1;content:2;streaming:1;style:1,appearance.pretty,,19,20,18,,,,
467eb1c0-0349-47ad-b918-7b2789aae410,大信田美月,4omSSk9Z,≒JOY,20,0.3333,0.2,0,0.6309,0.5109,center:1;content:2;streaming:1;style:1,technical.pitch,,17,17,18,,,,
467eb1c0-0349-47ad-b918-7b2789aae410,大信田美月,4omSSk9Z,≒JOY,20,0.3333,0.2,0,0.6309,0.5109,center:1;content:2;streaming:1;style:1,technical.tone,,14,14,13,,,,
467eb1c0-0349-47ad-b918-7b2789aae410,大信田美月,4omSSk9Z,≒JOY,20,0.3333,0.2,0,0.6309,0.5109,center:1;content:2;streaming:1;style:1,technical.breath,,17,17,19,,,,
467eb1c0-0349-47ad-b918-7b2789aae410,大信田美月,4omSSk9Z,≒JOY,20,0.3333,0.2,0,0.6309,0.5109,center:1;content:2;streaming:1;style:1,technical.rhythm,,13,13,11,,,,
467eb1c0-0349-47ad-b918-7b2789aae410,大信田美月,4omSSk9Z,≒JOY,20,0.3333,0.2,0,0.6309,0.5109,center:1;content:2;streaming:1;style:1,technical.power,,13,13,13,,,,
467eb1c0-0349-47ad-b918-7b2789aae410,大信田美月,4omSSk9Z,≒JOY,20,0.3333,0.2,0,0.6309,0.5109,center:1;content:2;streaming:1;style:1,technical.grace,,16,16,18,,,,
467eb1c0-0349-47ad-b918-7b2789aae410,大信田美月,4omSSk9Z,≒JOY,20,0.3333,0.2,0,0.6309,0.5109,center:1;content:2;streaming:1;style:1,mental.clever,,11,12,9,,,,
467eb1c0-0349-47ad-b918-7b2789aae410,大信田美月,4omSSk9Z,≒JOY,20,0.3333,0.2,0,0.6309,0.5109,center:1;content:2;streaming:1;style:1,mental.humor,,13,14,14,,,,
467eb1c0-0349-47ad-b918-7b2789aae410,大信田美月,4omSSk9Z,≒JOY,20,0.3333,0.2,0,0.6309,0.5109,center:1;content:2;streaming:1;style:1,mental.talking,,13,15,11,,,,
467eb1c0-0349-47ad-b918-7b2789aae410,大信田美月,4omSSk9Z,≒JOY,20,0.3333,0.2,0,0.6309,0.5109,center:1;content:2;streaming:1;style:1,mental.determination,,16,16,15,,,,
467eb1c0-0349-47ad-b918-7b2789aae410,大信田美月,4omSSk9Z,≒JOY,20,0.3333,0.2,0,0.6309,0.5109,center:1;content:2;streaming:1;style:1,mental.teamwork,,17,17,17,,,,
467eb1c0-0349-47ad-b918-7b2789aae410,大信田美月,4omSSk9Z,≒JOY,20,0.3333,0.2,0,0.6309,0.5109,center:1;content:2;streaming:1;style:1,mental.fashion,,17,18,18,,,,
8e398e32-b32b-41c7-8791-bddbd4730bcd,大西葵,4omSSk9Z,≒JOY,19,0.5,0.1,0,0.5978,0.5109,center:1;lead_singer:4;content:1;streaming:4,physical.strength,,15,15,12,,,,
8e398e32-b32b-41c7-8791-bddbd4730bcd,大西葵,4omSSk9Z,≒JOY,19,0.5,0.1,0,0.5978,0.5109,center:1;lead_singer:4;content:1;streaming:4,physical.agility,,13,13,14,,,,
8e398e32-b32b-41c7-8791-bddbd4730bcd,大西葵,4omSSk9Z,≒JOY,19,0.5,0.1,0,0.5978,0.5109,center:1;lead_singer:4;content:1;streaming:4,physical.natural_fitness,,15,15,19,,,,
8e398e32-b32b-41c7-8791-bddbd4730bcd,大西葵,4omSSk9Z,≒JOY,19,0.5,0.1,0,0.5978,0.5109,center:1;lead_singer:4;content:1;streaming:4,physical.stamina,,17,17,19,,,,
8e398e32-b32b-41c7-8791-bddbd4730bcd,大西葵,4omSSk9Z,≒JOY,19,0.5,0.1,0,0.5978,0.5109,center:1;lead_singer:4;content:1;streaming:4,appearance.cute,,17,18,20,,,,
8e398e32-b32b-41c7-8791-bddbd4730bcd,大西葵,4omSSk9Z,≒JOY,19,0.5,0.1,0,0.5978,0.5109,center:1;lead_singer:4;content:1;streaming:4,appearance.pretty,,14,15,11,,,,
8e398e32-b32b-41c7-8791-bddbd4730bcd,大西葵,4omSSk9Z,≒JOY,19,0.5,0.1,0,0.5978,0.5109,center:1;lead_singer:4;content:1;streaming:4,technical.pitch,,17,19,18,,,,
8e398e32-b32b-41c7-8791-bddbd4730bcd,大西葵,4omSSk9Z,≒JOY,19,0.5,0.1,0,0.5978,0.5109,center:1;lead_singer:4;content:1;streaming:4,technical.tone,,18,20,17,,,,
8e398e32-b32b-41c7-8791-bddbd4730bcd,大西葵,4omSSk9Z,≒JOY,19,0.5,0.1,0,0.5978,0.5109,center:1;lead_singer:4;content:1;streaming:4,technical.breath,,15,17,15,,,,
8e398e32-b32b-41c7-8791-bddbd4730bcd,大西葵,4omSSk9Z,≒JOY,19,0.5,0.1,0,0.5978,0.5109,center:1;lead_singer:4;content:1;streaming:4,technical.rhythm,,14,15,12,,,,
8e398e32-b32b-41c7-8791-bddbd4730bcd,大西葵,4omSSk9Z,≒JOY,19,0.5,0.1,0,0.5978,0.5109,center:1;lead_singer:4;content:1;streaming:4,technical.power,,18,19,13,,,,
8e398e32-b32b-41c7-8791-bddbd4730bcd,大西葵,4omSSk9Z,≒JOY,19,0.5,0.1,0,0.5978,0.5109,center:1;lead_singer:4;content:1;streaming:4,technical.grace,,14,14,12,,,,
8e398e32-b32b-41c7-8791-bddbd4730bcd,大西葵,4omSSk9Z,≒JOY,19,0.5,0.1,0,0.5978,0.5109,center:1;lead_singer:4;content:1;streaming:4,mental.clever,,13,14,20,,,,
8e398e32-b32b-41c7-8791-bddbd4730bcd,大西葵,4omSSk9Z,≒JOY,19,0.5,0.1,0,0.5978,0.5109,center:1;lead_singer:4;content:1;streaming:4,mental.humor,,11,13,14,,,,
8e398e32-b32b-41c7-8791-bddbd4730bcd,大西葵,4omSSk9Z,≒JOY,19,0.5,0.1,0,0.5978,0.5109,center:1;lead_singer:4;content:1;streaming:4,mental.talking,,15,18,17,,,,
8e398e32-b32b-41c7-8791-bddbd4730bcd,大西葵,4omSSk9Z,≒JOY,19,0.5,0.1,0,0.5978,0.5109,center:1;lead_singer:4;content:1;streaming:4,mental.determination,,13,14,9,,,,
8e398e32-b32b-41c7-8791-bddbd4730bcd,大西葵,4omSSk9Z,≒JOY,19,0.5,0.1,0,0.5978,0.5109,center:1;lead_singer:4;content:1;streaming:4,mental.teamwork,,15,16,14,,,,
8e398e32-b32b-41c7-8791-bddbd4730bcd,大西葵,4omSSk9Z,≒JOY,19,0.5,0.1,0,0.5978,0.5109,center:1;lead_singer:4;content:1;streaming:4,mental.fashion,,13,13,9,,,,
34180da9-ba3b-438a-bb13-9db7a95d9dbd,小澤愛実,4omSSk9Z,≒JOY,22,0,0.4,0,0.5919,0.5109,leader:5;lead_singer:3;host:1;content:2;streaming:1;call_leader:2,physical.strength,,13,13,6,,,,
34180da9-ba3b-438a-bb13-9db7a95d9dbd,小澤愛実,4omSSk9Z,≒JOY,22,0,0.4,0,0.5919,0.5109,leader:5;lead_singer:3;host:1;content:2;streaming:1;call_leader:2,physical.agility,,14,14,11,,,,
34180da9-ba3b-438a-bb13-9db7a95d9dbd,小澤愛実,4omSSk9Z,≒JOY,22,0,0.4,0,0.5919,0.5109,leader:5;lead_singer:3;host:1;content:2;streaming:1;call_leader:2,physical.natural_fitness,,12,12,9,,,,
34180da9-ba3b-438a-bb13-9db7a95d9dbd,小澤愛実,4omSSk9Z,≒JOY,22,0,0.4,0,0.5919,0.5109,leader:5;lead_singer:3;host:1;content:2;streaming:1;call_leader:2,physical.stamina,,13,13,12,,,,
34180da9-ba3b-438a-bb13-9db7a95d9dbd,小澤愛実,4omSSk9Z,≒JOY,22,0,0.4,0,0.5919,0.5109,leader:5;lead_singer:3;host:1;content:2;streaming:1;call_leader:2,appearance.cute,,19,19,20,,,,
34180da9-ba3b-438a-bb13-9db7a95d9dbd,小澤愛実,4omSSk9Z,≒JOY,22,0,0.4,0,0.5919,0.5109,leader:5;lead_singer:3;host:1;content:2;streaming:1;call_leader:2,appearance.pretty,,17,17,18,,,,
34180da9-ba3b-438a-bb13-9db7a95d9dbd,小澤愛実,4omSSk9Z,≒JOY,22,0,0.4,0,0.5919,0.5109,leader:5;lead_singer:3;host:1;content:2;streaming:1;call_leader:2,technical.pitch,,13,15,10,,,,
34180da9-ba3b-438a-bb13-9db7a95d9dbd,小澤愛実,4omSSk9Z,≒JOY,22,0,0.4,0,0.5919,0.5109,leader:5;lead_singer:3;host:1;content:2;streaming:1;call_leader:2,technical.tone,,17,19,14,,,,
34180da9-ba3b-438a-bb13-9db7a95d9dbd,小澤愛実,4omSSk9Z,≒JOY,22,0,0.4,0,0.5919,0.5109,leader:5;lead_singer:3;host:1;content:2;streaming:1;call_leader:2,technical.breath,,13,15,9,,,,
34180da9-ba3b-438a-bb13-9db7a95d9dbd,小澤愛実,4omSSk9Z,≒JOY,22,0,0.4,0,0.5919,0.5109,leader:5;lead_singer:3;host:1;content:2;streaming:1;call_leader:2,technical.rhythm,,15,16,10,,,,
34180da9-ba3b-438a-bb13-9db7a95d9dbd,小澤愛実,4omSSk9Z,≒JOY,22,0,0.4,0,0.5919,0.5109,leader:5;lead_singer:3;host:1;content:2;streaming:1;call_leader:2,technical.power,,18,19,12,,,,
34180da9-ba3b-438a-bb13-9db7a95d9dbd,小澤愛実,4omSSk9Z,≒JOY,22,0,0.4,0,0.5919,0.5109,leader:5;lead_singer:3;host:1;content:2;streaming:1;call_leader:2,technical.grace,,18,18,11,,,,
34180da9-ba3b-438a-bb13-9db7a95d9dbd,小澤愛実,4omSSk9Z,≒JOY,22,0,0.4,0,0.5919,0.5109,leader:5;lead_singer:3;host:1;content:2;streaming:1;call_leader:2,mental.clever,,15,16,8,,,,
34180da9-ba3b-438a-bb13-9db7a95d9dbd,小澤愛実,4omSSk9Z,≒JOY,22,0,0.4,0,0.5919,0.5109,leader:5;lead_singer:3;host:1;content:2;streaming:1;call_leader:2,mental.humor,,14,16,12,,,,
34180da9-ba3b-438a-bb13-9db7a95d9dbd,小澤愛実,4omSSk9Z,≒JOY,22,0,0.4,0,0.5919,0.5109,leader:5;lead_singer:3;host:1;content:2;streaming:1;call_leader:2,mental.talking,,13,17,18,,,,
34180da9-ba3b-438a-bb13-9db7a95d9dbd,小澤愛実,4omSSk9Z,≒JOY,22,0,0.4,0,0.5919,0.5109,leader:5;lead_singer:3;host:1;content:2;streaming:1;call_leader:2,mental.determination,,19,20,17,,,,
34180da9-ba3b-438a-bb13-9db7a95d9dbd,小澤愛実,4omSSk9Z,≒JOY,22,0,0.4,0,0.5919,0.5109,leader:5;lead_singer:3;host:1;content:2;streaming:1;call_leader:2,mental.teamwork,,17,20,20,,,,
34180da9-ba3b-438a-bb13-9db7a95d9dbd,小澤愛実,4omSSk9Z,≒JOY,22,0,0.4,0,0.5919,0.5109,leader:5;lead_singer:3;host:1;content:2;streaming:1;call_leader:2,mental.fashion,,17,17,18,,,,
e95be424-7347-42da-b0c4-6a58ac34f676,髙橋舞,4omSSk9Z,≒JOY,17,0.8333,0,0,0.556,0.5109,content:1;streaming:3;call_leader:1,physical.strength,,15,15,10,,,,
e95be424-7347-42da-b0c4-6a58ac34f676,髙橋舞,4omSSk9Z,≒JOY,17,0.8333,0,0,0.556,0.5109,content:1;streaming:3;call_leader:1,physical.agility,,13,13,15,,,,
e95be424-7347-42da-b0c4-6a58ac34f676,髙橋舞,4omSSk9Z,≒JOY,17,0.8333,0,0,0.556,0.5109,content:1;streaming:3;call_leader:1,physical.natural_fitness,,14,14,16,,,,
e95be424-7347-42da-b0c4-6a58ac34f676,髙橋舞,4omSSk9Z,≒JOY,17,0.8333,0,0,0.556,0.5109,content:1;streaming:3;call_leader:1,physical.stamina,,17,17,19,,,,
e95be424-7347-42da-b0c4-6a58ac34f676,髙橋舞,4omSSk9Z,≒JOY,17,0.8333,0,0,0.556,0.5109,content:1;streaming:3;call_leader:1,appearance.cute,,12,13,16,,,,
e95be424-7347-42da-b0c4-6a58ac34f676,髙橋舞,4omSSk9Z,≒JOY,17,0.8333,0,0,0.556,0.5109,content:1;streaming:3;call_leader:1,appearance.pretty,,14,14,12,,,,
e95be424-7347-42da-b0c4-6a58ac34f676,髙橋舞,4omSSk9Z,≒JOY,17,0.8333,0,0,0.556,0.5109,content:1;streaming:3;call_leader:1,technical.pitch,,14,14,13,,,,
e95be424-7347-42da-b0c4-6a58ac34f676,髙橋舞,4omSSk9Z,≒JOY,17,0.8333,0,0,0.556,0.5109,content:1;streaming:3;call_leader:1,technical.tone,,13,13,9,,,,
e95be424-7347-42da-b0c4-6a58ac34f676,髙橋舞,4omSSk9Z,≒JOY,17,0.8333,0,0,0.556,0.5109,content:1;streaming:3;call_leader:1,technical.breath,,13,13,10,,,,
e95be424-7347-42da-b0c4-6a58ac34f676,髙橋舞,4omSSk9Z,≒JOY,17,0.8333,0,0,0.556,0.5109,content:1;streaming:3;call_leader:1,technical.rhythm,,15,15,11,,,,
e95be424-7347-42da-b0c4-6a58ac34f676,髙橋舞,4omSSk9Z,≒JOY,17,0.8333,0,0,0.556,0.5109,content:1;streaming:3;call_leader:1,technical.power,,16,16,13,,,,
e95be424-7347-42da-b0c4-6a58ac34f676,髙橋舞,4omSSk9Z,≒JOY,17,0.8333,0,0,0.556,0.5109,content:1;streaming:3;call_leader:1,technical.grace,,17,17,16,,,,
e95be424-7347-42da-b0c4-6a58ac34f676,髙橋舞,4omSSk9Z,≒JOY,17,0.8333,0,0,0.556,0.5109,content:1;streaming:3;call_leader:1,mental.clever,,15,16,18,,,,
e95be424-7347-42da-b0c4-6a58ac34f676,髙橋舞,4omSSk9Z,≒JOY,17,0.8333,0,0,0.556,0.5109,content:1;streaming:3;call_leader:1,mental.humor,,10,11,12,,,,
e95be424-7347-42da-b0c4-6a58ac34f676,髙橋舞,4omSSk9Z,≒JOY,17,0.8333,0,0,0.556,0.5109,content:1;streaming:3;call_leader:1,mental.talking,,16,19,17,,,,
e95be424-7347-42da-b0c4-6a58ac34f676,髙橋舞,4omSSk9Z,≒JOY,17,0.8333,0,0,0.556,0.5109,content:1;streaming:3;call_leader:1,mental.determination,,13,13,9,,,,
e95be424-7347-42da-b0c4-6a58ac34f676,髙橋舞,4omSSk9Z,≒JOY,17,0.8333,0,0,0.556,0.5109,content:1;streaming:3;call_leader:1,mental.teamwork,,12,13,13,,,,
e95be424-7347-42da-b0c4-6a58ac34f676,髙橋舞,4omSSk9Z,≒JOY,17,0.8333,0,0,0.556,0.5109,content:1;streaming:3;call_leader:1,mental.fashion,,13,13,10,,,,
203c9904-8383-4b32-9f01-c5ceda9c9337,藤沢莉子,4omSSk9Z,≒JOY,21,0.1667,0.3,0,0.5915,0.5109,leader:1;lead_singer:2;lead_dancer:3;content:1;streaming:3,physical.strength,,12,12,13,,,,
203c9904-8383-4b32-9f01-c5ceda9c9337,藤沢莉子,4omSSk9Z,≒JOY,21,0.1667,0.3,0,0.5915,0.5109,leader:1;lead_singer:2;lead_dancer:3;content:1;streaming:3,physical.agility,,17,18,18,,,,
203c9904-8383-4b32-9f01-c5ceda9c9337,藤沢莉子,4omSSk9Z,≒JOY,21,0.1667,0.3,0,0.5915,0.5109,leader:1;lead_singer:2;lead_dancer:3;content:1;streaming:3,physical.natural_fitness,,16,17,17,,,,
203c9904-8383-4b32-9f01-c5ceda9c9337,藤沢莉子,4omSSk9Z,≒JOY,21,0.1667,0.3,0,0.5915,0.5109,leader:1;lead_singer:2;lead_dancer:3;content:1;streaming:3,physical.stamina,,17,18,18,,,,
203c9904-8383-4b32-9f01-c5ceda9c9337,藤沢莉子,4omSSk9Z,≒JOY,21,0.1667,0.3,0,0.5915,0.5109,leader:1;lead_singer:2;lead_dancer:3;content:1;streaming:3,appearance.cute,,18,18,20,,,,
203c9904-8383-4b32-9f01-c5ceda9c9337,藤沢莉子,4omSSk9Z,≒JOY,21,0.1667,0.3,0,0.5915,0.5109,leader:1;lead_singer:2;lead_dancer:3;content:1;streaming:3,appearance.pretty,,16,16,14,,,,
203c9904-8383-4b32-9f01-c5ceda9c9337,藤沢莉子,4omSSk9Z,≒JOY,21,0.1667,0.3,0,0.5915,0.5109,leader:1;lead_singer:2;lead_dancer:3;content:1;streaming:3,technical.pitch,,13,14,15,,,,
203c9904-8383-4b32-9f01-c5ceda9c9337,藤沢莉子,4omSSk9Z,≒JOY,21,0.1667,0.3,0,0.5915,0.5109,leader:1;lead_singer:2;lead_dancer:3;content:1;streaming:3,technical.tone,,12,13,14,,,,
203c9904-8383-4b32-9f01-c5ceda9c9337,藤沢莉子,4omSSk9Z,≒JOY,21,0.1667,0.3,0,0.5915,0.5109,leader:1;lead_singer:2;lead_dancer:3;content:1;streaming:3,technical.breath,,15,16,20,,,,
203c9904-8383-4b32-9f01-c5ceda9c9337,藤沢莉子,4omSSk9Z,≒JOY,21,0.1667,0.3,0,0.5915,0.5109,leader:1;lead_singer:2;lead_dancer:3;content:1;streaming:3,technical.rhythm,,14,16,15,,,,
203c9904-8383-4b32-9f01-c5ceda9c9337,藤沢莉子,4omSSk9Z,≒JOY,21,0.1667,0.3,0,0.5915,0.5109,leader:1;lead_singer:2;lead_dancer:3;content:1;streaming:3,technical.power,,13,14,14,,,,
203c9904-8383-4b32-9f01-c5ceda9c9337,藤沢莉子,4omSSk9Z,≒JOY,21,0.1667,0.3,0,0.5915,0.5109,leader:1;lead_singer:2;lead_dancer:3;content:1;streaming:3,technical.grace,,12,14,12,,,,
203c9904-8383-4b32-9f01-c5ceda9c9337,藤沢莉子,4omSSk9Z,≒JOY,21,0.1667,0.3,0,0.5915,0.5109,leader:1;lead_singer:2;lead_dancer:3;content:1;streaming:3,mental.clever,,17,18,17,,,,
203c9904-8383-4b32-9f01-c5ceda9c9337,藤沢莉子,4omSSk9Z,≒JOY,21,0.1667,0.3,0,0.5915,0.5109,leader:1;lead_singer:2;lead_dancer:3;content:1;streaming:3,mental.humor,,17,18,18,,,,
203c9904-8383-4b32-9f01-c5ceda9c9337,藤沢莉子,4omSSk9Z,≒JOY,21,0.1667,0.3,0,0.5915,0.5109,leader:1;lead_singer:2;lead_dancer:3;content:1;streaming:3,mental.talking,,16,18,14,,,,
203c9904-8383-4b32-9f01-c5ceda9c9337,藤沢莉子,4omSSk9Z,≒JOY,21,0.1667,0.3,0,0.5915,0.5109,leader:1;lead_singer:2;lead_dancer:3;content:1;streaming:3,mental.determination,,12,13,13,,,,
203c9904-8383-4b32-9f01-c5ceda9c9337,藤沢莉子,4omSSk9Z,≒JOY,21,0.1667,0.3,0,0.5915,0.5109,leader:1;lead_singer:2;lead_dancer:3;content:1;streaming:3,mental.teamwork,,15,16,15,,,,
203c9904-8383-4b32-9f01-c5ceda9c9337,藤沢莉子,4omSSk9Z,≒JOY,21,0.1667,0.3,0,0.5915,0.5109,leader:1;lead_singer:2;lead_dancer:3;content:1;streaming:3,mental.fashion,,12,12,10,,,,
4560127d-788f-4c87-882c-1d7eb222fb57,村山結香,4omSSk9Z,≒JOY,21,0.1667,0.3,0,0.5929,0.5109,center:1;lead_singer:3;lead_dancer:3;content:1;streaming:3,physical.strength,,14,14,16,,,,
4560127d-788f-4c87-882c-1d7eb222fb57,村山結香,4omSSk9Z,≒JOY,21,0.1667,0.3,0,0.5929,0.5109,center:1;lead_singer:3;lead_dancer:3;content:1;streaming:3,physical.agility,,12,13,12,,,,
4560127d-788f-4c87-882c-1d7eb222fb57,村山結香,4omSSk9Z,≒JOY,21,0.1667,0.3,0,0.5929,0.5109,center:1;lead_singer:3;lead_dancer:3;content:1;streaming:3,physical.natural_fitness,,13,14,14,,,,
4560127d-788f-4c87-882c-1d7eb222fb57,村山結香,4omSSk9Z,≒JOY,21,0.1667,0.3,0,0.5929,0.5109,center:1;lead_singer:3;lead_dancer:3;content:1;streaming:3,physical.stamina,,17,18,18,,,,
4560127d-788f-4c87-882c-1d7eb222fb57,村山結香,4omSSk9Z,≒JOY,21,0.1667,0.3,0,0.5929,0.5109,center:1;lead_singer:3;lead_dancer:3;content:1;streaming:3,appearance.cute,,13,14,14,,,,
4560127d-788f-4c87-882c-1d7eb222fb57,村山結香,4omSSk9Z,≒JOY,21,0.1667,0.3,0,0.5929,0.5109,center:1;lead_singer:3;lead_dancer:3;content:1;streaming:3,appearance.pretty,,17,18,15,,,,
4560127d-788f-4c87-882c-1d7eb222fb57,村山結香,4omSSk9Z,≒JOY,21,0.1667,0.3,0,0.5929,0.5109,center:1;lead_singer:3;lead_dancer:3;content:1;streaming:3,technical.pitch,,14,16,17,,,,
4560127d-788f-4c87-882c-1d7eb222fb57,村山結香,4omSSk9Z,≒JOY,21,0.1667,0.3,0,0.5929,0.5109,center:1;lead_singer:3;lead_dancer:3;content:1;streaming:3,technical.tone,,13,15,15,,,,
4560127d-788f-4c87-882c-1d7eb222fb57,村山結香,4omSSk9Z,≒JOY,21,0.1667,0.3,0,0.5929,0.5109,center:1;lead_singer:3;lead_dancer:3;content:1;streaming:3,technical.breath,,16,18,20,,,,
4560127d-788f-4c87-882c-1d7eb222fb57,村山結香,4omSSk9Z,≒JOY,21,0.1667,0.3,0,0.5929,0.5109,center:1;lead_singer:3;lead_dancer:3;content:1;streaming:3,technical.rhythm,,13,15,15,,,,
4560127d-788f-4c87-882c-1d7eb222fb57,村山結香,4omSSk9Z,≒JOY,21,0.1667,0.3,0,0.5929,0.5109,center:1;lead_singer:3;lead_dancer:3;content:1;streaming:3,technical.power,,13,15,14,,,,
4560127d-788f-4c87-882c-1d7eb222fb57,村山結香,4omSSk9Z,≒JOY,21,0.1667,0.3,0,0.5929,0.5109,center:1;lead_singer:3;lead_dancer:3;content:1;streaming:3,technical.grace,,14,16,15,,,,
4560127d-788f-4c87-882c-1d7eb222fb57,村山結香,4omSSk9Z,≒JOY,21,0.1667,0.3,0,0.5929,0.5109,center:1;lead_singer:3;lead_dancer:3;content:1;streaming:3,mental.clever,,14,15,16,,,,
4560127d-788f-4c87-882c-1d7eb222fb57,村山結香,4omSSk9Z,≒JOY,21,0.1667,0.3,0,0.5929,0.5109,center:1;lead_singer:3;lead_dancer:3;content:1;streaming:3,mental.humor,,14,15,15,,,,
4560127d-788f-4c87-882c-1d7eb222fb57,村山結香,4omSSk9Z,≒JOY,21,0.1667,0.3,0,0.5929,0.5109,center:1;lead_singer:3;lead_dancer:3;content:1;streaming:3,mental.talking,,12,14,9,,,,
4560127d-788f-4c87-882c-1d7eb222fb57,村山結香,4omSSk9Z,≒JOY,21,0.1667,0.3,0,0.5929,0.5109,center:1;lead_singer:3;lead_dancer:3;content:1;streaming:3,mental.determination,,16,17,17,,,,
4560127d-788f-4c87-882c-1d7eb222fb57,村山結香,4omSSk9Z,≒JOY,21,0.1667,0.3,0,0.5929,0.5109,center:1;lead_singer:3;lead_dancer:3;content:1;streaming:3,mental.teamwork,,18,19,17,,,,
4560127d-788f-4c87-882c-1d7eb222fb57,村山結香,4omSSk9Z,≒JOY,21,0.1667,0.3,0,0.5929,0.5109,center:1;lead_singer:3;lead_dancer:3;content:1;streaming:3,mental.fashion,,14,14,11,,,,
b08bbb4b-a33b-4ebb-a930-a35ea64bb5aa,山田杏佳,4omSSk9Z,≒JOY,19,0.5,0.1,0,0.6279,0.5109,center:1;content:1;streaming:3;style:2,physical.strength,,16,16,14,,,,
b08bbb4b-a33b-4ebb-a930-a35ea64bb5aa,山田杏佳,4omSSk9Z,≒JOY,19,0.5,0.1,0,0.6279,0.5109,center:1;content:1;streaming:3;style:2,physical.agility,,17,17,20,,,,
b08bbb4b-a33b-4ebb-a930-a35ea64bb5aa,山田杏佳,4omSSk9Z,≒JOY,19,0.5,0.1,0,0.6279,0.5109,center:1;content:1;streaming:3;style:2,physical.natural_fitness,,17,17,20,,,,
b08bbb4b-a33b-4ebb-a930-a35ea64bb5aa,山田杏佳,4omSSk9Z,≒JOY,19,0.5,0.1,0,0.6279,0.5109,center:1;content:1;streaming:3;style:2,physical.stamina,,16,16,18,,,,
b08bbb4b-a33b-4ebb-a930-a35ea64bb5aa,山田杏佳,4omSSk9Z,≒JOY,19,0.5,0.1,0,0.6279,0.5109,center:1;content:1;streaming:3;style:2,appearance.cute,,14,16,16,,,,
b08bbb4b-a33b-4ebb-a930-a35ea64bb5aa,山田杏佳,4omSSk9Z,≒JOY,19,0.5,0.1,0,0.6279,0.5109,center:1;content:1;streaming:3;style:2,appearance.pretty,,13,15,12,,,,
b08bbb4b-a33b-4ebb-a930-a35ea64bb5aa,山田杏佳,4omSSk9Z,≒JOY,19,0.5,0.1,0,0.6279,0.5109,center:1;content:1;streaming:3;style:2,technical.pitch,,14,14,15,,,,
b08bbb4b-a33b-4ebb-a930-a35ea64bb5aa,山田杏佳,4omSSk9Z,≒JOY,19,0.5,0.1,0,0.6279,0.5109,center:1;content:1;streaming:3;style:2,technical.tone,,15,15,14,,,,
b08bbb4b-a33b-4ebb-a930-a35ea64bb5aa,山田杏佳,4omSSk9Z,≒JOY,19,0.5,0.1,0,0.6279,0.5109,center:1;content:1;streaming:3;style:2,technical.breath,,16,16,16,,,,
b08bbb4b-a33b-4ebb-a930-a35ea64bb5aa,山田杏佳,4omSSk9Z,≒JOY,19,0.5,0.1,0,0.6279,0.5109,center:1;content:1;streaming:3;style:2,technical.rhythm,,13,13,11,,,,
b08bbb4b-a33b-4ebb-a930-a35ea64bb5aa,山田杏佳,4omSSk9Z,≒JOY,19,0.5,0.1,0,0.6279,0.5109,center:1;content:1;streaming:3;style:2,technical.power,,15,15,15,,,,
b08bbb4b-a33b-4ebb-a930-a35ea64bb5aa,山田杏佳,4omSSk9Z,≒JOY,19,0.5,0.1,0,0.6279,0.5109,center:1;content:1;streaming:3;style:2,technical.grace,,13,13,16,,,,
b08bbb4b-a33b-4ebb-a930-a35ea64bb5aa,山田杏佳,4omSSk9Z,≒JOY,19,0.5,0.1,0,0.6279,0.5109,center:1;content:1;streaming:3;style:2,mental.clever,,15,16,18,,,,
b08bbb4b-a33b-4ebb-a930-a35ea64bb5aa,山田杏佳,4omSSk9Z,≒JOY,19,0.5,0.1,0,0.6279,0.5109,center:1;content:1;streaming:3;style:2,mental.humor,,18,19,20,,,,
b08bbb4b-a33b-4ebb-a930-a35ea64bb5aa,山田杏佳,4omSSk9Z,≒JOY,19,0.5,0.1,0,0.6279,0.5109,center:1;content:1;streaming:3;style:2,mental.talking,,14,17,13,,,,
b08bbb4b-a33b-4ebb-a930-a35ea64bb5aa,山田杏佳,4omSSk9Z,≒JOY,19,0.5,0.1,0,0.6279,0.5109,center:1;content:1;streaming:3;style:2,mental.determination,,17,17,14,,,,
b08bbb4b-a33b-4ebb-a930-a35ea64bb5aa,山田杏佳,4omSSk9Z,≒JOY,19,0.5,0.1,0,0.6279,0.5109,center:1;content:1;streaming:3;style:2,mental.teamwork,,18,19,18,,,,
b08bbb4b-a33b-4ebb-a930-a35ea64bb5aa,山田杏佳,4omSSk9Z,≒JOY,19,0.5,0.1,0,0.6279,0.5109,center:1;content:1;streaming:3;style:2,mental.fashion,,12,13,11,,,,
808b921c-a6e1-48c5-bfc9-892d6e828e37,山野愛月,4omSSk9Z,≒JOY,18,0.6667,0,0,0.6334,0.5109,center:1;content:1;streaming:1;style:1,physical.strength,,14,14,10,,,,
808b921c-a6e1-48c5-bfc9-892d6e828e37,山野愛月,4omSSk9Z,≒JOY,18,0.6667,0,0,0.6334,0.5109,center:1;content:1;streaming:1;style:1,physical.agility,,17,17,19,,,,
808b921c-a6e1-48c5-bfc9-892d6e828e37,山野愛月,4omSSk9Z,≒JOY,18,0.6667,0,0,0.6334,0.5109,center:1;content:1;streaming:1;style:1,physical.natural_fitness,,15,15,16,,,,
808b921c-a6e1-48c5-bfc9-892d6e828e37,山野愛月,4omSSk9Z,≒JOY,18,0.6667,0,0,0.6334,0.5109,center:1;content:1;streaming:1;style:1,physical.stamina,,16,16,18,,,,
808b921c-a6e1-48c5-bfc9-892d6e828e37,山野愛月,4omSSk9Z,≒JOY,18,0.6667,0,0,0.6334,0.5109,center:1;content:1;streaming:1;style:1,appearance.cute,,16,18,19,,,,
808b921c-a6e1-48c5-bfc9-892d6e828e37,山野愛月,4omSSk9Z,≒JOY,18,0.6667,0,0,0.6334,0.5109,center:1;content:1;streaming:1;style:1,appearance.pretty,,18,19,16,,,,
808b921c-a6e1-48c5-bfc9-892d6e828e37,山野愛月,4omSSk9Z,≒JOY,18,0.6667,0,0,0.6334,0.5109,center:1;content:1;streaming:1;style:1,technical.pitch,,11,11,11,,,,
808b921c-a6e1-48c5-bfc9-892d6e828e37,山野愛月,4omSSk9Z,≒JOY,18,0.6667,0,0,0.6334,0.5109,center:1;content:1;streaming:1;style:1,technical.tone,,11,11,9,,,,
808b921c-a6e1-48c5-bfc9-892d6e828e37,山野愛月,4omSSk9Z,≒JOY,18,0.6667,0,0,0.6334,0.5109,center:1;content:1;streaming:1;style:1,technical.breath,,12,12,10,,,,
808b921c-a6e1-48c5-bfc9-892d6e828e37,山野愛月,4omSSk9Z,≒JOY,18,0.6667,0,0,0.6334,0.5109,center:1;content:1;streaming:1;style:1,technical.rhythm,,11,11,9,,,,
808b921c-a6e1-48c5-bfc9-892d6e828e37,山野愛月,4omSSk9Z,≒JOY,18,0.6667,0,0,0.6334,0.5109,center:1;content:1;streaming:1;style:1,technical.power,,14,14,13,,,,
808b921c-a6e1-48c5-bfc9-892d6e828e37,山野愛月,4omSSk9Z,≒JOY,18,0.6667,0,0,0.6334,0.5109,center:1;content:1;streaming:1;style:1,technical.grace,,15,15,17,,,,
808b921c-a6e1-48c5-bfc9-892d6e828e37,山野愛月,4omSSk9Z,≒JOY,18,0.6667,0,0,0.6334,0.5109,center:1;content:1;streaming:1;style:1,mental.clever,,11,11,12,,,,
808b921c-a6e1-48c5-bfc9-892d6e828e37,山野愛月,4omSSk9Z,≒JOY,18,0.6667,0,0,0.6334,0.5109,center:1;content:1;streaming:1;style:1,mental.humor,,16,17,18,,,,
808b921c-a6e1-48c5-bfc9-892d6e828e37,山野愛月,4omSSk9Z,≒JOY,18,0.6667,0,0,0.6334,0.5109,center:1;content:1;streaming:1;style:1,mental.talking,,12,13,12,,,,
808b921c-a6e1-48c5-bfc9-892d6e828e37,山野愛月,4omSSk9Z,≒JOY,18,0.6667,0,0,0.6334,0.5109,center:1;content:1;streaming:1;style:1,mental.determination,,18,18,15,,,,
808b921c-a6e1-48c5-bfc9-892d6e828e37,山野愛月,4omSSk9Z,≒JOY,18,0.6667,0,0,0.6334,0.5109,center:1;content:1;streaming:1;style:1,mental.teamwork,,17,17,18,,,,
808b921c-a6e1-48c5-bfc9-892d6e828e37,山野愛月,4omSSk9Z,≒JOY,18,0.6667,0,0,0.6334,0.5109,center:1;content:1;streaming:1;style:1,mental.fashion,,11,12,11,,,,
