group_uid,group_name,name_romanji,formed_date_raw,gap_missing_or_invalid_formed_date,gap_empty_song_uids,gap_empty_discography,discography_row_count,disc_rows_empty_track_list,disc_rows_empty_track_song_uids,member_count_field,member_names_count,member_uids_nonempty_count,gap_roster_no_nonempty_uids,gap_roster_uids_short_of_names,wiki_url_missing_or_blank,agencies_missing_or_empty,all_disc_rows_missing_track_list,all_disc_rows_missing_track_song_uids,gap_flags_summary
44Ki44Kt44K344OWcHJvamVjdA,アキシブproject,Akishibu project,2012-10-05,0,0,0,8,5,7,7,7,7,0,0,0,0,0,0,disc_empty_track_list×5;disc_empty_track_song_uids×7
TElOSyBTVEFSVA,LINK START,Link_start,2023-03-11,0,0,0,2,2,2,6,6,6,0,0,0,1,1,1,disc_empty_track_list×2;disc_empty_track_song_uids×2;no_agencies
QmlT,BiS,BiS,,1,0,0,39,39,39,0,0,0,0,0,0,0,1,1,formed_date;disc_empty_track_list×39;disc_empty_track_song_uids×39
54WM44KB44GN4piG44Ki44Oz44OV44Kp44Os44Oz44OI,煌めき☆アンフォレント,Kirameki☆Unforent,2015-10-31,0,0,0,16,11,16,7,7,7,0,0,0,0,0,1,disc_empty_track_list×11;disc_empty_track_song_uids×16
QlBNMTVR/#google_vignette,BPM15Q,BPM15Q,2016-01-01,0,0,0,9,7,9,2,2,2,0,0,0,1,0,1,disc_empty_track_list×7;disc_empty_track_song_uids×9;no_agencies
QkxVRUdPQVRT,BLUEGOATS,BLUEGOATS,2021-11-07,0,0,0,28,28,28,4,4,4,0,0,0,1,1,1,disc_empty_track_list×28;disc_empty_track_song_uids×28;no_agencies
SElCQU5B,HIBANA,HIBANA,,1,0,0,10,10,10,5,5,5,0,0,0,1,1,1,formed_date;disc_empty_track_list×10;disc_empty_track_song_uids×10;no_agencies
44KG44KL44KB44KL44Oi77yB,ゆるめるモ！,,,1,0,0,44,44,44,6,6,6,0,0,0,1,1,1,formed_date;disc_empty_track_list×44;disc_empty_track_song_uids×44;no_agencies
6aKo55S35aG-,風男塾,Fudanjuku,,1,0,0,48,46,48,10,10,7,0,1,0,0,0,1,formed_date;disc_empty_track_list×46;disc_empty_track_song_uids×48;roster_uids_short
44K344Oz44OH44Os44Op5a6j6KiA77yB,シンデレラ宣言！,Cinderella_Sengen!,2020-11-01,0,0,0,51,27,51,16,16,16,0,0,0,1,0,1,disc_empty_track_list×27;disc_empty_track_song_uids×51;no_agencies
S29sb2tvbA,Kolokol,Kolokol,2018-01-01,0,0,0,15,7,15,4,4,4,0,0,0,1,0,1,disc_empty_track_list×7;disc_empty_track_song_uids×15;no_agencies
UXV1Ymk,Quubi,Quubi,2021-09-26,0,0,0,30,24,30,4,4,4,0,0,0,0,0,1,disc_empty_track_list×24;disc_empty_track_song_uids×30
Q2lPTg,CiON,CiON,2016-10-01,0,0,0,16,16,16,5,5,5,0,0,0,0,1,1,disc_empty_track_list×16;disc_empty_track_song_uids×16
TUFQQQ,MAPA,MAPA,2021-09-25,0,0,0,9,7,9,6,6,6,0,0,0,0,0,1,disc_empty_track_list×7;disc_empty_track_song_uids×9
bHlyaWNhbCBzY2hvb2w,Lyrical School,Lyrical_school,2010-10-01,0,0,0,47,27,47,17,17,16,0,1,0,0,0,1,disc_empty_track_list×27;disc_empty_track_song_uids×47;roster_uids_short
57SU5oOF44Gu44Ki44OV44Kj44Oq44Ki,純情のアフィリア,,,1,0,0,25,25,25,8,8,8,0,0,0,1,1,1,formed_date;disc_empty_track_list×25;disc_empty_track_song_uids×25;no_agencies
TGluUQ,LinQ,LinQ,2011-01-01,0,0,0,27,21,27,8,8,8,0,0,0,0,0,1,disc_empty_track_list×21;disc_empty_track_song_uids×27
U0lUVUFTSU9O,SITUASION,Situasion,,1,0,0,31,18,31,5,5,5,0,0,0,0,0,1,formed_date;disc_empty_track_list×18;disc_empty_track_song_uids×31
VEhFIE9SQ0hFU1RSQSBUT0tZTw,THE ORCHESTRA TOKYO,THE_ORCHESTRA_TOKYO,2021-02-27,0,0,0,32,31,32,5,5,5,0,0,0,0,0,1,disc_empty_track_list×31;disc_empty_track_song_uids×32
6KGb5pif44Go44Kr44Op44OG44Ki,衛星とカラテア,Eisei_to_Karatea,2021-06-21,0,0,0,13,12,13,5,5,5,0,0,0,0,0,1,disc_empty_track_list×12;disc_empty_track_song_uids×13
5aSi44G_44KL44Ki44OJ44Os44K744Oz44K5,夢みるアドレセンス,,,1,0,0,36,36,36,6,6,6,0,0,0,1,1,1,formed_date;disc_empty_track_list×36;disc_empty_track_song_uids×36;no_agencies
44KG44GP44GI44GX44KM44Ga44Gk44KM44Gl44KM,ゆくえしれずつれづれ,,2015-11-01,0,1,1,0,0,0,0,0,0,0,0,0,1,0,0,empty_song_uids;empty_discography;no_agencies
44Of44O844Og44OI44O844Kt44On44O8,ミームトーキョー,,,1,0,0,28,28,28,5,5,5,0,0,0,1,1,1,formed_date;disc_empty_track_list×28;disc_empty_track_song_uids×28;no_agencies
UmluZ3dhbmRlcnVuZw,Ringwanderung,Ringwanderung,2019-11-23,0,0,0,67,63,67,5,5,5,0,0,0,0,0,1,disc_empty_track_list×63;disc_empty_track_song_uids×67
THVjZSBUd2lua2xlIFdpbmvimIY,Luce Twinkle Wink☆,Luce_Twinkle_Wink☆,2014-08-01,0,0,0,13,12,13,6,6,6,0,0,0,0,0,1,disc_empty_track_list×12;disc_empty_track_song_uids×13
TEVJV0FO,LEIWAN,LEIWAN,2018-01-01,0,0,0,57,32,57,3,3,3,0,0,0,0,0,1,disc_empty_track_list×32;disc_empty_track_song_uids×57
RUdSe-OBiOOBkOOCi30,民族ハッピー組,Happy_People_Party,2015-02-01,0,0,0,1,1,1,12,12,11,0,1,0,1,1,1,disc_empty_track_list×1;disc_empty_track_song_uids×1;roster_uids_short;no_agencies
55yf44Gj55m944Gq44Kt44Oj44Oz44OQ44K5,真っ白なキャンバス,Masshiro_na_Canvas,2017-09-01,0,0,0,11,3,11,7,7,7,0,0,0,0,0,1,disc_empty_track_list×3;disc_empty_track_song_uids×11
I-ODkOODkOODkOODkOODs-ODkw,#ババババンビ,,2020-01-30,0,0,0,32,6,32,7,7,6,0,1,0,1,0,1,disc_empty_track_list×6;disc_empty_track_song_uids×32;roster_uids_short;no_agencies
SWxs,Ill,Ill,2021-08-27,0,0,0,6,6,6,4,4,4,0,0,0,0,1,1,disc_empty_track_list×6;disc_empty_track_song_uids×6
44Kv44Oe44Oq44OH44OR44O844OI,クマリデパート,,,1,0,0,26,26,26,6,6,6,0,0,0,1,1,1,formed_date;disc_empty_track_list×26;disc_empty_track_song_uids×26;no_agencies
44GK44GT44GV44G-44G344KM44Cc44Go44CC,おこさまぷれ〜と。,Zero_Project,,1,0,0,3,3,3,1,1,1,0,0,0,0,1,1,formed_date;disc_empty_track_list×3;disc_empty_track_song_uids×3
44GN44Gu44Ob44CC,きのホ。,Ho?,,1,0,0,14,14,14,5,5,5,0,0,0,1,1,1,formed_date;disc_empty_track_list×14;disc_empty_track_song_uids×14;no_agencies
44Op44Kk44K544Oc44O844Or,ライスボール,,2015-09-01,0,0,0,6,2,6,5,5,3,0,1,0,1,0,1,disc_empty_track_list×2;disc_empty_track_song_uids×6;roster_uids_short;no_agencies
UGFsZXR0ZSBQYXJhZGU,Palette Parade,Palette_Parade,2021-09-05,0,0,0,12,6,12,7,7,7,0,0,0,0,0,1,disc_empty_track_list×6;disc_empty_track_song_uids×12
U3dlZXQgQWxsZXk,Sweet Alley,Sweet_Alley,2019-05-19,0,0,0,8,7,8,8,8,8,0,0,0,0,0,1,disc_empty_track_list×7;disc_empty_track_song_uids×8
44Kv44Op44Op44O744Oe44Kw44Op,クララ・マグラ,,2023-10-01,0,0,0,25,22,25,8,8,8,0,0,0,1,0,1,disc_empty_track_list×22;disc_empty_track_song_uids×25;no_agencies
dWlqaW4,uijin,Uijin,2016-12-03,0,0,0,23,20,23,5,5,5,0,0,0,0,0,1,disc_empty_track_list×20;disc_empty_track_song_uids×23
UEFOREFNSUM,PANDAMIC,,2016-06-01,0,0,0,3,0,3,5,5,5,0,0,0,1,0,1,disc_empty_track_song_uids×3;no_agencies
44G_44GG44G_44GK,みうみお,Miumio,2022-12-18,0,0,0,2,1,2,2,2,2,0,0,0,0,0,1,disc_empty_track_list×1;disc_empty_track_song_uids×2
44K344Ol44Os44O844OH44Kj44Oz44Ks44O844Gu54qs,シュレーディンガーの犬,Schrödinger_no_Inu,2020-11-01,0,0,0,40,39,40,10,10,9,0,1,0,0,0,1,disc_empty_track_list×39;disc_empty_track_song_uids×40;roster_uids_short
WU9MT1o,YOLOZ,YOLOZ,2024-01-04,0,0,0,13,12,13,5,5,4,0,1,0,0,0,1,disc_empty_track_list×12;disc_empty_track_song_uids×13;roster_uids_short
emFua2E,zanka,Zanka,2023-04-01,0,0,0,4,2,4,9,9,8,0,1,0,0,0,1,disc_empty_track_list×2;disc_empty_track_song_uids×4;roster_uids_short
44Od44Oz44Kz44OE44Kz44Oz44Od,ポンコツコンポ,Ponkotsu_Konpo,2019-08-16,0,0,0,4,2,4,4,4,4,0,0,0,0,0,1,disc_empty_track_list×2;disc_empty_track_song_uids×4
QVE,AQ,AQ,2024-10-12,0,0,0,8,4,8,4,4,4,0,0,0,1,0,1,disc_empty_track_list×4;disc_empty_track_song_uids×8;no_agencies
QXNJcw,AsIs,AsIs,2024-03-29,0,0,0,10,10,10,7,7,7,0,0,0,1,1,1,disc_empty_track_list×10;disc_empty_track_song_uids×10;no_agencies
VG9oa2Vp,Tohkei,Tohkei,2023-07-06,0,0,0,6,6,6,4,4,4,0,0,0,0,1,1,disc_empty_track_list×6;disc_empty_track_song_uids×6
5pyI5YiKUEFN,月刊PAM,,,1,0,0,47,31,47,2,2,2,0,0,0,1,0,1,formed_date;disc_empty_track_list×31;disc_empty_track_song_uids×47;no_agencies
QU9BTw,AOAO,AOAO,2024-06-27,0,0,0,21,21,21,8,8,8,0,0,0,1,1,1,disc_empty_track_list×21;disc_empty_track_song_uids×21;no_agencies
Rk9LQUxJVEU,FOKALITE,FOKALITE,,1,0,0,14,1,14,4,4,4,0,0,0,0,0,1,formed_date;disc_empty_track_list×1;disc_empty_track_song_uids×14
TWVsdHkgQmVhUg,Melty BeaR,Melty_BeaR,2024-09-01,0,0,0,2,2,2,6,6,6,0,0,0,1,1,1,disc_empty_track_list×2;disc_empty_track_song_uids×2;no_agencies
RlJVSVRQT0NIRVRURQ,FRUITPOCHETTE,FRUITPOCHETTE,2012-12-23,0,0,0,16,6,16,3,3,3,0,0,0,0,0,1,disc_empty_track_list×6;disc_empty_track_song_uids×16
TlVBTkNF,NUANCE,NUANCE,2017-03-01,0,0,0,15,2,15,7,7,6,0,1,0,0,0,1,disc_empty_track_list×2;disc_empty_track_song_uids×15;roster_uids_short
44Oq44Or44ON44O844OJ,リルネード,,,1,0,0,10,1,10,3,3,3,0,0,0,1,0,1,formed_date;disc_empty_track_list×1;disc_empty_track_song_uids×10;no_agencies
44Ki44Oz44K544Oq44Ol44O844Og,アンスリューム,,2019-03-17,0,0,0,21,9,21,8,8,8,0,0,0,1,0,1,disc_empty_track_list×9;disc_empty_track_song_uids×21;no_agencies
TXlEZWFyRGFybGluJw,MyDearDarlin',MyDearDarlin',2020-01-26,0,0,0,26,14,26,4,4,4,0,0,0,0,0,1,disc_empty_track_list×14;disc_empty_track_song_uids×26
QUlCRUNL,AIBECK,AIBECK,2017-01-01,0,0,0,49,14,49,5,5,5,0,0,0,0,0,1,disc_empty_track_list×14;disc_empty_track_song_uids×49
576O5ZGz44GX44GE5puW5pin,美味しい曖昧,Aimai,,1,0,0,10,10,10,7,7,7,0,0,0,1,1,1,formed_date;disc_empty_track_list×10;disc_empty_track_song_uids×10;no_agencies
TElOS0wgUExBTkVU,LINKL PLANET,LINKL_PLANET,2022-03-21,0,0,0,10,9,10,8,8,8,0,0,0,0,0,1,disc_empty_track_list×9;disc_empty_track_song_uids×10
TUFHTUFa,MAGMAZ,MAGMAZ,2022-06-08,0,0,0,14,13,14,6,6,6,0,0,0,0,0,1,disc_empty_track_list×13;disc_empty_track_song_uids×14
QVpBVE9Z,AZATOY,AZATOY,2023-09-15,0,0,0,8,5,8,6,6,6,0,0,0,0,0,1,disc_empty_track_list×5;disc_empty_track_song_uids×8
RmluZ2VyIFJ1bnM,Finger Runs,Finger_Runs,2022-12-01,0,0,0,10,7,10,4,4,4,0,0,0,0,0,1,disc_empty_track_list×7;disc_empty_track_song_uids×10
6Iqx6a2B6YGT5Lit,花魁道中,Oiran_Dochu,2023-11-30,0,0,0,13,6,13,6,6,6,0,0,0,0,0,1,disc_empty_track_list×6;disc_empty_track_song_uids×13
44Gz44Gj44GP44GI44KT44GY44GH44KL,びっくえんじぇる,,2018-04-29,0,0,0,10,10,10,8,8,8,0,0,0,1,1,1,disc_empty_track_list×10;disc_empty_track_song_uids×10;no_agencies
6bO044Or56We,鳴ル神,Narukami,,1,1,1,0,0,0,4,4,4,0,0,1,1,0,0,formed_date;empty_song_uids;empty_discography;no_wiki_url;no_agencies
44Ok44Gq44GT44Go44Gd44Gj44Go44Of44Ol44O844OI,ヤなことそっとミュート,,,1,1,1,0,0,0,0,0,0,0,0,0,1,0,0,formed_date;empty_song_uids;empty_discography;no_agencies
44OL44Kh44OU44Oz,ニァピン,,,1,1,1,0,0,0,0,0,0,0,0,1,1,0,0,formed_date;empty_song_uids;empty_discography;no_wiki_url;no_agencies
QkxBQ0tOQVpBUkVORQ,BLACKNAZARENE,BLACKNAZARENE,2018-01-01,0,0,0,25,10,25,6,6,6,0,0,0,0,0,1,disc_empty_track_list×10;disc_empty_track_song_uids×25
44GK44KE44GZ44G_44Ob44Ot44Kw44Op44Og,おやすみホログラム,Oyasumi,,1,0,0,33,33,33,2,2,2,0,0,0,1,1,1,formed_date;disc_empty_track_list×33;disc_empty_track_song_uids×33;no_agencies
IzJpMg,#2i2,2i2,2020-12-03,0,0,0,33,24,33,4,4,4,0,0,0,0,0,1,disc_empty_track_list×24;disc_empty_track_song_uids×33
U1RBaU5Z,STAiNY,STAiNY,2021-01-02,0,0,0,21,21,21,9,9,9,0,0,0,0,1,1,disc_empty_track_list×21;disc_empty_track_song_uids×21
ZGlpZw,diig,Diig,2024-09-14,0,0,0,6,5,6,7,7,7,0,0,0,0,0,1,disc_empty_track_list×5;disc_empty_track_song_uids×6
44Kt44Oz44Kw44K144Oq,キングサリ,,2022-04-30,0,0,0,15,15,15,6,6,5,0,1,0,1,1,1,disc_empty_track_list×15;disc_empty_track_song_uids×15;roster_uids_short;no_agencies
QXhlbGlnaHQ,Axelight,Axelight,2022-05-01,0,0,0,14,14,14,5,5,5,0,0,0,0,1,1,disc_empty_track_list×14;disc_empty_track_song_uids×14
44GC44Gj44Go44Gb44G244KT44Gm44GD44O844KT,あっとせぶんてぃーん,@17,,1,0,0,10,10,10,6,6,6,0,0,0,0,1,1,formed_date;disc_empty_track_list×10;disc_empty_track_song_uids×10
I01vb292ZSE,#Mooove!,Mooove!,2023-04-01,0,0,0,9,9,9,7,7,7,0,0,0,0,1,1,disc_empty_track_list×9;disc_empty_track_song_uids×9
5aSq6Zm944Go6LiK44KM5pyI5aSc44Gr5ZSE44GI,太陽と踊れ月夜に唄え,UTA,2023-07-28,0,0,0,8,8,8,8,8,7,0,1,0,0,1,1,disc_empty_track_list×8;disc_empty_track_song_uids×8;roster_uids_short
44GV44KI44Gq44KJ44K544OG44Kk44OB44Ol44O844Oz,さよならステイチューン,,,1,0,0,15,15,15,6,6,6,0,0,0,1,1,1,formed_date;disc_empty_track_list×15;disc_empty_track_song_uids×15;no_agencies
QWxjdXRl77yB,Alcute！,Alcute!,2023-07-24,0,0,0,19,19,19,6,6,6,0,0,0,0,1,1,disc_empty_track_list×19;disc_empty_track_song_uids×19
44Op44OK44Kt44Ol44Op,ラナキュラ,,2023-02-26,0,0,0,9,9,9,10,10,9,0,1,0,1,1,1,disc_empty_track_list×9;disc_empty_track_song_uids×9;roster_uids_short;no_agencies
44K544OR44Oz44Kz44O844Or44Kw44OD44OJ44K_44Kk44Og44K6,スパンコールグッドタイムズ,,1978-01-01,0,0,0,90,90,90,4,4,4,0,0,0,1,1,1,disc_empty_track_list×90;disc_empty_track_song_uids×90;no_agencies
Q2FuZHll4pmhU3lydXA,Candye♡Syrup,Candye♡Syrup,,1,0,0,14,11,14,9,9,9,0,0,0,1,0,1,formed_date;disc_empty_track_list×11;disc_empty_track_song_uids×14;no_agencies
UFJTTUlO,PRSMIN,PRSMIN,2021-05-25,0,0,0,21,20,21,5,5,5,0,0,0,0,0,1,disc_empty_track_list×20;disc_empty_track_song_uids×21
6YCP6Imy44OJ44Ot44OD44OX,透色ドロップ,,,1,0,0,7,7,7,5,5,5,0,0,0,1,1,1,formed_date;disc_empty_track_list×7;disc_empty_track_song_uids×7;no_agencies
44Kr44Op44OV44Or44K544Kv44Oq44O844Og,カラフルスクリーム,,2017-01-14,0,0,0,13,10,13,15,15,13,0,1,0,1,0,1,disc_empty_track_list×10;disc_empty_track_song_uids×13;roster_uids_short;no_agencies
RmluYWxseQ,Finally,Finally,2021-04-23,0,0,0,29,28,29,6,6,6,0,0,0,0,0,1,disc_empty_track_list×28;disc_empty_track_song_uids×29
44OR44Op44OH44Kj44O844Kv,パラディーク,Paradeeq,2021-03-27,0,0,0,12,1,12,7,7,7,0,0,0,0,0,1,disc_empty_track_list×1;disc_empty_track_song_uids×12
bG9ubGl1bQ,lonlium,Lonlium,,1,0,0,9,9,9,4,4,4,0,0,0,1,1,1,formed_date;disc_empty_track_list×9;disc_empty_track_song_uids×9;no_agencies
SGVsbHphcG9wcGluJw,Hellzapoppin',Hellzapoppin',2020-09-01,0,0,0,19,19,19,4,4,4,0,0,0,1,1,1,disc_empty_track_list×19;disc_empty_track_song_uids×19;no_agencies
c2VsZmlzaA,selfish,Selfish,,1,0,0,11,10,11,6,6,6,0,0,0,1,0,1,formed_date;disc_empty_track_list×10;disc_empty_track_song_uids×11;no_agencies
MeOBpOi2s-OCiuOBquOBhOizveOBr-aKleOBkuOCieOCjOOBnw,1つ足りない賽は投げられた,,,1,0,0,5,0,5,1,1,0,1,1,0,1,0,1,formed_date;disc_empty_track_song_uids×5;roster_no_uids;roster_uids_short;no_agencies
LkxpTklYTGlORS4,.LiNIXLiNE.,,,1,0,0,4,4,4,3,3,3,0,0,0,1,1,1,formed_date;disc_empty_track_list×4;disc_empty_track_song_uids×4;no_agencies
44Or44O844K444Ol44OW44OD44Kv,ルージュブック,,2023-03-15,0,0,0,5,5,5,8,8,7,0,1,0,1,1,1,disc_empty_track_list×5;disc_empty_track_song_uids×5;roster_uids_short;no_agencies
Q2hhbGNh,Chalca,Chalca,,1,0,0,3,3,3,7,7,7,0,0,0,1,1,1,formed_date;disc_empty_track_list×3;disc_empty_track_song_uids×3;no_agencies
44OR44Op44Os44Or44K144Kk44OA44O8,パラレルサイダー,,2022-05-22,0,0,0,2,2,2,8,8,7,0,1,0,1,1,1,disc_empty_track_list×2;disc_empty_track_song_uids×2;roster_uids_short;no_agencies
44G944GR44Gj44Go44OV44Kh44Oz44OI44Og,ぽけっとファントム,,2024-06-26,0,0,0,2,2,2,5,5,5,0,0,0,1,1,1,disc_empty_track_list×2;disc_empty_track_song_uids×2;no_agencies
a29sbWU,kolme,Kolme,,1,0,0,9,7,9,4,4,2,0,1,0,0,0,1,formed_date;disc_empty_track_list×7;disc_empty_track_song_uids×9;roster_uids_short
TUlHTUEgU0hFTFRFUg,MIGMA SHELTER,MIGMA_SHELTER,2017-02-01,0,0,0,16,1,16,8,8,8,0,0,0,0,0,1,disc_empty_track_list×1;disc_empty_track_song_uids×16
QkVMTFJJTkflsJHlpbPjg4_jg7zjg4g,BELLRING少女ハート,,,1,0,0,11,11,11,4,4,4,0,0,0,1,1,1,formed_date;disc_empty_track_list×11;disc_empty_track_song_uids×11;no_agencies
UGF5cmluJ3M,Payrin's,Payrin's,2016-09-01,0,0,0,19,15,19,5,5,5,0,0,0,0,0,1,disc_empty_track_list×15;disc_empty_track_song_uids×19
44K344Oj44OL44Og44OL77yd44OR44Os44O844OJ,シャニムニ＝パレード,,1959-02-11,0,0,0,144,13,144,8,8,6,0,1,0,1,0,1,disc_empty_track_list×13;disc_empty_track_song_uids×144;roster_uids_short;no_agencies
OURheXpHbGl0Y2hDbHViVG9reW8,9DayzGlitchClubTokyo,9DayzGlitchClubTokyo,,1,0,0,11,8,11,4,4,4,0,0,0,1,0,1,formed_date;disc_empty_track_list×8;disc_empty_track_song_uids×11;no_agencies
44Kr44Kk44K444Ol44O844OQ44Kk44Of44O8,カイジューバイミー,,2020-12-27,0,0,0,14,14,14,5,5,5,0,0,0,1,1,1,disc_empty_track_list×14;disc_empty_track_song_uids×14;no_agencies
44Or44Or44ON44O844K444Ol,ルルネージュ,,2018-11-01,0,0,0,32,31,32,5,5,4,0,1,0,1,0,1,disc_empty_track_list×31;disc_empty_track_song_uids×32;roster_uids_short;no_agencies
556s44GN44KC44Gb44Ga,瞬きもせず,,,1,0,0,20,20,20,8,8,8,0,0,0,1,1,1,formed_date;disc_empty_track_list×20;disc_empty_track_song_uids×20;no_agencies
TElUIE1PT04,LIT MOON,LIT_MOON,2023-02-26,0,0,0,19,2,19,5,5,5,0,0,0,0,0,1,disc_empty_track_list×2;disc_empty_track_song_uids×19
RlIyUE9OIQ,FR2PON!,FR2PON!,2021-06-18,0,0,0,16,16,16,6,6,6,0,0,0,1,1,1,disc_empty_track_list×16;disc_empty_track_song_uids×16;no_agencies
U1BSSVNF,SPRISE,SPRISE,2019-06-01,0,0,0,33,30,33,5,5,5,0,0,0,0,0,1,disc_empty_track_list×30;disc_empty_track_song_uids×33
6ISz5YaF44OR44K544OG44Or,脳内パステル,Nounai_Pastel,2020-06-23,0,0,0,1,1,1,8,8,8,0,0,0,1,1,1,disc_empty_track_list×1;disc_empty_track_song_uids×1;no_agencies
Vy7jg4Djg5bjg6vjg7TjgqPjg7w,W.ダブルヴィー,W,,1,0,0,8,8,8,2,2,1,0,1,0,1,1,1,formed_date;disc_empty_track_list×8;disc_empty_track_song_uids×8;roster_uids_short;no_agencies
6ZmQ44KK44Gq44GP55m944GP,限りなく白く,,2023-07-05,0,0,0,9,9,9,11,11,7,0,1,0,1,1,1,disc_empty_track_list×9;disc_empty_track_song_uids×9;roster_uids_short;no_agencies
VEhFIEVOQ09SRQ,THE ENCORE,THE_ENCORE,2023-03-01,0,0,0,17,17,17,7,7,7,0,0,0,0,1,1,disc_empty_track_list×17;disc_empty_track_song_uids×17
44Kv44Op44Kk44K744Kr44Kk,クライセカイ,Kurai_Sekai,2024-08-01,0,0,0,13,0,13,7,7,7,0,0,0,1,0,1,disc_empty_track_song_uids×13;no_agencies
44GT44G_44Gj44GN44KF44GK44KT77yB,こみっきゅおん！,Komikkyon,,1,0,0,3,3,3,1,1,1,0,0,0,0,1,1,formed_date;disc_empty_track_list×3;disc_empty_track_song_uids×3
VGFzayBoYXZlIEZ1bg,Task have Fun,Gips_(Task_have_Fun),,1,0,0,34,34,34,3,3,3,0,0,0,1,1,1,formed_date;disc_empty_track_list×34;disc_empty_track_song_uids×34;no_agencies
dGlwVG9lLg,tipToe.,TipToe.,2016-11-02,0,0,0,17,7,17,5,5,2,0,1,0,0,0,1,disc_empty_track_list×7;disc_empty_track_song_uids×17;roster_uids_short
44Ki44Kk44OJ44Or44Kr44Os44OD44K4,アイドルカレッジ,,,1,0,0,33,33,33,25,25,24,0,1,0,1,1,1,formed_date;disc_empty_track_list×33;disc_empty_track_song_uids×33;roster_uids_short;no_agencies
I-OCuOODpeODvOODreODg-OCrw,#ジューロック,,2020-06-21,0,0,0,18,18,18,6,6,6,0,0,0,1,1,1,disc_empty_track_list×18;disc_empty_track_song_uids×18;no_agencies
44GV44Go44KK44Oi44Oz44K544K_44O8,さとりモンスター,,,1,0,0,27,25,27,6,6,4,0,1,0,1,0,1,formed_date;disc_empty_track_list×25;disc_empty_track_song_uids×27;roster_uids_short;no_agencies
U09NT1NPTU8,SOMOSOMO,SOMOSOMO,2019-07-01,0,0,0,19,19,19,12,12,12,0,0,0,0,1,1,disc_empty_track_list×19;disc_empty_track_song_uids×19
LkJQTQ,.BPM,.BPM,2020-07-01,0,0,0,12,6,12,5,5,5,0,0,0,0,0,1,disc_empty_track_list×6;disc_empty_track_song_uids×12
5aSp5L2_44Gr44Gv44Gq44KM44Gq44GE,天使にはなれない,,,1,0,0,1,1,1,6,6,6,0,0,0,1,1,1,formed_date;disc_empty_track_list×1;disc_empty_track_song_uids×1;no_agencies
44Gc44KN44GL44KJ4piG44GZ44Gf4oaS44Go,ぜろから☆すた→と,,2021-09-01,0,0,0,21,20,21,8,8,8,0,0,0,1,0,1,disc_empty_track_list×20;disc_empty_track_song_uids×21;no_agencies
VE9LWU_jgabjgbXjgabjgbU,TOKYOてふてふ,TOKYO_Tefutefu,2020-12-31,0,0,0,14,2,14,4,4,4,0,0,0,0,0,1,disc_empty_track_list×2;disc_empty_track_song_uids×14
Rmxvd2Vy77yKSG91cg,Flower＊Hour,Flower,,1,0,0,5,5,5,14,14,9,0,1,0,0,1,1,formed_date;disc_empty_track_list×5;disc_empty_track_song_uids×5;roster_uids_short
SGlpVCBGYWN0b3J5,HiiT Factory,FACTORY,,1,0,0,6,6,6,6,6,6,0,0,0,1,1,1,formed_date;disc_empty_track_list×6;disc_empty_track_song_uids×6;no_agencies
UEFTVEVMIFJBRElP,PASTEL RADIO,PASTEL_RADIO,2024-03-27,0,0,0,13,3,13,6,6,6,0,0,0,0,0,1,disc_empty_track_list×3;disc_empty_track_song_uids×13
bXkgZmF2,my fav,my fav,,1,0,0,24,20,24,6,6,6,0,0,0,0,0,1,formed_date;disc_empty_track_list×20;disc_empty_track_song_uids×24
6YeM5ZKy44KK44GV,里咲りさ,RISA☆RISA,,1,1,1,0,0,0,0,0,0,0,0,1,1,0,0,formed_date;empty_song_uids;empty_discography;no_wiki_url;no_agencies
SEFQUFkgQ1JFQVRPUlM,HAPPY CREATORS,HAPPY_CREATORS,2024-10-01,0,0,0,18,18,18,7,7,7,0,0,0,1,1,1,disc_empty_track_list×18;disc_empty_track_song_uids×18;no_agencies
QmVsb3ZlZA,Beloved,Beloved,,1,0,0,20,20,20,5,5,5,0,0,0,1,1,1,formed_date;disc_empty_track_list×20;disc_empty_track_song_uids×20;no_agencies
SE9ORVkgUE9QQ09STg,HONEY POPCORN,Honey_Popcorn,2018-03-21,0,0,0,1,1,1,12,12,5,0,1,0,1,1,1,disc_empty_track_list×1;disc_empty_track_song_uids×1;roster_uids_short;no_agencies
VEhFIEhPT1BFUlM,THE HOOPERS,THE_HOOPERS,2014-01-01,0,0,0,11,11,11,6,6,3,0,1,0,1,1,1,disc_empty_track_list×11;disc_empty_track_song_uids×11;roster_uids_short;no_agencies
Mzc3Ng,3776,3776,,1,0,0,25,7,25,1,1,1,0,0,0,1,0,1,formed_date;disc_empty_track_list×7;disc_empty_track_song_uids×25;no_agencies
6ZaL5q2MLeOBi-OBhOOBiy0,開歌-かいか-,,,1,0,0,12,12,12,5,5,5,0,0,0,1,1,1,formed_date;disc_empty_track_list×12;disc_empty_track_song_uids×12;no_agencies
6Zuo5qih5qeY44Gu44K944Op44Oq44K5,雨模様のソラリス,,,1,0,0,36,35,36,4,4,4,0,0,0,1,0,1,formed_date;disc_empty_track_list×35;disc_empty_track_song_uids×36;no_agencies
6Zu75b2x44Go5bCR5bm0Q1E,電影と少年CQ,Shounen,,1,0,0,14,14,14,4,4,0,1,1,0,1,1,1,formed_date;disc_empty_track_list×14;disc_empty_track_song_uids×14;roster_no_uids;roster_uids_short;no_agencies
RU1QQVRIWQ,EMPATHY,EMPATHY,2021-12-19,0,0,0,23,6,23,6,6,6,0,0,0,0,0,1,disc_empty_track_list×6;disc_empty_track_song_uids×23
44GL44GZ44G_6I2J44Go44K544OG44Op,かすみ草とステラ,,,1,0,0,99,82,99,10,10,10,0,0,0,1,0,1,formed_date;disc_empty_track_list×82;disc_empty_track_song_uids×99;no_agencies
5qOYLeOBiuOBqeOCjS0,棘-おどろ-,,,1,0,0,184,52,184,6,6,6,0,0,0,1,0,1,formed_date;disc_empty_track_list×52;disc_empty_track_song_uids×184;no_agencies
44GC44Gf44G-44Gu44Gq44GL44GvOOODk-ODg-ODiOKBie-4jg,あたまのなかは8ビット⁉︎,,,1,0,0,26,26,26,6,6,6,0,0,0,1,1,1,formed_date;disc_empty_track_list×26;disc_empty_track_song_uids×26;no_agencies
44KP44KM44KJ44GM44OX44Ov44OX44Ov44OX44O844Ov44OX44Ov,われらがプワプワプーワプワ,Wareraga_Puwapuwapuuwapuwa,2016-05-26,0,0,0,20,18,20,8,8,8,0,0,0,0,0,1,disc_empty_track_list×18;disc_empty_track_song_uids×20
54K55p-T44OG44Oz44K744Kk5bCR5aWz44CC,点染テンセイ少女。,,2021-04-23,0,0,0,19,15,19,9,9,9,0,0,0,0,0,1,disc_empty_track_list×15;disc_empty_track_song_uids×19
QUZURVJT,AFTERS,AFTERS,2023-06-01,0,0,0,19,18,19,8,8,8,0,0,0,0,0,1,disc_empty_track_list×18;disc_empty_track_song_uids×19
44OV44Ol44O844OB44Oj44O844K144Kk44OA44O8,フューチャーサイダー,,2022-09-16,0,0,0,1,1,1,8,8,8,0,0,0,1,1,1,disc_empty_track_list×1;disc_empty_track_song_uids×1;no_agencies
U2lMRU5U4oaQTk9pU0U,SiLENT←NOiSE,SiLENT←NOiSE,2022-02-28,0,0,0,5,5,5,5,5,5,0,0,0,0,1,1,disc_empty_track_list×5;disc_empty_track_song_uids×5
SGVsbG9Zb3V0aA,HelloYouth,HelloYouth,2018-07-28,0,0,0,6,1,6,6,6,6,0,0,0,1,0,1,disc_empty_track_list×1;disc_empty_track_song_uids×6;no_agencies
44G744GP44KK44GP44Ki44Kk44OJ44Or6YOo,ほくりくアイドル部,Hokuriku_Idolbu,2016-06-12,0,0,0,9,1,9,15,15,15,0,0,0,0,0,1,disc_empty_track_list×1;disc_empty_track_song_uids×9
WlVUVE9NT1RUTw,ZUTTOMOTTO,ZUTTOMOTTO,2023-02-04,0,0,0,1,1,1,8,8,8,0,0,0,0,1,1,disc_empty_track_list×1;disc_empty_track_song_uids×1
44K544Ov44Oz44K544Ov44Oz44K6,スワンスワンズ,,,1,0,0,9,9,9,2,2,2,0,0,0,1,1,1,formed_date;disc_empty_track_list×9;disc_empty_track_song_uids×9;no_agencies
QVFB,AQA,AQA,2023-12-24,0,0,0,6,6,6,6,6,6,0,0,0,0,1,1,disc_empty_track_list×6;disc_empty_track_song_uids×6
Uk9PS0VZ4pmhUk9PS0VZUw,ROOKEY♡ROOKEYS,ROOKEY♡ROOKEYS,,1,0,0,9,9,9,7,7,7,0,0,0,0,1,1,formed_date;disc_empty_track_list×9;disc_empty_track_song_uids×9
44Kr44Of44K144Oe44OR44Os44O844OJ,カミサマパレード,,,1,0,0,11,11,11,7,7,7,0,0,0,1,1,1,formed_date;disc_empty_track_list×11;disc_empty_track_song_uids×11;no_agencies
QWljb25n,Aicong,,2003-01-01,0,0,0,8,5,8,6,6,6,0,0,0,1,0,1,disc_empty_track_list×5;disc_empty_track_song_uids×8;no_agencies
5LitMuaYoOeUu-ODl-ODreOCuOOCp-OCr-ODiOOCouOCpOODieODq-mDqA,中2映画プロジェクトアイドル部,,,1,1,0,184,52,184,0,0,0,0,0,0,1,0,1,formed_date;empty_song_uids;disc_empty_track_list×52;disc_empty_track_song_uids×184;no_agencies
R08gVE8gVEhFIEJFRFM,GO TO THE BEDS,GO_TO_THE_BEDS,,1,0,0,9,9,9,11,11,10,0,1,0,0,1,1,formed_date;disc_empty_track_list×9;disc_empty_track_song_uids×9;roster_uids_short
TmlnaHRPd2w,NightOwl,NightOwl,2019-08-23,0,0,0,16,15,16,4,4,2,0,1,0,0,0,1,disc_empty_track_list×15;disc_empty_track_song_uids×16;roster_uids_short
WFRFRU4,XTEEN,XTEEN,2018-02-05,0,0,0,5,2,5,3,3,3,0,0,0,0,0,1,disc_empty_track_list×2;disc_empty_track_song_uids×5
44OK44OK44Op44Oz44OJ,ナナランド,,2018-07-07,0,1,0,8,8,8,0,0,0,0,0,0,1,1,1,empty_song_uids;disc_empty_track_list×8;disc_empty_track_song_uids×8;no_agencies
TydDSEFXQU5aIEhJUC1IT1AgQ09MTEVHRQ,O'CHAWANZ HIP-HOP COLLEGE,O'CHAWANZ,2017-01-01,0,0,0,6,6,6,3,3,3,0,0,0,0,1,1,disc_empty_track_list×6;disc_empty_track_song_uids×6
bWF5IGluIGZpbG0,may in film,May_in_film,2021-05-01,0,0,0,12,1,12,5,5,5,0,0,0,0,0,1,disc_empty_track_list×1;disc_empty_track_song_uids×12
SElHSCBTUElSSVRT,HIGH SPIRITS,HIGH_SPIRITS,2016-11-13,0,0,0,5,3,5,9,9,9,0,0,0,0,0,1,disc_empty_track_list×3;disc_empty_track_song_uids×5
QnVubnkgTGEgQ3Jldw,Bunny La Crew,Bunny_La_Crew,2022-05-09,0,0,0,1,1,1,7,7,7,0,0,0,0,1,1,disc_empty_track_list×1;disc_empty_track_song_uids×1
TUFHSUNBTCBTUEVD,MAGICAL SPEC,MAGICAL_SPEC,2021-01-01,0,0,0,6,4,6,12,12,12,0,0,0,1,0,1,disc_empty_track_list×4;disc_empty_track_song_uids×6;no_agencies
UGFuaWMgTW9uc3RlciAhbiBXb25kZXJsYW5k,Panic Monster !n Wonderland,Panic Monster !n Wonderland,2022-10-31,0,1,0,14,14,14,9,9,9,0,0,0,1,1,1,empty_song_uids;disc_empty_track_list×14;disc_empty_track_song_uids×14;no_agencies
6Iqx44GE44KN44Gv,花いろは,Hana_Iroha,2020-02-01,0,0,0,11,11,11,10,10,10,0,0,0,0,1,1,disc_empty_track_list×11;disc_empty_track_song_uids×11
44Ks44Op44OB44Ki,ガラチア,,2023-10-01,0,0,0,14,0,14,5,5,1,0,1,0,1,0,1,disc_empty_track_song_uids×14;roster_uids_short;no_agencies
44OI44OK44Oq44Ki,トナリア,Tonariau_/_ONE'S_AGAIN,,1,0,0,16,16,16,4,4,4,0,0,0,1,1,1,formed_date;disc_empty_track_list×16;disc_empty_track_song_uids×16;no_agencies
QkFEIElWWQ,BAD IVY,,2013-01-01,0,0,0,28,26,28,10,10,6,0,1,0,1,0,1,disc_empty_track_list×26;disc_empty_track_song_uids×28;roster_uids_short;no_agencies
RlVMSVQgQk9Y,FULIT BOX,FULIT_BOX,2024-04-12,0,0,0,15,2,15,7,7,7,0,0,0,0,0,1,disc_empty_track_list×2;disc_empty_track_song_uids×15
YWkqYWk,ai*ai,Ai*ai,2022-01-24,0,0,0,3,3,3,5,5,5,0,0,0,1,1,1,disc_empty_track_list×3;disc_empty_track_song_uids×3;no_agencies
QVZBQ0xVQg,AVACLUB,,2003-01-01,0,0,0,8,5,8,4,4,4,0,0,0,1,0,1,disc_empty_track_list×5;disc_empty_track_song_uids×8;no_agencies
TWFsY29sbSBNYXNrIE1jTGFyZW4,Malcolm Mask McLaren,Malcolm_Mask_McLaren,2015-09-01,0,0,0,32,16,32,5,5,5,0,0,0,0,0,1,disc_empty_track_list×16;disc_empty_track_song_uids×32
QW5nZeKYhlJldmU,Ange☆Reve,Ange☆Reve,2014-03-29,0,0,0,13,6,13,6,6,6,0,0,0,0,0,1,disc_empty_track_list×6;disc_empty_track_song_uids×13
56We5L2_6L2f44GP44CB5r-A5oOF44Gu5aaC44GP44CC,神使轟く、激情の如く。,"Shinshi Todoroku, Gekijou no Gotoku.",,1,1,0,33,18,33,0,0,0,0,0,0,0,0,1,formed_date;empty_song_uids;disc_empty_track_list×18;disc_empty_track_song_uids×33
44Ki44OD44OX44Ki44OD44OX44Ks44O844Or44K677yI5Luu77yJ,アップアップガールズ（仮）,,,1,0,0,67,67,67,5,5,5,0,0,0,1,1,1,formed_date;disc_empty_track_list×67;disc_empty_track_song_uids×67;no_agencies
44GY44KF44GY44KF,じゅじゅ,JUJU,,1,0,0,70,37,70,4,4,4,0,0,0,0,0,1,formed_date;disc_empty_track_list×37;disc_empty_track_song_uids×70
44G144KP44G144KP,ふわふわ,FuWa_FuWa,2015-08-24,0,0,0,8,8,8,2,2,2,0,0,0,0,1,1,disc_empty_track_list×8;disc_empty_track_song_uids×8
44Ki44OD44OX44Ki44OD44OX44Ks44O844Or44K677yI77yS77yJ,アップアップガールズ（２）,,,1,0,0,44,44,44,7,7,7,0,0,0,1,1,1,formed_date;disc_empty_track_list×44;disc_empty_track_song_uids×44;no_agencies
44OU44Ol44O844ORISE,ピューパ!!,,,1,0,0,25,25,25,6,6,6,0,0,0,1,1,1,formed_date;disc_empty_track_list×25;disc_empty_track_song_uids×25;no_agencies
S2lzc0JlZQ,KissBee,KissBee,2014-01-01,0,0,0,21,4,21,7,7,7,0,0,0,0,0,1,disc_empty_track_list×4;disc_empty_track_song_uids×21
6YO95YaF5p-Q5omA,都内某所,TONAi_BOUSHO,2022-12-01,0,0,0,7,7,7,1,1,1,0,0,0,1,1,1,disc_empty_track_list×7;disc_empty_track_song_uids×7;no_agencies
U0FZLUxB,SAY-LA,SAY-LA,2014-12-21,0,0,0,20,15,20,8,8,8,0,0,0,0,0,1,disc_empty_track_list×15;disc_empty_track_song_uids×20
44Ko44Op44OQ44Os44K3,エラバレシ,Erabareshi,,1,0,0,10,9,10,7,7,7,0,0,0,1,0,1,formed_date;disc_empty_track_list×9;disc_empty_track_song_uids×10;no_agencies
S2lTUyBLaVNT,KiSS KiSS,KiSS_KiSS,2023-03-01,0,0,0,13,13,13,5,5,5,0,0,0,0,1,1,disc_empty_track_list×13;disc_empty_track_song_uids×13
44Gr44Gj44G944KT44Ov44OB44Oj44OB44Oj,にっぽんワチャチャ,Nippon_Wachacha,2020-03-01,0,0,0,10,10,10,5,5,5,0,0,0,0,1,1,disc_empty_track_list×10;disc_empty_track_song_uids×10
TWlpUw,MiiS,MiiS,2021-01-23,0,0,0,15,15,15,4,4,4,0,0,0,1,1,1,disc_empty_track_list×15;disc_empty_track_song_uids×15;no_agencies
44Kw44OH44Kk,グデイ,,2020-02-01,0,0,0,2,2,2,3,3,2,0,1,0,1,1,1,disc_empty_track_list×2;disc_empty_track_song_uids×2;roster_uids_short;no_agencies
SSBNWSBNRSBNSU5F,I MY ME MINE,I_MY_ME_MINE,2021-06-03,0,0,0,9,7,9,10,10,10,0,0,0,0,0,1,disc_empty_track_list×7;disc_empty_track_song_uids×9
V1TimIZFZ3JldA,WT☆Egret,WT☆Egret,,1,0,0,25,24,25,8,8,8,0,0,0,0,0,1,formed_date;disc_empty_track_list×24;disc_empty_track_song_uids×25
TkVPVE9LWU8tVFJJQkU,NEOTOKYO-TRIBE,NEOTOKYO-TRIBE,,1,0,0,5,5,5,7,7,7,0,0,0,0,1,1,formed_date;disc_empty_track_list×5;disc_empty_track_song_uids×5
44OP44OL44O844K544OR44Kk44K5UmUu,ハニースパイスRe.,,,1,0,0,6,4,6,6,6,6,0,0,0,1,0,1,formed_date;disc_empty_track_list×4;disc_empty_track_song_uids×6;no_agencies
R0FOR0RFTUlD,GANGDEMIC,GANGDEMIC,2021-05-19,0,0,0,20,20,20,8,8,8,0,0,0,0,1,1,disc_empty_track_list×20;disc_empty_track_song_uids×20
44KR44KT44KJ,ゑんら,Wyenra,2018-02-01,0,0,0,4,2,4,3,3,3,0,0,0,1,0,1,disc_empty_track_list×2;disc_empty_track_song_uids×4;no_agencies
UmFSYUphTQ,RaRaJaM,RaRaJaM,2024-11-22,0,0,0,5,4,5,2,2,2,0,0,0,0,0,1,disc_empty_track_list×4;disc_empty_track_song_uids×5
Q2hhcm0gUG9jaGU,Charm Poche,Charm_Poche,2024-02-17,0,0,0,3,2,3,7,7,7,0,0,0,0,0,1,disc_empty_track_list×2;disc_empty_track_song_uids×3
44Oy44OJ44Or44Oe44Oo44OK44Kr,ヲドルマヨナカ,Wodoru_Mayonaka,2021-12-30,0,0,0,17,16,17,11,11,11,0,0,0,0,0,1,disc_empty_track_list×16;disc_empty_track_song_uids×17
QmVhdXR5IEJveA,Beauty Box,,,1,0,0,5,5,5,2,2,2,0,0,0,1,1,1,formed_date;disc_empty_track_list×5;disc_empty_track_song_uids×5;no_agencies
5oKq6a2U44Gu44Kt44OD44K5,悪魔のキッス,Akuma_no_Kiss,2022-04-01,0,0,0,7,5,7,2,2,2,0,0,0,0,0,1,disc_empty_track_list×5;disc_empty_track_song_uids×7
5pS-6Kqy5b6M44OX44Oq44Oz44K744K5,放課後プリンセス,,,1,0,0,37,37,37,5,5,5,0,0,0,1,1,1,formed_date;disc_empty_track_list×37;disc_empty_track_song_uids×37;no_agencies
44Oe44K444Kr44Or44O744OR44Oz44OB44Op44Kk44Oz,マジカル・パンチライン,Majika,,1,0,0,22,22,22,2,2,0,1,1,0,1,1,1,formed_date;disc_empty_track_list×22;disc_empty_track_song_uids×22;roster_no_uids;roster_uids_short;no_agencies
TUVMTE9XIE1FTExPVw,MELLOW MELLOW,MELLOW_MELLOW,2017-10-01,0,0,0,6,6,6,3,3,3,0,0,0,1,1,1,disc_empty_track_list×6;disc_empty_track_song_uids×6;no_agencies
U0FLQS1TQU1B,SAKA-SAMA,SAKA-SAMA,2016-12-01,0,0,0,13,6,13,5,5,5,0,0,0,0,0,1,disc_empty_track_list×6;disc_empty_track_song_uids×13
5rWq5rGf5aWz5a2Q55m657WE5ZCI,浪江女子発組合,,,1,0,0,9,9,9,8,8,2,0,1,0,1,1,1,formed_date;disc_empty_track_list×9;disc_empty_track_song_uids×9;roster_uids_short;no_agencies
5qCh5bqt44Kr44Oh44Op44Ks44O844Or44OJ44Op44Kk,校庭カメラガールドライ,,,1,0,0,6,3,6,3,3,2,0,1,0,1,0,1,formed_date;disc_empty_track_list×3;disc_empty_track_song_uids×6;roster_uids_short;no_agencies
5pif5q20MTPlpJw,星歴13夜,,,1,1,1,0,0,0,0,0,0,0,0,0,1,0,0,formed_date;empty_song_uids;empty_discography;no_agencies
YW1iaXRpb3Vz,ambitious,Ambitious,2021-03-27,0,0,0,10,10,10,6,6,6,0,0,0,1,1,1,disc_empty_track_list×10;disc_empty_track_song_uids×10;no_agencies
ZmFuY3lsYWJv,fancylabo,,2003-01-01,0,0,0,8,5,8,3,3,2,0,1,0,1,0,1,disc_empty_track_list×5;disc_empty_track_song_uids×8;roster_uids_short;no_agencies
UklSWURBWQ,RIRYDAY,RIRYDAY,2024-07-01,0,0,0,4,4,4,0,0,0,0,0,0,1,1,1,disc_empty_track_list×4;disc_empty_track_song_uids×4;no_agencies
VU5CUw,UNBS,UNBS,,1,0,0,30,30,30,5,5,5,0,0,0,0,1,1,formed_date;disc_empty_track_list×30;disc_empty_track_song_uids×30
57WC44KP44KJ44Gq44GE44Gn44CB5aSc,終わらないで、夜,,,1,1,0,25,18,25,0,0,0,0,0,0,1,0,1,formed_date;empty_song_uids;disc_empty_track_list×18;disc_empty_track_song_uids×25;no_agencies
44ON44Kz44OX44OpcGl4eC4,ネコプラpixx.,,2016-12-24,0,0,0,25,18,25,10,10,10,0,0,0,1,0,1,disc_empty_track_list×18;disc_empty_track_song_uids×25;no_agencies
44Ov44OD44OE4peO44GV44O844GP44KL,ワッツ◎さーくる,,,1,0,0,47,46,47,9,9,9,0,0,0,1,0,1,formed_date;disc_empty_track_list×46;disc_empty_track_song_uids×47;no_agencies
T1PimIZV,OS☆U,OS☆U,2010-08-01,0,0,0,16,14,16,11,11,11,0,0,0,0,0,1,disc_empty_track_list×14;disc_empty_track_song_uids×16
44G144GH44GC44KK44O844Gm44GE44KL44Ga77yB,ふぇありーているず！,,,1,0,0,1,1,1,7,7,7,0,0,0,1,1,1,formed_date;disc_empty_track_list×1;disc_empty_track_song_uids×1;no_agencies
aWRlYWwgcGVjbw,ideal peco,Ideal_peco,2023-09-18,0,0,0,19,5,19,6,6,6,0,0,0,0,0,1,disc_empty_track_list×5;disc_empty_track_song_uids×19
44K144Kv44Ok44Kz44OO44OP44OK,サクヤコノハナ,Sakuya_Konohana,2017-03-11,0,0,0,4,1,4,7,7,7,0,0,0,0,0,1,disc_empty_track_list×1;disc_empty_track_song_uids×4
UE9QUGlORyBFTU8,POPPiNG EMO,POPPiNG_EMO,,1,0,0,45,44,45,6,6,5,0,1,0,0,0,1,formed_date;disc_empty_track_list×44;disc_empty_track_song_uids×45;roster_uids_short
U0FJwrJSaXVt,SAI²Rium,SAI_²Rium,2022-07-22,0,0,0,26,25,26,9,9,9,0,0,0,0,0,1,disc_empty_track_list×25;disc_empty_track_song_uids×26
44Gq44KT44Kt44OL77yB,なんキニ！,Nankini!,2017-09-05,0,0,0,6,4,6,8,8,8,0,0,0,0,0,1,disc_empty_track_list×4;disc_empty_track_song_uids×6
U0FOREFMIFRFTEVQSE9ORQ,SANDAL TELEPHONE,Sandal_Telephone,2017-07-01,0,0,0,11,6,11,3,3,3,0,0,0,1,0,1,disc_empty_track_list×6;disc_empty_track_song_uids×11;no_agencies
U0FpTlQgU0VY,SAiNT SEX,SAiNT_SEX,,1,0,0,3,2,3,1,1,1,0,0,0,1,0,1,formed_date;disc_empty_track_list×2;disc_empty_track_song_uids×3;no_agencies
5oSb5LmZ5aWz4piGRE9MTA,愛乙女☆DOLL,.DOLL,2019-10-01,0,0,0,17,17,17,12,12,7,0,1,0,1,1,1,disc_empty_track_list×17;disc_empty_track_song_uids×17;roster_uids_short;no_agencies
44KB44KN44KT55WRYSBnbyBnbw,めろん畑a go go,,,1,0,0,17,17,17,6,6,6,0,0,0,1,1,1,formed_date;disc_empty_track_list×17;disc_empty_track_song_uids×17;no_agencies
44OU44Ol44Ki44Oq44O844Oi44Oz44K544K_44O8,ピュアリーモンスター,,,1,0,0,8,8,8,7,7,7,0,0,0,1,1,1,formed_date;disc_empty_track_list×8;disc_empty_track_song_uids×8;no_agencies
TmFOb01vUmFM,NaNoMoRaL,NaNoMoRaL,,1,0,0,9,8,9,2,2,2,0,0,0,1,0,1,formed_date;disc_empty_track_list×8;disc_empty_track_song_uids×9;no_agencies
RFJFQU1JTkcgTU9OU1RFUg,DREAMING MONSTER,DREAMING_MONSTER,2015-07-22,0,0,0,5,3,5,9,9,9,0,0,0,0,0,1,disc_empty_track_list×3;disc_empty_track_song_uids×5
Q1VCzqNMSUM,CUBΣLIC,CUBΣLIC,2019-11-01,0,0,0,18,12,18,4,4,4,0,0,0,1,0,1,disc_empty_track_list×12;disc_empty_track_song_uids×18;no_agencies
44Oh44Kk44OT44O8TUU,メイビーME,Meibii ME,2018-07-07,0,0,0,5,5,5,6,6,6,0,0,0,1,1,1,disc_empty_track_list×5;disc_empty_track_song_uids×5;no_agencies
UGlua3lTcGljZQ,PinkySpice,PinkySpice,2019-06-23,0,0,0,7,5,7,6,6,6,0,0,0,0,0,1,disc_empty_track_list×5;disc_empty_track_song_uids×7
bWV0YXJpdW0,metarium,Metarium,2022-10-13,0,0,0,14,14,14,6,6,6,0,0,0,0,1,1,disc_empty_track_list×14;disc_empty_track_song_uids×14
TGF5bg,Layn,Layn,2019-01-01,0,0,0,5,5,5,6,6,6,0,0,0,0,1,1,disc_empty_track_list×5;disc_empty_track_song_uids×5
44O744O744O744O744O744O744O744O744O7,・・・・・・・・・,,,1,0,0,30,30,30,0,0,0,0,0,1,1,1,1,formed_date;disc_empty_track_list×30;disc_empty_track_song_uids×30;no_wiki_url;no_agencies
44Ki44Oq44K55Y2B55Wq,アリス十番,,2007-01-01,0,0,0,67,63,67,3,3,3,0,0,0,1,0,1,disc_empty_track_list×63;disc_empty_track_song_uids×67;no_agencies
44K544OB44O844Og44Ks44O844Or44K6,スチームガールズ,,2011-09-01,0,0,0,11,11,11,8,8,6,0,1,0,1,1,1,disc_empty_track_list×11;disc_empty_track_song_uids×11;roster_uids_short;no_agencies
TkFOT05J,NANONI,NANONI,2021-01-27,0,0,0,20,20,20,7,7,7,0,0,0,0,1,1,disc_empty_track_list×20;disc_empty_track_song_uids×20
WE9YTyBFWFRSRU1F,XOXO EXTREME,XOXO_EXTREME,2016-03-01,0,0,0,15,12,15,4,4,4,0,0,0,0,0,1,disc_empty_track_list×12;disc_empty_track_song_uids×15
S1JEOA,KRD8,KRD8,2013-12-27,0,0,0,21,15,21,10,10,10,0,0,0,0,0,1,disc_empty_track_list×15;disc_empty_track_song_uids×21
aVNQWQ,iSPY,ISPY,2021-08-01,0,0,0,20,7,20,5,5,2,0,1,0,0,0,1,disc_empty_track_list×7;disc_empty_track_song_uids×20;roster_uids_short
RG9yb3RoeSBMaXR0bGUgSGFwcHk,Dorothy Little Happy,Dorothy_Little_Happy,2010-01-01,0,0,0,21,16,21,1,1,1,0,0,0,1,0,1,disc_empty_track_list×16;disc_empty_track_song_uids×21;no_agencies
UEFSQURJU0VT,PARADISES,PARADISES,,1,0,0,15,15,15,11,11,10,0,1,0,0,1,1,formed_date;disc_empty_track_list×15;disc_empty_track_song_uids×15;roster_uids_short
U1RBUk1BUklF,STARMARIE,STARMARIE,2008-01-01,0,0,0,47,18,47,5,5,5,0,0,0,0,0,1,disc_empty_track_list×18;disc_empty_track_song_uids×47
44Kk44Kx44Gm44KL44OP44O844OE,イケてるハーツ,,,1,0,0,14,14,14,7,7,7,0,0,0,1,1,1,formed_date;disc_empty_track_list×14;disc_empty_track_song_uids×14;no_agencies
OGJpdEJSQUlO,8bitBRAIN,8bitBRAIN,2018-03-01,0,0,0,7,6,7,3,3,3,0,0,0,0,0,1,disc_empty_track_list×6;disc_empty_track_song_uids×7
eXVtZWdpd2EgbGFzdCBnaXJs,yumegiwa last girl,Yumegiwa_last_girl,2020-10-01,0,0,0,14,14,14,5,5,5,0,0,0,0,1,1,disc_empty_track_list×14;disc_empty_track_song_uids×14
QkFCWS1DUkFZT07jgJwxMzYx44Cc,BABY-CRAYON〜1361〜,BABY-CRAYON~1361~,2021-07-01,0,0,0,22,22,22,6,6,6,0,0,0,0,1,1,disc_empty_track_list×22;disc_empty_track_song_uids×22
Q0hJQ0tFTiBCTE9XIFRIRSBJRE9M,CHICKEN BLOW THE IDOL,CHICKEN_BLOW_THE_IDOL,2017-01-01,0,0,0,9,9,9,3,3,3,0,0,0,0,1,1,disc_empty_track_list×9;disc_empty_track_song_uids×9
44Gk44G844G_5aSn6Z2p5ZG9,つぼみ大革命,Tsubomi_Daikakumei,2010-04-01,0,0,0,28,9,28,7,7,5,0,1,0,0,0,1,disc_empty_track_list×9;disc_empty_track_song_uids×28;roster_uids_short
OTYz,963,963,2013-07-01,0,0,0,7,1,7,4,4,3,0,1,0,0,0,1,disc_empty_track_list×1;disc_empty_track_song_uids×7;roster_uids_short
QkFOWkFJIEpBUEFO,BANZAI JAPAN,BANZAI_JAPAN,2014-05-05,0,0,0,12,5,12,7,7,7,0,0,0,0,0,1,disc_empty_track_list×5;disc_empty_track_song_uids×12
SllB4piGUE9OIDIuMA,JYA☆PON 2.0,,2017-09-01,0,0,0,14,13,14,3,3,0,1,1,0,1,0,1,disc_empty_track_list×13;disc_empty_track_song_uids×14;roster_no_uids;roster_uids_short;no_agencies
UkVBRFkgVE8gS0lTUw,READY TO KISS,READY_TO_KISS,,1,0,0,17,10,17,8,8,8,0,0,0,0,0,1,formed_date;disc_empty_track_list×10;disc_empty_track_song_uids×17
I1BFWEFDT0E,#PEXACOA,PEXACOA,2020-04-01,0,0,0,17,17,17,7,7,7,0,0,0,0,1,1,disc_empty_track_list×17;disc_empty_track_song_uids×17
44Kv44Ot44K544OO44Ko44K344K5,クロスノエシス,,2019-05-27,0,0,0,8,0,8,5,5,5,0,0,0,1,0,1,disc_empty_track_song_uids×8;no_agencies
TUFOQUNMRQ,MANACLE,MANACLE,2020-09-13,0,0,0,12,1,12,6,6,6,0,0,0,0,0,1,disc_empty_track_list×1;disc_empty_track_song_uids×12
Mm8gTG92ZSB0byBTd2VldCBCdWxsZXQ,2o Love to Sweet Bullet,Ai_no_Hana_(2o_Love_to_Sweet_Bullet),,1,0,0,15,15,15,8,8,7,0,1,0,1,1,1,formed_date;disc_empty_track_list×15;disc_empty_track_song_uids×15;roster_uids_short;no_agencies
Q2h1LVo,Chu-Z,Chu-Z,,1,0,0,15,7,15,8,8,8,0,0,0,0,0,1,formed_date;disc_empty_track_list×7;disc_empty_track_song_uids×15
5qCh5bqt44Kr44Oh44Op44Ks44O844Or,校庭カメラガール,,,1,1,1,0,0,0,0,0,0,0,0,0,1,0,0,formed_date;empty_song_uids;empty_discography;no_agencies
TUVXTQ,MEWM,MEWM,2020-04-01,0,0,0,31,29,31,3,3,3,0,0,0,1,0,1,disc_empty_track_list×29;disc_empty_track_song_uids×31;no_agencies
TUFHSUNPVVI,MAGICOUR,MAGICOUR,2020-01-01,0,0,0,4,0,4,7,7,5,0,1,0,0,0,1,disc_empty_track_song_uids×4;roster_uids_short
5aSW56We55Sw44GE44Gj44Gh44KH44KB,外神田いっちょめ,,,1,0,0,17,17,17,19,19,19,0,0,0,1,1,1,formed_date;disc_empty_track_list×17;disc_empty_track_song_uids×17;no_agencies
ZXQt44Ki44Oz44OJLQ,et-アンド-,Et-and-,2021-04-21,0,0,0,12,6,12,3,3,1,0,1,0,0,0,1,disc_empty_track_list×6;disc_empty_track_song_uids×12;roster_uids_short
44Kw44O844Kw44O844Or44Or,グーグールル,,2018-04-08,0,0,0,4,1,4,3,3,3,0,0,0,1,0,1,disc_empty_track_list×1;disc_empty_track_song_uids×4;no_agencies
TklMS0xZ,NILKLY,NILKLY,2019-05-25,0,0,0,5,1,5,3,3,3,0,0,0,0,0,1,disc_empty_track_list×1;disc_empty_track_song_uids×5
RU1PRQ,EMOE,EMOE,2018-08-18,0,0,0,8,8,8,5,5,6,0,0,0,1,1,1,disc_empty_track_list×8;disc_empty_track_song_uids×8;no_agencies
T0xOZXc,OLNew,OLNew,2024-06-20,0,0,0,4,4,4,5,5,1,0,1,0,0,1,1,disc_empty_track_list×4;disc_empty_track_song_uids×4;roster_uids_short
QVJDQU5BIFBST0pFQ1Q,ARCANA PROJECT,ARCANA_PROJECT,2019-01-01,0,0,0,16,9,16,6,6,6,0,0,0,0,0,1,disc_empty_track_list×9;disc_empty_track_song_uids×16
TWHigJlTY2Fy4oCZUGllY2U,Ma’Scar’Piece,Ma'Scar'Piece,2024-08-01,0,0,0,10,10,10,6,6,6,0,0,0,0,1,1,disc_empty_track_list×10;disc_empty_track_song_uids×10
5p2x5Lqs5aWz5a2Q5rWB,東京女子流,,2009-01-01,0,0,0,86,66,86,5,5,4,0,1,0,0,0,1,disc_empty_track_list×66;disc_empty_track_song_uids×86;roster_uids_short
QkFCWUJFQVJE,BABYBEARD,BABYBEARD,,1,0,0,3,3,3,5,5,5,0,0,0,0,1,1,formed_date;disc_empty_track_list×3;disc_empty_track_song_uids×3
44Gw44Gj44Gm44KT5bCR5aWz6ZqK,ばってん少女隊,Batten_Shoujo-tai,2015-06-21,0,0,0,24,19,24,7,7,7,0,0,0,0,0,1,disc_empty_track_list×19;disc_empty_track_song_uids×24
RkVT4piGVElWRQ,FES☆TIVE,FES☆TIVE,2013-03-27,0,0,0,22,17,22,8,8,8,0,0,0,0,0,1,disc_empty_track_list×17;disc_empty_track_song_uids×22
VEVBTSBTSEFDSEk,TEAM SHACHI,TEAM_SHACHI,2011-09-11,0,0,0,42,35,42,4,4,4,0,0,0,0,0,1,disc_empty_track_list×35;disc_empty_track_song_uids×42
S0xQNDg,KLP48,KLP48,,1,0,0,7,4,7,1,1,0,1,1,0,1,0,1,formed_date;disc_empty_track_list×4;disc_empty_track_song_uids×7;roster_no_uids;roster_uids_short;no_agencies
V0hJVEUgU0NPUlBJT04,WHITE SCORPION,WHITE_SCORPION,2023-10-07,0,0,0,10,6,10,22,22,20,0,1,0,0,0,1,disc_empty_track_list×6;disc_empty_track_song_uids×10;roster_uids_short
44K_44Kk44OI44Or5pyq5a6a,タイトル未定,Title_Mitei,2020-04-16,0,0,0,12,11,12,5,5,5,0,0,0,0,0,1,disc_empty_track_list×11;disc_empty_track_song_uids×12
VXRhR2Uh,UtaGe!,UtaGe!,2022-04-15,0,0,0,19,16,19,7,7,7,0,0,0,0,0,1,disc_empty_track_list×16;disc_empty_track_song_uids×19
44OP44Or44OL44K344Kq44Oz,ハルニシオン,,2025-01-05,0,0,0,7,7,7,6,6,6,0,0,0,1,1,1,disc_empty_track_list×7;disc_empty_track_song_uids×7;no_agencies
TkVDUk9OT01JRE9M,NECRONOMIDOL,NECRONOMIDOL,2014-02-01,0,0,0,15,3,15,1,1,1,0,0,0,1,0,1,disc_empty_track_list×3;disc_empty_track_song_uids×15;no_agencies
U1VQRVLimIZHaVJMUw,SUPER☆GiRLS,SUPER☆GiRLS,2010-06-21,0,0,0,55,48,55,9,9,9,0,0,0,0,0,1,disc_empty_track_list×48;disc_empty_track_song_uids×55
44G-44Gt44GN44Kx44OB44Oj,まねきケチャ,,,1,0,0,11,9,11,6,6,6,0,0,0,1,0,1,formed_date;disc_empty_track_list×9;disc_empty_track_song_uids×11;no_agencies
5Luu6Z2i44Op44Kk44OA44O8R0lSTFM,仮面ライダーGIRLS,Kamen_Rider_Girls,,1,0,0,16,16,16,4,4,3,0,1,0,1,1,1,formed_date;disc_empty_track_list×16;disc_empty_track_song_uids×16;roster_uids_short;no_agencies
ZmlzaGJvd2w,fishbowl,Fishbowl,2021-01-01,0,0,0,39,37,39,6,6,6,0,0,0,1,0,1,disc_empty_track_list×37;disc_empty_track_song_uids×39;no_agencies
UElHR1M,PIGGS,PIGGS,2020-04-19,0,0,0,26,19,26,11,11,11,0,0,0,1,0,1,disc_empty_track_list×19;disc_empty_track_song_uids×26;no_agencies
Y2h1TGE,chuLa,ChuLa,2017-05-07,0,0,0,24,5,24,8,8,8,0,0,0,0,0,1,disc_empty_track_list×5;disc_empty_track_song_uids×24
RGFuY2luZyBEb2xscw,Dancing Dolls,Dancing_Dolls,2011-01-01,0,0,0,7,7,7,5,5,5,0,0,0,1,1,1,disc_empty_track_list×7;disc_empty_track_song_uids×7;no_agencies
44Gq44G_44Gg6Imy44Gu5raI44GX44GU44KA,なみだ色の消しごむ,,2018-06-09,0,0,0,27,27,27,14,14,12,0,1,0,1,1,1,disc_empty_track_list×27;disc_empty_track_song_uids×27;roster_uids_short;no_agencies
44OZ44Ot44OG44Kj44Kr,ベロティカ,,2023-10-01,0,0,0,26,3,26,6,6,6,0,0,0,1,0,1,disc_empty_track_list×3;disc_empty_track_song_uids×26;no_agencies
TWFpc29uIGJvb2sgZ2lybA,Maison book girl,Maison_book_girl,2014-01-01,0,0,0,15,7,15,4,4,1,0,1,0,0,0,1,disc_empty_track_list×7;disc_empty_track_song_uids×15;roster_uids_short
44OQ44Oz44OJ44GY44KD44Gq44GE44KC44KT77yBTUFYWCBOQUtBWU9TSEk,バンドじゃないもん！MAXX NAKAYOSHI,,,1,0,0,47,46,47,5,5,5,0,0,0,1,0,1,formed_date;disc_empty_track_list×46;disc_empty_track_song_uids×47;no_agencies
TUFaRQ,MAZE,MAZE,2022-01-01,0,0,0,10,10,10,5,5,6,0,0,0,1,1,1,disc_empty_track_list×10;disc_empty_track_song_uids×10;no_agencies
R0lMVFkgw5cgR0lMVFk,GILTY × GILTY,GILTY×GILTY,2022-05-20,0,0,0,3,2,3,5,5,5,0,0,0,0,0,1,disc_empty_track_list×2;disc_empty_track_song_uids×3
QVNQ,ASP,ASP,2021-01-01,0,0,0,18,18,18,10,10,5,0,1,0,0,1,1,disc_empty_track_list×18;disc_empty_track_song_uids×18;roster_uids_short
dWtrYQ,ukka,Ukka,2015-05-01,0,0,0,15,10,15,7,7,7,0,0,0,0,0,1,disc_empty_track_list×10;disc_empty_track_song_uids×15
SU5VV0FTSQ,INUWASI,INUWASI,2025-08-27,0,0,0,25,16,25,6,6,6,0,0,0,0,0,1,disc_empty_track_list×16;disc_empty_track_song_uids×25
5paw56ugIOWkp-mYquKYhuaYpeWkj-eni-WGrA,新章 大阪☆春夏秋冬,Shunkashuutou,2022-07-07,0,0,0,5,5,5,4,4,4,0,0,0,1,1,1,disc_empty_track_list×5;disc_empty_track_song_uids×5;no_agencies
44Op44OVw5fjg6njg5U,ラフ×ラフ,Rough_x_Laugh,2022-12-08,0,0,0,11,1,11,8,8,8,0,0,0,0,0,1,disc_empty_track_list×1;disc_empty_track_song_uids×11
Tm90IFNlY3VyZWQsTG9vc2UgRW5kcw,"Not Secured,Loose Ends","Not_Secured,_Loose_Ends",2015-11-01,0,0,0,4,4,4,4,4,4,0,0,0,0,1,1,disc_empty_track_list×4;disc_empty_track_song_uids×4
TmVnaWNjbw,Negicco,Negicco,2003-07-01,0,0,0,36,28,36,3,3,3,0,0,0,0,0,1,disc_empty_track_list×28;disc_empty_track_song_uids×36
44Oi44OO44Kv44Ot44O844Oz,モノクローン,,2020-04-11,0,1,0,40,25,40,0,0,0,0,0,0,1,0,1,empty_song_uids;disc_empty_track_list×25;disc_empty_track_song_uids×40;no_agencies
5omL57695YWI44K744Oz44K744O844K344On44Oz,手羽先センセーション,Tebasaki_Sensation,2017-06-24,0,0,0,20,7,20,6,6,6,0,0,0,0,0,1,disc_empty_track_list×7;disc_empty_track_song_uids×20
44KK44KT44GU5aiY,りんご娘,Ringo_Musume,,1,0,0,35,9,35,4,4,4,0,0,0,0,0,1,formed_date;disc_empty_track_list×9;disc_empty_track_song_uids×35
UGVlbCB0aGUgQXBwbGU,Peel the Apple,Peel_the_Apple,2020-07-16,0,0,0,13,6,13,8,8,8,0,0,0,0,0,1,disc_empty_track_list×6;disc_empty_track_song_uids×13
576k6Z2S44Gu5LiW55WM,群青の世界,Gunjou_no_Sekai,2018-12-23,0,0,0,34,6,34,0,0,0,0,0,0,0,0,1,disc_empty_track_list×6;disc_empty_track_song_uids×34
TWlycm9yLE1pcnJvcg,"Mirror,Mirror","Mirror,Mirror",2022-01-30,0,0,0,7,2,7,7,7,7,0,0,0,0,0,1,disc_empty_track_list×2;disc_empty_track_song_uids×7
QWRhbUxpbGl0aA,AdamLilith,AdamLilith,2022-09-24,0,0,0,2,2,2,5,5,5,0,0,0,0,1,1,disc_empty_track_list×2;disc_empty_track_song_uids×2
UkVJUklF,REIRIE,REIRIE,2023-01-01,0,0,0,12,7,12,2,2,2,0,0,0,0,0,1,disc_empty_track_list×7;disc_empty_track_song_uids×12
cGlucG9ucGFucG9u,pinponpanpon,Pinponpanpon,,1,0,0,20,20,20,4,4,4,0,0,0,1,1,1,formed_date;disc_empty_track_list×20;disc_empty_track_song_uids×20;no_agencies
5pyA57WC5pyq5p2l5bCR5aWz,最終未来少女,,2023-01-01,0,0,0,24,24,24,3,3,3,0,0,0,1,1,1,disc_empty_track_list×24;disc_empty_track_song_uids×24;no_agencies
SmFtc0NvbGxlY3Rpb24,JamsCollection,Jams_Collection,2021-01-20,0,0,0,15,14,15,7,7,7,0,0,0,0,0,1,disc_empty_track_list×14;disc_empty_track_song_uids×15
R0FORyBQQVJBREU,GANG PARADE,GANG_PARADE,2014-09-01,0,0,0,41,41,41,11,11,11,0,0,0,0,1,1,disc_empty_track_list×41;disc_empty_track_song_uids×41
RXhXSFla,ExWHYZ,ExWHYZ,2022-06-01,0,0,0,27,27,27,4,4,4,0,0,0,0,1,1,disc_empty_track_list×27;disc_empty_track_song_uids×27
TUFEIEpBTUlF,MAD JAMIE,MAD_JAMIE,2021-04-29,0,0,0,24,17,24,1,1,1,0,0,0,1,0,1,disc_empty_track_list×17;disc_empty_track_song_uids×24;no_agencies
QXBwYXJlIQ,Appare!,Appare!,,1,0,0,42,42,42,9,9,9,0,0,0,0,1,1,formed_date;disc_empty_track_list×42;disc_empty_track_song_uids×42
VEVOUklO,TENRIN,TENRIN,2020-05-25,0,0,0,13,8,13,5,5,5,0,0,0,0,0,1,disc_empty_track_list×8;disc_empty_track_song_uids×13
Q1k4RVI,CY8ER,CY8ER,,1,0,0,11,4,11,5,5,3,0,1,0,0,0,1,formed_date;disc_empty_track_list×4;disc_empty_track_song_uids×11;roster_uids_short
SVJPTkJVTk5Z,IRONBUNNY,IRONBUNNY,,1,0,0,6,6,6,1,1,1,0,0,0,1,1,1,formed_date;disc_empty_track_list×6;disc_empty_track_song_uids×6;no_agencies
44OO44O844K544Oq44O844OW44K5,ノースリーブス,,,1,0,0,14,14,14,3,3,3,0,0,0,1,1,1,formed_date;disc_empty_track_list×14;disc_empty_track_song_uids×14;no_agencies
SXNpbGllbA,Isiliel,,,1,0,0,11,11,11,1,1,1,0,0,0,1,1,1,formed_date;disc_empty_track_list×11;disc_empty_track_song_uids×11;no_agencies
TkFOSU1PTk8,NANIMONO,NANIMONO,2022-05-13,0,0,0,11,8,11,7,7,7,0,0,0,0,0,1,disc_empty_track_list×8;disc_empty_track_song_uids×11
44Oe44O844Kt44Ol44Ot,マーキュロ,,2022-06-24,0,0,0,44,0,44,6,6,6,0,0,0,1,0,1,disc_empty_track_song_uids×44;no_agencies
T25lcGhvbnk,Onephony,Onephony,,1,0,0,8,8,8,5,5,5,0,0,0,0,1,1,formed_date;disc_empty_track_list×8;disc_empty_track_song_uids×8
44OJ44Op44Oe44OB44OD44Kv44Os44Kz44O844OJ,ドラマチックレコード,,2022-09-19,0,0,0,12,11,12,6,6,6,0,0,0,1,0,1,disc_empty_track_list×11;disc_empty_track_song_uids×12;no_agencies
44Oe44K244Oq,マザリ,Mazari,2024-10-11,0,0,0,19,5,19,6,6,6,0,0,0,0,0,1,disc_empty_track_list×5;disc_empty_track_song_uids×19
TkdUNDg,NGT48,NGT48,,1,0,0,12,11,12,1,1,0,1,1,0,1,0,1,formed_date;disc_empty_track_list×11;disc_empty_track_song_uids×12;roster_no_uids;roster_uids_short;no_agencies
Q1lOSE4,CYNHN,CYNHN,2017-06-25,0,0,0,38,31,38,4,4,4,0,0,0,0,0,1,disc_empty_track_list×31;disc_empty_track_song_uids×38
TkVPIEpBUE9OSVNN,NEO JAPONISM,NEO_JAPONISM,,1,0,0,35,19,35,8,8,8,0,0,0,0,0,1,formed_date;disc_empty_track_list×19;disc_empty_track_song_uids×35
aS1DT0w,i-COL,I-COL,2021-05-14,0,0,0,3,3,3,2,2,2,0,0,0,0,1,1,disc_empty_track_list×3;disc_empty_track_song_uids×3
RGV2aWwgQU5USEVNLg,Devil ANTHEM.,Devil_ANTHEM.,2014-12-12,0,0,0,32,5,32,6,6,6,0,0,0,0,0,1,disc_empty_track_list×5;disc_empty_track_song_uids×32
5Y-v5oaQ44Gq44Ki44Kk44Oc44Oq44O8,可憐なアイボリー,Karen_na_Ivory,2021-09-05,0,0,0,23,20,23,11,11,10,0,1,0,0,0,1,disc_empty_track_list×20;disc_empty_track_song_uids×23;roster_uids_short
5ZCb44Gr44CB6IO444Kt44Ol44Oz44CC,君に、胸キュン。,,2018-08-15,0,0,0,1,1,1,8,8,8,0,0,0,0,1,1,disc_empty_track_list×1;disc_empty_track_song_uids×1
44K444Ko44Oh44Kk,ジエメイ,Jiemei,2022-05-01,0,0,0,31,26,31,3,3,3,0,0,0,0,0,1,disc_empty_track_list×26;disc_empty_track_song_uids×31
TWVycnkgQkFEIFRVTkUu,Merry BAD TUNE.,Merry_BAD_TUNE.,2022-06-21,0,0,0,3,3,3,6,6,6,0,0,0,0,1,1,disc_empty_track_list×3;disc_empty_track_song_uids×3
6LGG5p-044Gu5aSn576k,豆柴の大群,MAMESHiBA_NO_TAiGUN,,1,0,0,31,31,31,6,6,5,0,1,0,0,1,1,formed_date;disc_empty_track_list×31;disc_empty_track_song_uids×31;roster_uids_short
UkFZ,RAY,RAY,2019-04-15,0,0,0,33,6,33,5,5,5,0,0,0,0,0,1,disc_empty_track_list×6;disc_empty_track_song_uids×33
TUFETUVE,MADMED,MADMED,,1,0,0,30,18,30,6,6,2,0,1,0,0,0,1,formed_date;disc_empty_track_list×18;disc_empty_track_song_uids×30;roster_uids_short
TUU6SQ,ME:I,Nishimoto Meisa,,1,0,0,11,11,11,11,11,11,0,0,0,1,1,1,formed_date;disc_empty_track_list×11;disc_empty_track_song_uids×11;no_agencies
6LaF44Go44GN44KB44GN4pmh5a6j5Lyd6YOo,超ときめき♡宣伝部,Cho_Tokimeki♡Sendenbu,,1,0,0,45,36,45,5,5,5,0,0,0,0,0,1,formed_date;disc_empty_track_list×36;disc_empty_track_song_uids×45
44OV44Kh44Oz44OI44Og44K344O844K_,ファントムシータ,,2024-06-26,0,0,0,2,2,2,7,7,7,0,0,0,1,1,1,disc_empty_track_list×2;disc_empty_track_song_uids×2;no_agencies
44GN44KF44KL44KK44KT44Gj44Gm44GX44Gm44G_44Gm,きゅるりんってしてみて,,2021-01-23,0,0,0,19,6,19,4,4,4,0,0,0,1,0,1,disc_empty_track_list×6;disc_empty_track_song_uids×19;no_agencies
5pel5ZCR5Z2CNDY,日向坂46,Hinatazaka46,,1,0,0,19,15,19,29,29,28,0,1,0,1,0,1,formed_date;disc_empty_track_list×15;disc_empty_track_song_uids×19;roster_uids_short;no_agencies
QmlTSA,BiSH,BiSH,,1,1,0,1,1,1,0,0,0,0,0,0,0,1,1,formed_date;empty_song_uids;disc_empty_track_list×1;disc_empty_track_song_uids×1
44KC44KC44GE44KN44Kv44Ot44O844OQ44O8Wg,ももいろクローバーZ,Momoiro Clover Z,2007-01-01,0,0,0,67,63,67,4,4,4,0,0,0,0,0,1,disc_empty_track_list×63;disc_empty_track_song_uids×67
4omgTUU,≠ME,≠ME,2019-08-04,0,0,0,32,26,32,12,12,12,0,0,0,0,0,1,disc_empty_track_list×26;disc_empty_track_song_uids×32
QmlsbGxpZQ,Billlie,Fukutomi Tsuki,2021-11-10,0,0,0,22,22,22,15,15,8,0,1,0,1,1,1,disc_empty_track_list×22;disc_empty_track_song_uids×22;roster_uids_short;no_agencies
U1dFRVQgU1RFQURZ,SWEET STEADY,SWEET_STEADY,2024-01-23,0,0,0,16,8,16,7,7,7,0,0,0,0,0,1,disc_empty_track_list×8;disc_empty_track_song_uids×16
QnVvbm8h,Buono!,Buono!,,1,0,0,28,28,28,6,6,3,0,1,0,0,1,1,formed_date;disc_empty_track_list×28;disc_empty_track_song_uids×28;roster_uids_short
4omSSk9Z,≒JOY,≒JOY,2022-03-29,0,0,0,12,11,12,12,12,12,0,0,0,0,0,1,disc_empty_track_list×11;disc_empty_track_song_uids×12
Tk1CNDg,NMB48,NMB48,2010-01-01,0,0,0,43,34,43,1,1,0,1,1,0,1,0,1,disc_empty_track_list×34;disc_empty_track_song_uids×43;roster_no_uids;roster_uids_short;no_agencies
aeKYhlJpcw,i☆Ris,I☆Ris,2012-01-01,0,0,0,55,52,55,5,5,5,0,0,0,0,0,1,disc_empty_track_list×52;disc_empty_track_song_uids×55
56eB56uL5oG15q-U5a-_5Lit5a2m,私立恵比寿中学,Shiritsu_Ebisu_Chugaku,2009-08-04,0,0,0,68,54,68,17,17,8,0,1,0,0,0,1,disc_empty_track_list×54;disc_empty_track_song_uids×68;roster_uids_short
QVZBTQ,AVAM,AVAM,2021-10-01,0,0,0,34,4,34,7,7,7,0,0,0,0,0,1,disc_empty_track_list×4;disc_empty_track_song_uids×34
6auY5ba644Gu44Gq44Gn44GX44GT,高嶺のなでしこ,Takane_no_Nadeshiko,2022-07-10,0,0,0,26,25,26,9,9,9,0,0,0,0,0,1,disc_empty_track_list×25;disc_empty_track_song_uids×26
Q2hlcnJ5IEJ1bGxldA,Cherry Bullet,Cherry Bullet,2019-01-21,0,1,0,8,8,8,0,0,0,0,0,0,1,1,1,empty_song_uids;disc_empty_track_list×8;disc_empty_track_song_uids×8;no_agencies
UGFzc0NvZGU,PassCode,PassCode,,1,0,0,44,44,44,4,4,4,0,0,0,0,1,1,formed_date;disc_empty_track_list×44;disc_empty_track_song_uids×44
44GE44GO44Gq44KK5p2x5YyX55Sj,いぎなり東北産,Iginari_Tohokusan,2015-08-09,0,0,0,40,35,40,9,9,9,0,0,0,0,0,1,disc_empty_track_list×35;disc_empty_track_song_uids×40
44Gu44KT44G144GD44GP77yB,のんふぃく！,Non¬Fiction,2021-04-05,0,0,0,6,4,6,7,7,7,0,0,0,0,0,1,disc_empty_track_list×4;disc_empty_track_song_uids×6
RU1QaVJF,EMPiRE,EMPiRE,2017-08-23,0,0,0,1,1,1,4,4,4,0,0,0,0,1,1,disc_empty_track_list×1;disc_empty_track_song_uids×1
Wk9DWA,ZOCX,ZOCX,,1,0,0,5,5,5,8,8,7,0,1,0,0,1,1,formed_date;disc_empty_track_list×5;disc_empty_track_song_uids×5;roster_uids_short
R0VOSUM,GENIC,GENIC,2020-05-27,0,0,0,27,10,27,7,7,7,0,0,0,0,0,1,disc_empty_track_list×10;disc_empty_track_song_uids×27
44Gn44KT44Gx57WELmluYw,でんぱ組.inc,Dempagumi.inc,2010-06-03,0,0,0,67,42,67,7,7,7,0,0,0,1,0,1,disc_empty_track_list×42;disc_empty_track_song_uids×67;no_agencies
R2lybHPCsg,Girls²,Girls²,,1,0,0,71,71,71,7,7,7,0,0,0,0,1,1,formed_date;disc_empty_track_list×71;disc_empty_track_song_uids×71
5riF56uc5Lq6MjU,清竜人25,Kiyoshi Ryujin 25,2014-09-01,0,0,0,18,18,18,1,1,1,0,0,0,1,1,1,disc_empty_track_list×18;disc_empty_track_song_uids×18;no_agencies
U0tFNDg,SKE48,SKE48,,1,0,0,50,33,50,5,5,0,1,1,0,1,0,1,formed_date;disc_empty_track_list×33;disc_empty_track_song_uids×50;roster_no_uids;roster_uids_short;no_agencies
SEtUNDg,HKT48,HKT48,2011-01-01,0,0,0,22,16,22,1,1,0,1,1,0,1,0,1,disc_empty_track_list×16;disc_empty_track_song_uids×22;roster_no_uids;roster_uids_short;no_agencies
QnJva2VuIEJ5IFRoZSBTY3JlYW0,Broken By The Scream,BROKEN_BY_THE_SCREAM,2017-01-01,0,0,0,11,7,11,4,4,4,0,0,0,1,0,1,disc_empty_track_list×7;disc_empty_track_song_uids×11;no_agencies
44OV44Kj44Ot44K944OV44Kj44O844Gu44OA44Oz44K5,フィロソフィーのダンス,,,1,0,0,85,85,85,5,5,5,0,0,0,1,1,1,formed_date;disc_empty_track_list×85;disc_empty_track_song_uids×85;no_agencies
S0FRUklZT1RFUlJPUg,KAQRIYOTERROR,KAQRIYOTERROR,2017-08-01,0,0,0,12,12,12,4,4,3,0,1,0,0,1,1,disc_empty_track_list×12;disc_empty_track_song_uids×12;roster_uids_short
4oSDLXV0ZQ,℃-ute,℃-ute,2005-06-01,0,0,0,60,60,60,6,6,3,0,1,0,0,1,1,disc_empty_track_list×60;disc_empty_track_song_uids×60;roster_uids_short
5aSc5YWJ5oCn44Ki44Of44Ol44O844K6,夜光性アミューズ,Yakousei_Amuse,2021-03-17,0,0,0,13,6,13,7,7,7,0,0,0,0,0,1,disc_empty_track_list×6;disc_empty_track_song_uids×13
44KP44O844GZ44Gf,わーすた,Wa-Suta,2015-01-01,0,0,0,27,27,27,4,4,4,0,0,0,0,1,1,disc_empty_track_list×27;disc_empty_track_song_uids×27
QU1FRlVSQVNTSEk,AMEFURASSHI,AMEFURASSHI,2018-11-03,0,0,0,37,25,37,4,4,4,0,0,0,0,0,1,disc_empty_track_list×25;disc_empty_track_song_uids×37
Q1NS,CSR,,,1,0,0,10,10,10,7,7,7,0,0,0,1,1,1,formed_date;disc_empty_track_list×10;disc_empty_track_song_uids×10;no_agencies
bG9s,lol,Lol,,1,0,0,65,30,65,8,8,8,0,0,0,0,0,1,formed_date;disc_empty_track_list×30;disc_empty_track_song_uids×65
Um9ja2V0IFB1bmNo,Rocket Punch,Rocket_Punch,2019-08-07,0,0,0,1,1,1,11,11,7,0,1,0,1,1,1,disc_empty_track_list×1;disc_empty_track_song_uids×1;roster_uids_short;no_agencies
ZmVtbWUgZmF0YWxl,femme fatale,Femme_fatale,2018-10-22,0,0,0,13,6,13,2,2,3,0,0,0,0,0,1,disc_empty_track_list×6;disc_empty_track_song_uids×13
U1RVNDg,STU48,STU48,,1,0,0,14,13,14,1,1,0,1,1,0,1,0,1,formed_date;disc_empty_track_list×13;disc_empty_track_song_uids×14;roster_no_uids;roster_uids_short;no_agencies
5oiR5YSY44Op44Kt44Ki,我儘ラキア,WAGAMAMARAKIA,2016-01-01,0,0,0,18,16,18,4,4,1,0,1,0,1,0,1,disc_empty_track_list×16;disc_empty_track_song_uids×18;roster_uids_short;no_agencies
QG9uZWZpdmU,@onefive,@onefive,2019-10-20,0,0,0,2,2,2,4,4,4,0,0,0,0,1,1,disc_empty_track_list×2;disc_empty_track_song_uids×2
eW9zdWdhbGE,yosugala,Yosugala,2022-05-15,0,0,0,26,2,26,4,4,4,0,0,0,0,0,1,disc_empty_track_list×2;disc_empty_track_song_uids×26
6Jm544Gu44Kz44Oz44Kt44K544K_44OJ44O844Or,虹のコンキスタドール,Niji no Conquistador,2014-07-14,0,0,0,51,22,51,13,13,10,0,1,0,1,0,1,disc_empty_track_list×22;disc_empty_track_song_uids×51;roster_uids_short;no_agencies
44Gc44KT44G25ZCb44Gu44Gb44GE44Gg44CC,ぜんぶ君のせいだ。,,,1,0,0,1,0,1,5,5,5,0,0,0,1,0,1,formed_date;disc_empty_track_song_uids×1;no_agencies
TEUgU1NFUkFGSU0,LE SSERAFIM,LE_SSERAFIM,2022-05-02,0,0,0,59,59,59,14,14,9,0,1,0,1,1,1,disc_empty_track_list×59;disc_empty_track_song_uids×59;roster_uids_short;no_agencies
QkFCWU1PTlNURVI,BABYMONSTER,Kawai Ruka,2023-11-27,0,0,0,1,1,1,17,17,8,0,1,0,1,1,1,disc_empty_track_list×1;disc_empty_track_song_uids×1;roster_uids_short;no_agencies
QkFCWU1FVEFM,BABYMETAL,BABYMETAL,2010-01-01,0,0,0,54,40,54,4,4,4,0,0,0,0,0,1,disc_empty_track_list×40;disc_empty_track_song_uids×54
PUxPVkU,=LOVE,=LOVE,2017-08-05,0,0,0,37,34,37,10,10,10,0,0,0,0,0,1,disc_empty_track_list×34;disc_empty_track_song_uids×37
5LmD5pyo5Z2CNDY,乃木坂46,Nogizaka46,,1,0,0,51,36,51,40,40,39,0,1,0,1,0,1,formed_date;disc_empty_track_list×36;disc_empty_track_song_uids×51;roster_uids_short;no_agencies
RlJVSVRTIFpJUFBFUg,FRUITS ZIPPER,FRUITS_ZIPPER,2022-04-01,0,0,0,24,11,24,7,7,7,0,0,0,0,0,1,disc_empty_track_list×11;disc_empty_track_song_uids×24
QUtCNDg,AKB48,AKB48,2005-01-01,0,0,0,120,77,120,4,4,4,0,0,0,1,0,1,disc_empty_track_list×77;disc_empty_track_song_uids×120;no_agencies
aUxpRkUh,iLiFE!,iLiFE!,2020-06-05,0,0,0,21,4,21,10,10,10,0,0,0,0,0,1,disc_empty_track_list×4;disc_empty_track_song_uids×21
5qu75Z2CNDY,櫻坂46,Sakurazaka46,2020-10-14,0,0,0,16,12,16,32,32,32,0,0,0,1,0,1,disc_empty_track_list×12;disc_empty_track_song_uids×16;no_agencies
Q1VUSUUgU1RSRUVU,CUTIE STREET,CUTIE_STREET,2024-08-04,0,0,0,10,5,10,8,8,8,0,0,0,0,0,1,disc_empty_track_list×5;disc_empty_track_song_uids×10
Q0FORFkgVFVORQ,CANDY TUNE,CANDY_TUNE,2023-02-02,0,0,0,16,7,16,7,7,7,0,0,0,0,0,1,disc_empty_track_list×7;disc_empty_track_song_uids×16
44GY44O844GP44KJ44KA77yB,じーくらむ！,,2019-12-27,0,0,0,11,5,11,6,6,3,0,1,0,1,0,1,disc_empty_track_list×5;disc_empty_track_song_uids×11;roster_uids_short;no_agencies
44Op44K544OI44K344O844Oz,ラストシーン,LAST_SCENE_(HEROINES),2025-12-13,0,1,1,0,0,0,7,7,7,0,0,0,0,0,0,empty_song_uids;empty_discography
TuOCvOODrQ,Nゼロ,N_Zero,2010-05-01,0,0,0,15,3,15,10,10,7,0,1,0,0,0,1,disc_empty_track_list×3;disc_empty_track_song_uids×15;roster_uids_short
Q2hlY2ttYXRl,Checkmate,Checkmate!?,,1,0,0,22,22,22,2,2,2,0,0,0,1,1,1,formed_date;disc_empty_track_list×22;disc_empty_track_song_uids×22;no_agencies
VklMTEFJTlMgSE9VU0U,VILLAINS HOUSE,VILLAINS_HOUSE,2024-08-01,0,0,0,17,15,17,9,9,8,0,1,0,1,0,1,disc_empty_track_list×15;disc_empty_track_song_uids×17;roster_uids_short;no_agencies
WUFNSU5BQkU,YAMINABE,YAMINABE,,1,0,0,13,13,13,4,4,4,0,0,0,1,1,1,formed_date;disc_empty_track_list×13;disc_empty_track_song_uids×13;no_agencies
44GC44GS44KC44KT77yB,あげもん！,Agemon!,2021-07-23,0,0,0,10,0,10,4,4,1,0,1,0,0,0,1,disc_empty_track_song_uids×10;roster_uids_short
44OK44OI4piG44Kr44Oz/#google_vignette,ナト☆カン,Nato☆Kan,2011-12-12,0,0,0,7,6,7,2,2,0,1,1,0,0,0,1,disc_empty_track_list×6;disc_empty_track_song_uids×7;roster_no_uids;roster_uids_short
44Oq44Oq44K344OD44Kv5a2m5ZyS,リリシック学園,,2020-04-19,0,0,0,18,0,18,5,5,2,0,1,0,1,0,1,disc_empty_track_song_uids×18;roster_uids_short;no_agencies
UGltbSdz,Pimm's,Pimm's,2013-05-24,0,0,0,24,8,24,7,7,6,0,1,0,0,0,1,disc_empty_track_list×8;disc_empty_track_song_uids×24;roster_uids_short
TG92ZSBDb2NjaGk,Love Cocchi,Love Cocchi,,1,0,0,6,5,6,3,3,3,0,0,0,0,0,1,formed_date;disc_empty_track_list×5;disc_empty_track_song_uids×6
d231b9f2-f247-4cf5-8d57-35365fd73f16,ドレスコード,Dress_Code,2024-09-21,0,0,0,1,1,1,5,5,5,0,0,0,0,1,1,disc_empty_track_list×1;disc_empty_track_song_uids×1
9b937bbf-facf-437b-9815-94152bfe5805,ヒロインズ研究生,HEROINES_Kenkyuusei,2023-10-16,0,1,1,0,0,0,10,10,10,0,0,0,0,0,0,empty_song_uids;empty_discography
055cd81a-8c78-44ad-b74b-3f45fc551f9b,ナナコロビヤオキ,Nanakorobi_Yaoki,2024-06-14,0,0,0,6,6,6,8,8,7,0,1,0,0,1,1,disc_empty_track_list×6;disc_empty_track_song_uids×6;roster_uids_short
72612662-7c13-4de8-b694-a800f9eb1dda,Ladybaby,LADYBABY,2015-01-01,0,0,0,21,15,21,5,5,5,0,0,0,0,0,1,disc_empty_track_list×15;disc_empty_track_song_uids×21
a7805041-7cce-4541-86b5-a3fe06d3d4ea,AMAKAZE,,2020-11-05,0,1,1,0,0,0,9,9,9,0,0,0,0,0,0,empty_song_uids;empty_discography
743724ff-5c2d-4e42-85ab-95e7e5c42954,Raiden,,2020-11-05,0,0,0,78,78,78,10,10,10,0,0,0,0,1,1,disc_empty_track_list×78;disc_empty_track_song_uids×78
d8f8e543-16c7-4f7e-8903-ded7ec8c5380,Ragken!,,2019-09-05,0,1,1,0,0,0,13,13,13,0,0,0,0,0,0,empty_song_uids;empty_discography
acdd5738-2636-426a-b896-b9435d4327a5,HEROINES Kenkyuusei,HEROINES Kenkyuusei,2023-10-16,0,1,1,0,0,0,10,10,10,0,0,1,1,0,0,empty_song_uids;empty_discography;no_wiki_url;no_agencies
764d49a4-9186-44f0-9c88-ab913d7c95ca,SUIGETSU,,2020-11-05,0,1,1,0,0,0,0,0,0,0,0,0,0,0,0,empty_song_uids;empty_discography
15c6385c-b09a-4dbc-89f1-fc96cef74fff,BLK LiLiY,BLK_LiLiY,2021-03-21,0,0,0,2,1,2,0,0,0,0,0,0,0,0,1,disc_empty_track_list×1;disc_empty_track_song_uids×2
7e2b7bae-0b97-4c6c-8268-4923aa92c622,Link STAR's,Link_STAR's,,1,0,0,7,7,7,0,0,0,0,0,0,0,1,1,formed_date;disc_empty_track_list×7;disc_empty_track_song_uids×7
4d9e63bf-672e-4b0a-86e6-40c8e5cc6689,Yumeiro H!L!T,Yumeiro_H!L!T,2019-06-23,0,1,1,0,0,0,0,0,0,0,0,0,0,0,0,empty_song_uids;empty_discography
5qyF5Z2CNDY,欅坂46,Keyakizaka46,2015-08-21,0,0,0,12,12,12,1,1,0,1,1,0,0,1,1,disc_empty_track_list×12;disc_empty_track_song_uids×12;roster_no_uids;roster_uids_short
SVoqT05F,IZ*ONE,IZ*ONE,2018-10-29,0,1,0,1,1,1,0,0,0,0,0,0,1,1,1,empty_song_uids;disc_empty_track_list×1;disc_empty_track_song_uids×1;no_agencies
44Oi44O844OL44Oz44Kw5aiY44CC,モーニング娘。'25,Morning Musume,1997-09-07,0,0,0,207,138,207,0,0,0,0,0,0,0,0,1,disc_empty_track_list×138;disc_empty_track_song_uids×207
SnVpY2U9SnVpY2U,Juice=Juice,Juice=Juice,2013-02-03,0,0,0,41,36,41,1,1,0,1,1,0,0,0,1,disc_empty_track_list×36;disc_empty_track_song_uids×41;roster_no_uids;roster_uids_short
56We5a6_,神宿,KAMIYADO,2014-09-28,0,0,0,49,16,49,0,0,0,0,0,0,0,0,1,disc_empty_track_list×16;disc_empty_track_song_uids×49
UGlLaQ,PiKi,PiKi,2025-06-21,0,0,0,3,3,3,2,2,2,0,0,0,0,1,1,disc_empty_track_list×3;disc_empty_track_song_uids×3
44Ki44Oz44K444Ol44Or44Og,アンジュルム,ANGERME,,1,0,0,79,65,79,0,0,0,0,0,0,1,0,1,formed_date;disc_empty_track_list×65;disc_empty_track_song_uids×79;no_agencies
QmVycnl65bel5oi_,Berryz工房,Berryz Koubou,2004-01-01,0,0,0,111,92,111,1,1,0,1,1,0,0,0,1,disc_empty_track_list×92;disc_empty_track_song_uids×111;roster_no_uids;roster_uids_short
QkVZT09PT09ORFM,BEYOOOOONDS,BEYOOOOONDS,2018-10-19,0,0,0,16,13,16,2,2,0,1,1,0,0,0,1,disc_empty_track_list×13;disc_empty_track_song_uids×16;roster_no_uids;roster_uids_short
44Gk44Gw44GN44OV44Kh44Kv44OI44Oq44O8,つばきファクトリー,Tsubaki Factory,,1,0,0,33,26,33,0,0,0,0,0,0,1,0,1,formed_date;disc_empty_track_list×26;disc_empty_track_song_uids×33;no_agencies
UHJldHR5IENodXU,Pretty Chuu,Pretty_Chuu,2025-06-16,0,0,0,18,18,18,5,5,1,0,1,1,0,1,1,disc_empty_track_list×18;disc_empty_track_song_uids×18;roster_uids_short;no_wiki_url
TU9SRSBTVEFS,MORE STAR,MORE_STAR,,1,0,0,5,5,5,9,9,0,1,1,1,0,1,1,formed_date;disc_empty_track_list×5;disc_empty_track_song_uids×5;roster_no_uids;roster_uids_short;no_wiki_url
TUVHQUZPTg,MEGAFON,MEGAFON,2025-04-06,0,0,0,8,0,8,6,6,1,0,1,0,0,0,1,disc_empty_track_song_uids×8;roster_uids_short
5bm95LiW6ISF5ZqH,幽世脅嚇,,,1,1,1,0,0,0,0,0,0,0,0,1,1,0,0,formed_date;empty_song_uids;empty_discography;no_wiki_url;no_agencies
QeW_nFA,A応P,,,1,1,1,0,0,0,0,0,0,0,0,1,1,0,0,formed_date;empty_song_uids;empty_discography;no_wiki_url;no_agencies
T0NIQSBOT1JNQQ,OCHA NORMA,OCHA NORMA,2021-12-12,0,0,0,8,7,8,1,1,0,1,1,0,0,0,1,disc_empty_track_list×7;disc_empty_track_song_uids×8;roster_no_uids;roster_uids_short
44Ki44Kk44OJ44Oq44Oz44KwISEh,アイドリング!!!,,,1,1,1,0,0,0,0,0,0,0,0,1,1,0,0,formed_date;empty_song_uids;empty_discography;no_wiki_url;no_agencies
RFJBV-KZoU1F,DRAW♡ME,,,1,1,1,0,0,0,0,0,0,0,0,1,1,0,0,formed_date;empty_song_uids;empty_discography;no_wiki_url;no_agencies
TU5MNDg,MNL48,MNL48,2018-04-28,0,0,0,13,5,13,1,1,0,1,1,0,1,0,1,disc_empty_track_list×5;disc_empty_track_song_uids×13;roster_no_uids;roster_uids_short;no_agencies
44Ot44O844K444O844Kv44Ot44OL44Kv44Or,ロージークロニクル,Rosy Chronicle,,1,1,0,3,3,3,0,0,0,0,0,0,1,1,1,formed_date;empty_song_uids;disc_empty_track_list×3;disc_empty_track_song_uids×3;no_agencies
55yJ5p2R44Gh44GC44GN,眉村ちあき,Mayumura_Chiaki,,1,0,0,33,33,33,0,0,0,0,0,1,0,1,1,formed_date;disc_empty_track_list×33;disc_empty_track_song_uids×33;no_wiki_url
TVlFUkE,MYERA,,2025-01-01,0,0,0,5,5,5,5,5,2,0,1,1,1,1,1,disc_empty_track_list×5;disc_empty_track_song_uids×5;roster_uids_short;no_wiki_url;no_agencies
QnV6eQ,Buzy,,1998-01-01,0,1,1,0,0,0,0,0,0,0,0,1,0,0,0,empty_song_uids;empty_discography;no_wiki_url
44OP44Ot44OX44Ot56CU5L-u55Sf,ハロプロ研修生,Hello Pro Kenshuusei,2010-03-27,0,1,0,28,15,28,0,0,0,0,0,0,1,0,1,empty_song_uids;disc_empty_track_list×15;disc_empty_track_song_uids×28;no_agencies
44Op44K544OI44Ki44Kk44OJ44OrMuacn-eUnw,ラストアイドル2期生,,,1,1,1,0,0,0,0,0,0,0,0,1,1,0,0,formed_date;empty_song_uids;empty_discography;no_wiki_url;no_agencies
c29yYSB0b2Igc2FrYW5h,sora tob sakana,Sora_tob_sakana,,1,0,0,13,13,13,0,0,0,0,0,1,0,1,1,formed_date;disc_empty_track_list×13;disc_empty_track_song_uids×13;no_wiki_url
44GV44GP44KJ5a2m6Zmi,さくら学院,Sakura_Gakuin,,1,1,1,0,0,0,0,0,0,0,0,1,0,0,0,formed_date;empty_song_uids;empty_discography;no_wiki_url
5rih44KK5buK5LiL6LWw44KK6ZqKNw,渡り廊下走り隊7,,,1,1,1,0,0,0,0,0,0,0,0,1,1,0,0,formed_date;empty_song_uids;empty_discography;no_wiki_url;no_agencies
UHJpem1teeKYhg,Prizmmy☆,,,1,0,0,21,21,21,0,0,0,0,0,1,1,1,1,formed_date;disc_empty_track_list×21;disc_empty_track_song_uids×21;no_wiki_url;no_agencies
44OV44Kn44Ki44Oq44O844K6,フェアリーズ,,,1,1,1,0,0,0,0,0,0,0,0,1,1,0,0,formed_date;empty_song_uids;empty_discography;no_wiki_url;no_agencies
MjbmmYLjga7jg57jgrnjgqvjg6zjgqTjg4k,26時のマスカレイド,,,1,1,1,0,0,0,0,0,0,0,0,1,1,0,0,formed_date;empty_song_uids;empty_discography;no_wiki_url;no_agencies
R1BQ,GPP,,,1,0,0,2,2,2,8,8,6,0,1,1,0,1,1,formed_date;disc_empty_track_list×2;disc_empty_track_song_uids×2;roster_uids_short;no_wiki_url
UmVhbFJvbWFudGlj,RealRomantic,,2025-04-16,0,0,0,7,7,7,8,8,7,0,1,1,0,1,1,disc_empty_track_list×7;disc_empty_track_song_uids×7;roster_uids_short;no_wiki_url
UElHTU9OWg,PIGMONZ,,2026-03-21,0,0,0,2,2,2,3,3,3,0,0,0,0,1,1,disc_empty_track_list×2;disc_empty_track_song_uids×2
T05FUElYQ0VM,ONEPIXCEL,OnePixcel,,1,0,0,13,13,13,0,0,0,0,0,1,0,1,1,formed_date;disc_empty_track_list×13;disc_empty_track_song_uids×13;no_wiki_url
U3RyYWlnaHQgQW5nZWxp,Straight Angeli,Straight_Angeli,2025-11-01,0,0,0,2,2,2,6,6,6,0,0,1,0,1,1,disc_empty_track_list×2;disc_empty_track_song_uids×2;no_wiki_url
6ISH55Sw44KC44Gq44KK,脇田もなり,Wakita_Monari,,1,0,0,26,26,26,0,0,0,0,0,1,0,1,1,formed_date;disc_empty_track_list×26;disc_empty_track_song_uids×26;no_wiki_url
SmV3ZWw,Jewel,,2010-06-13,0,0,0,19,19,19,1,1,0,1,1,1,0,1,1,disc_empty_track_list×19;disc_empty_track_song_uids×19;roster_no_uids;roster_uids_short;no_wiki_url
RElBVkVM,DIAVEL,,2025-04-26,0,0,0,9,9,9,7,7,7,0,0,1,1,1,1,disc_empty_track_list×9;disc_empty_track_song_uids×9;no_wiki_url;no_agencies
TWlsa3lXYXk,MilkyWay,Milkyway,,1,0,0,16,16,16,1,1,0,1,1,1,1,1,1,formed_date;disc_empty_track_list×16;disc_empty_track_song_uids×16;roster_no_uids;roster_uids_short;no_wiki_url;no_agencies
MzY1wrA,365°,365,,1,1,1,0,0,0,0,0,0,0,0,1,1,0,0,formed_date;empty_song_uids;empty_discography;no_wiki_url;no_agencies
Q2h1bmluZyBDYW5keQ,Chuning Candy,Chuning_Candy,,1,0,0,7,7,7,0,0,0,0,0,1,0,1,1,formed_date;disc_empty_track_list×7;disc_empty_track_song_uids×7;no_wiki_url
WElOWElO,XINXIN,,2026-03-15,0,0,0,7,6,7,8,8,8,0,0,0,0,0,1,disc_empty_track_list×6;disc_empty_track_song_uids×7
R2VuMWVz,Gen1es,,,1,1,1,0,0,0,0,0,0,0,0,1,1,0,0,formed_date;empty_song_uids;empty_discography;no_wiki_url;no_agencies
44OV44Os44Oz44OB44O744Kt44K5,フレンチ・キス,,,1,1,1,0,0,0,0,0,0,0,0,1,1,0,0,formed_date;empty_song_uids;empty_discography;no_wiki_url;no_agencies
TUlTUyBNRVJDWQ,MISS MERCY,MISS_MERCY,2022-03-02,0,0,0,20,20,20,7,7,7,0,0,1,0,1,1,disc_empty_track_list×20;disc_empty_track_song_uids×20;no_wiki_url
VG9pIFRvaSBUb2k,Toi Toi Toi,Toi_Toi_Toi,2025-04-04,0,0,0,7,7,7,8,8,8,0,0,0,0,1,1,disc_empty_track_list×7;disc_empty_track_song_uids×7
YW1pbmk,amini,Amini,,1,0,0,6,2,6,6,6,6,0,0,0,0,0,1,formed_date;disc_empty_track_list×2;disc_empty_track_song_uids×6
44K744Kv44OI,セクト,,,1,1,1,0,0,0,0,0,0,0,0,1,1,0,0,formed_date;empty_song_uids;empty_discography;no_wiki_url;no_agencies
44OP44OD44OU44O844GP44KL44GP44KL,ハッピーくるくる,,,1,1,1,0,0,0,0,0,0,0,0,1,1,0,0,formed_date;empty_song_uids;empty_discography;no_wiki_url;no_agencies
5oKy5pKD44Gu44OS44Ot44Kk44Oz55eH5YCZ576k,悲撃のヒロイン症候群,,,1,1,1,0,0,0,0,0,0,0,0,1,1,0,0,formed_date;empty_song_uids;empty_discography;no_wiki_url;no_agencies
UllVVGlzdA,RYUTist,,2011-01-01,0,0,0,27,27,27,0,0,0,0,0,1,0,1,1,disc_empty_track_list×27;disc_empty_track_song_uids×27;no_wiki_url
44K244O744Kz44Kk44Oz44Ot44OD44Kr44O844K6,ザ・コインロッカーズ,,,1,1,1,0,0,0,0,0,0,0,0,1,1,0,0,formed_date;empty_song_uids;empty_discography;no_wiki_url;no_agencies
44KK44Oz44Gt,りンね,Rinne,,1,0,0,20,20,20,0,0,0,0,0,1,0,1,1,formed_date;disc_empty_track_list×20;disc_empty_track_song_uids×20;no_wiki_url
TWFkZSBpbiBNYWlkZW4,Made in Maiden,Requiem_(Made_in_Maiden),2025-04-24,0,0,0,8,8,8,4,4,2,0,1,1,1,1,1,disc_empty_track_list×8;disc_empty_track_song_uids×8;roster_uids_short;no_wiki_url;no_agencies
44Ku44Of44OD44Kv,ギミック,,,1,1,1,0,0,0,0,0,0,0,0,1,1,0,0,formed_date;empty_song_uids;empty_discography;no_wiki_url;no_agencies
QnVzdGVycw,Busters,,,1,1,1,0,0,0,0,0,0,0,0,1,1,0,0,formed_date;empty_song_uids;empty_discography;no_wiki_url;no_agencies
44Of44K944Op44OJ44Ko44K444K944Oz,ミソラドエジソン,,,1,1,1,0,0,0,0,0,0,0,0,1,1,0,0,formed_date;empty_song_uids;empty_discography;no_wiki_url;no_agencies
U09M,SOL,,,1,1,1,0,0,0,0,0,0,0,0,1,1,0,0,formed_date;empty_song_uids;empty_discography;no_wiki_url;no_agencies
Q0FMJlJFUw,CAL&RES,,2021-08-16,0,0,0,1,1,1,4,4,1,0,1,1,0,1,1,disc_empty_track_list×1;disc_empty_track_song_uids×1;roster_uids_short;no_wiki_url
44Gt44GK44Gh,ねおち,Neochi,,1,0,0,10,10,10,0,0,0,0,0,1,1,1,1,formed_date;disc_empty_track_list×10;disc_empty_track_song_uids×10;no_wiki_url;no_agencies
56We5qeY44Gu6KiA44GG6YCa44KK,神様の言う通り,,,1,1,1,0,0,0,0,0,0,0,0,1,1,0,0,formed_date;empty_song_uids;empty_discography;no_wiki_url;no_agencies
57W25pyb44Kt44ON44Oe,絶望キネマ,Zetsubou_Kinema,,1,0,0,6,6,6,5,5,0,1,1,1,0,1,1,formed_date;disc_empty_track_list×6;disc_empty_track_song_uids×6;roster_no_uids;roster_uids_short;no_wiki_url
TFVOQVJTT0xBUg,LUNARSOLAR,,,1,1,1,0,0,0,0,0,0,0,0,1,1,0,0,formed_date;empty_song_uids;empty_discography;no_wiki_url;no_agencies
RXNwZWNpYQ,Especia,,2012-06-01,0,0,0,14,14,14,0,0,0,0,0,1,0,1,1,disc_empty_track_list×14;disc_empty_track_song_uids×14;no_wiki_url
WnNhc3o,Zsasz,,2019-10-22,0,0,0,2,2,2,0,0,0,0,0,1,1,1,1,disc_empty_track_list×2;disc_empty_track_song_uids×2;no_wiki_url;no_agencies
44Kz44Os44Gj44Gm5oGL44Gn44GZ44GL77yf,コレって恋ですか？,Korette_Koi_desu_ka?,2019-08-31,0,0,0,7,7,7,0,0,0,0,0,1,0,1,1,disc_empty_track_list×7;disc_empty_track_song_uids×7;no_wiki_url
44OX44Op44Oz44Kv44K544K_44O844K6,プランクスターズ,,,1,1,1,0,0,0,0,0,0,0,0,1,1,0,0,formed_date;empty_song_uids;empty_discography;no_wiki_url;no_agencies
5Y-v5oaQR2lybCdz,可憐Girl's,Karen_Girl's,,1,0,0,3,3,3,2,2,1,0,1,1,0,1,1,formed_date;disc_empty_track_list×3;disc_empty_track_song_uids×3;roster_uids_short;no_wiki_url
U1BBQ0UgR0lSTFMgUExBTkVU,SPACE GIRLS PLANET,SPACE_GIRLS_PLANET,,1,0,0,6,6,6,0,0,0,0,0,1,1,1,1,formed_date;disc_empty_track_list×6;disc_empty_track_song_uids×6;no_wiki_url;no_agencies
Um9vdCBtaW1p,Root mimi,Root_mimi,,1,0,0,6,6,6,13,13,6,0,1,0,0,1,1,formed_date;disc_empty_track_list×6;disc_empty_track_song_uids×6;roster_uids_short
bG9nIHlvdQ,log you,Log_you,,1,0,0,4,0,4,12,12,6,0,1,0,0,0,1,formed_date;disc_empty_track_song_uids×4;roster_uids_short
44KB44Gj77yB,めっ！,Sukisugite_Metsu!,,1,1,1,0,0,0,0,0,0,0,0,1,1,0,0,formed_date;empty_song_uids;empty_discography;no_wiki_url;no_agencies
REVBRExJRlQgTE9MSVRB,DEADLIFT LOLITA,DEADLIFT_LOLITA,2017-03-01,0,0,0,7,7,7,2,2,1,0,1,1,0,1,1,disc_empty_track_list×7;disc_empty_track_song_uids×7;roster_uids_short;no_wiki_url
44Ki44Kk44OJ44Or44ON44OD44K144Oz44K5,アイドルネッサンス,,,1,1,1,0,0,0,0,0,0,0,0,1,1,0,0,formed_date;empty_song_uids;empty_discography;no_wiki_url;no_agencies
44OZ44Kk44OT44O844Os44Kk44K6SkFQQU4,ベイビーレイズJAPAN,,,1,1,1,0,0,0,0,0,0,0,0,1,1,0,0,formed_date;empty_song_uids;empty_discography;no_wiki_url;no_agencies
Q0FSUlkgTE9PU0U,CARRY LOOSE,CARRY_LOOSE,2019-06-01,0,0,0,1,1,1,4,4,2,0,1,0,0,1,1,disc_empty_track_list×1;disc_empty_track_song_uids×1;roster_uids_short
5ZCJ5bed5Y-L,吉川友,,,1,1,1,0,0,0,0,0,0,0,0,1,1,0,0,formed_date;empty_song_uids;empty_discography;no_wiki_url;no_agencies
5p2x5Lqs44OR44OV44Kp44O844Oe44Oz44K544OJ44O844Or,東京パフォーマンスドール,,,1,1,1,0,0,0,0,0,0,0,0,1,1,0,0,formed_date;empty_song_uids;empty_discography;no_wiki_url;no_agencies
QmVGb3JV,BeForU,,2000-01-01,0,0,0,10,10,10,0,0,0,0,0,1,1,1,1,disc_empty_track_list×10;disc_empty_track_song_uids×10;no_wiki_url;no_agencies
UkUtR0U,RE-GE,,2026-02-15,0,0,0,1,1,1,9,9,9,0,0,1,0,1,1,disc_empty_track_list×1;disc_empty_track_song_uids×1;no_wiki_url
44Ki44K544OI44Os44Kk44Or,アストレイル,,,1,1,1,0,0,0,0,0,0,0,0,1,1,0,0,formed_date;empty_song_uids;empty_discography;no_wiki_url;no_agencies
UEFTU1BP4piG,PASSPO☆,,,1,0,0,53,53,53,0,0,0,0,0,1,0,1,1,formed_date;disc_empty_track_list×53;disc_empty_track_song_uids×53;no_wiki_url
5ZCJ55Sw5Yec6Z-z,吉田凜音,Yoshida_Rinne,,1,0,0,25,25,25,0,0,0,0,0,1,1,1,1,formed_date;disc_empty_track_list×25;disc_empty_track_song_uids×25;no_wiki_url;no_agencies
bWlzY2FzdA,miscast,Miscast,2019-06-07,0,0,0,14,6,14,8,8,5,0,1,0,0,0,1,disc_empty_track_list×6;disc_empty_track_song_uids×14;roster_uids_short
UmV2LmZyb20gRFZM,Rev.from DVL,Rev._from_DVL,,1,0,0,11,11,11,0,0,0,0,0,1,0,1,1,formed_date;disc_empty_track_list×11;disc_empty_track_song_uids×11;no_wiki_url
TkVLSVJV,NEKIRU,,,1,1,1,0,0,0,0,0,0,0,0,1,1,0,0,formed_date;empty_song_uids;empty_discography;no_wiki_url;no_agencies
VklOSUk,VINII,,2025-11-12,0,0,0,3,3,3,4,4,1,0,1,1,0,1,1,disc_empty_track_list×3;disc_empty_track_song_uids×3;roster_uids_short;no_wiki_url
TWVNZVE,MeMeQ,,2025-09-27,0,0,0,2,2,2,7,7,7,0,0,0,0,1,1,disc_empty_track_list×2;disc_empty_track_song_uids×2
Q1VSRSdU,CURE'T,,2025-11-24,0,0,0,1,1,1,6,6,6,0,0,1,0,1,1,disc_empty_track_list×1;disc_empty_track_song_uids×1;no_wiki_url
U3VnYXLimaFIb2xpYw,Sugar♡Holic,,,1,1,1,0,0,0,0,0,0,0,0,1,1,0,0,formed_date;empty_song_uids;empty_discography;no_wiki_url;no_agencies
Qk5TSQ,BNSI,,2025-08-08,0,0,0,2,2,2,7,7,5,0,1,0,0,1,1,disc_empty_track_list×2;disc_empty_track_song_uids×2;roster_uids_short
44OS44Kk44Op44Ku44Oq44Kq,ヒイラギリオ,Hiiragi_Rio,,1,0,0,6,6,6,0,0,0,0,0,1,1,1,1,formed_date;disc_empty_track_list×6;disc_empty_track_song_uids×6;no_wiki_url;no_agencies
54m55pKu44GM44KL44Ga,特撮がるず,,,1,1,1,0,0,0,0,0,0,0,0,1,1,0,0,formed_date;empty_song_uids;empty_discography;no_wiki_url;no_agencies
56-g5bSO44KK44GV,篠崎りさ,,,1,1,1,0,0,0,0,0,0,0,0,1,1,0,0,formed_date;empty_song_uids;empty_discography;no_wiki_url;no_agencies
Q2hlZWt5IFBhcmFkZQ,Cheeky Parade,Cheeky_Parade,,1,0,0,5,5,5,0,0,0,0,0,1,1,1,1,formed_date;disc_empty_track_list×5;disc_empty_track_song_uids×5;no_wiki_url;no_agencies
SURPTEFURVI,IDOLATER,,2019-03-25,0,0,0,12,12,12,0,0,0,0,0,1,0,1,1,disc_empty_track_list×12;disc_empty_track_song_uids×12;no_wiki_url
44OV44Kh44O844K544OI44OX44Os44Kk44Oq44K544OI,ファーストプレイリスト,,,1,1,1,0,0,0,0,0,0,0,0,1,1,0,0,formed_date;empty_song_uids;empty_discography;no_wiki_url;no_agencies
UmVGTGlB,ReFLiA,,,1,1,1,0,0,0,0,0,0,0,0,1,1,0,0,formed_date;empty_song_uids;empty_discography;no_wiki_url;no_agencies
5q2m6Jek5b2p5pyq,武藤彩未,,,1,1,1,0,0,0,0,0,0,0,0,1,1,0,0,formed_date;empty_song_uids;empty_discography;no_wiki_url;no_agencies
44Gt44KC44G644KNIGZyb20g44Gn44KT44Gx57WELmluYw,ねもぺろ from でんぱ組.inc,,,1,1,1,0,0,0,0,0,0,0,0,1,1,0,0,formed_date;empty_song_uids;empty_discography;no_wiki_url;no_agencies
44G_44GO44Gm44KE44GY44KL44GXIOOBsuOBoOOCiuOBpuOBr-ODvOOBqA,みぎてやじるし ひだりてはーと,,,1,1,1,0,0,0,0,0,0,0,0,1,1,0,0,formed_date;empty_song_uids;empty_discography;no_wiki_url;no_agencies
Q1JPV04gUE9Q,CROWN POP,CROWN_POP,2015-08-08,0,0,0,18,18,18,0,0,0,0,0,1,0,1,1,disc_empty_track_list×18;disc_empty_track_song_uids×18;no_wiki_url
5LmZ5aWz5paw5YWa,乙女新党,,,1,1,1,0,0,0,0,0,0,0,0,1,1,0,0,formed_date;empty_song_uids;empty_discography;no_wiki_url;no_agencies
5a-65baL55Sx6IqZ,寺嶋由芙,Terashima_Yufu,,1,0,0,28,28,28,0,0,0,0,0,1,0,1,1,formed_date;disc_empty_track_list×28;disc_empty_track_song_uids×28;no_wiki_url
Qi5PLkwuVA,B.O.L.T,,2019-07-01,0,0,0,28,28,28,0,0,0,0,0,1,0,1,1,disc_empty_track_list×28;disc_empty_track_song_uids×28;no_wiki_url
V0hZQERPTEw,WHY@DOLL,,2014-09-01,0,0,0,16,16,16,0,0,0,0,0,1,0,1,1,disc_empty_track_list×16;disc_empty_track_song_uids×16;no_wiki_url
cHJlZGlh,predia,Predia,2010-01-01,0,0,0,31,31,31,0,0,0,0,0,1,0,1,1,disc_empty_track_list×31;disc_empty_track_song_uids×31;no_wiki_url
R0VN,GEM,,2012-12-25,0,0,0,10,8,10,9,9,2,0,1,0,1,0,1,disc_empty_track_list×8;disc_empty_track_song_uids×10;roster_uids_short;no_agencies
5oG15q-U5a-_44Oe44K544Kr44OD44OE,恵比寿マスカッツ,,,1,1,1,0,0,0,0,0,0,0,0,1,1,0,0,formed_date;empty_song_uids;empty_discography;no_wiki_url;no_agencies
S09UTw,KOTO,,2012-01-01,0,0,0,29,29,29,0,0,0,0,0,1,0,1,1,disc_empty_track_list×29;disc_empty_track_song_uids×29;no_wiki_url
SE82TEE,HO6LA,,2021-08-18,0,0,0,4,2,4,6,6,6,0,0,0,0,0,1,disc_empty_track_list×2;disc_empty_track_song_uids×4
5bqD54Cs5oSb6I-c,広瀬愛菜,Hirose_Aina,,1,0,0,2,2,2,0,0,0,0,0,1,1,1,1,formed_date;disc_empty_track_list×2;disc_empty_track_song_uids×2;no_wiki_url;no_agencies
44K344Ol44O844Kv44Oq44O844Og44Ot44Kx44OD44OE,シュークリームロケッツ,,,1,1,1,0,0,0,0,0,0,0,0,1,1,0,0,formed_date;empty_song_uids;empty_discography;no_wiki_url;no_agencies
44G_44KT44Gq44Gu44GT44Gp44KC44Gh44KD44KT,みんなのこどもちゃん,Minna_no_Kodomo-chan,,1,0,0,18,18,18,0,0,0,0,0,1,1,1,1,formed_date;disc_empty_track_list×18;disc_empty_track_song_uids×18;no_wiki_url;no_agencies
44OQ44OL44Op44OT44O844Oz44K6,バニラビーンズ,,,1,1,1,0,0,0,0,0,0,0,0,1,1,0,0,formed_date;empty_song_uids;empty_discography;no_wiki_url;no_agencies
REVTVVJBQkJJVFM,DESURABBITS,,2013-10-01,0,0,0,15,15,15,0,0,0,0,0,1,1,1,1,disc_empty_track_list×15;disc_empty_track_song_uids×15;no_wiki_url;no_agencies
SEFMTENB,HALLCA,,,1,0,0,37,37,37,0,0,0,0,0,1,1,1,1,formed_date;disc_empty_track_list×37;disc_empty_track_song_uids×37;no_wiki_url;no_agencies
UGlYTWlY,PiXMiX,,2019-01-09,0,0,0,22,22,22,0,0,0,0,0,1,0,1,1,disc_empty_track_list×22;disc_empty_track_song_uids×22;no_wiki_url
44Gv44Gh44G_44Gk44Ot44Kx44OD44OI,はちみつロケット,,,1,1,1,0,0,0,0,0,0,0,0,1,1,0,0,formed_date;empty_song_uids;empty_discography;no_wiki_url;no_agencies
44Ot44OD44Kr44K444Oj44Od44OL44Kr,ロッカジャポニカ,,,1,1,1,0,0,0,0,0,0,0,0,1,1,0,0,formed_date;empty_song_uids;empty_discography;no_wiki_url;no_agencies
WDIx,X21,,,1,0,0,14,14,14,0,0,0,0,0,1,0,1,1,formed_date;disc_empty_track_list×14;disc_empty_track_song_uids×14;no_wiki_url
U2lhbeKYhkRyZWFt,Siam☆Dream,Dream,,1,0,0,9,9,9,6,6,0,1,1,0,0,1,1,formed_date;disc_empty_track_list×9;disc_empty_track_song_uids×9;roster_no_uids;roster_uids_short
M0IganVuaW9y,3B junior,3B_junior,2014-11-01,0,0,0,4,4,4,0,0,0,0,0,1,1,1,1,disc_empty_track_list×4;disc_empty_track_song_uids×4;no_wiki_url;no_agencies
cmF5bWF5,raymay,Raymay,2018-12-01,0,0,0,12,12,12,0,0,0,0,0,1,0,1,1,disc_empty_track_list×12;disc_empty_track_song_uids×12;no_wiki_url
T24gdGhlIHRyZWF0IFN1cGVyIFNlYXNvbg,On the treat Super Season,On_the_treat_Super_Season,2021-08-04,0,0,0,15,15,15,0,0,0,0,0,1,0,1,1,disc_empty_track_list×15;disc_empty_track_song_uids×15;no_wiki_url
TkVMTg,NELN,,2020-04-01,0,0,0,21,21,21,2,2,2,0,0,1,0,1,1,disc_empty_track_list×21;disc_empty_track_song_uids×21;no_wiki_url
54Kt6YW444GP44KN44Gr44GP44KL44Gj,炭酸くろにくるっ,tansankuronikuru,2021-04-18,0,1,0,1,1,1,0,0,0,0,0,0,1,1,1,empty_song_uids;disc_empty_track_list×1;disc_empty_track_song_uids×1;no_agencies
TGUgU2lhbmE,Le Siana,Le Siana,2012-01-01,0,1,0,6,6,6,0,0,0,0,0,0,1,1,1,empty_song_uids;disc_empty_track_list×6;disc_empty_track_song_uids×6;no_agencies
UGluayBCYWJpZXM,Pink Babies,Pink Babies,2013-08-01,0,1,0,4,4,4,5,5,3,0,1,0,1,1,1,empty_song_uids;disc_empty_track_list×4;disc_empty_track_song_uids×4;roster_uids_short;no_agencies
ZXllcw,eyes,eyes,,1,1,0,3,0,3,4,4,1,0,1,0,1,0,1,formed_date;empty_song_uids;disc_empty_track_song_uids×3;roster_uids_short;no_agencies
TGFzdCBJZG9s,Last Idol,Last Idol,2017-08-13,0,0,0,12,12,12,0,0,0,0,0,0,1,1,1,disc_empty_track_list×12;disc_empty_track_song_uids×12;no_agencies
RnVqdW4gQnVuZ2FrdSBTaG91am8gS2FnZWtpZGFu,Fujun Bungaku Shoujo Kagekidan,Fujun Bungaku Shoujo Kagekidan,2022-08-11,0,1,1,0,0,0,0,0,0,0,0,0,1,0,0,empty_song_uids;empty_discography;no_agencies
TGEgTHVjZQ,La Luce,La Luce,,1,0,0,4,3,4,3,3,3,0,0,0,1,0,1,formed_date;disc_empty_track_list×3;disc_empty_track_song_uids×4;no_agencies
R29vZCBUZWFycw,Good Tears,Good Tears,,1,1,0,4,3,4,2,2,2,0,0,0,1,0,1,formed_date;empty_song_uids;disc_empty_track_list×3;disc_empty_track_song_uids×4;no_agencies
Q2hvdXggQ3JlYW0gUm9ja2V0cw,Choux Cream Rockets,Choux Cream Rockets,,1,1,0,4,3,4,2,2,2,0,0,0,1,0,1,formed_date;empty_song_uids;disc_empty_track_list×3;disc_empty_track_song_uids×4;no_agencies
U29tZWRheSBTb21ld2hlcmU,Someday Somewhere,Someday Somewhere,,1,0,0,4,3,4,2,2,2,0,0,0,1,0,1,formed_date;disc_empty_track_list×3;disc_empty_track_song_uids×4;no_agencies
TGFzdCBJZG9sIDJuZCBHZW5lcmF0aW9u,Last Idol 2nd Generation,Last Idol 2nd Generation,2018-04-15,0,1,0,24,20,24,7,7,7,0,0,0,1,0,1,empty_song_uids;disc_empty_track_list×20;disc_empty_track_song_uids×24;no_agencies
TGFzdCBJZG9sIDJuZCBHZW5lcmF0aW9uIFVuZGVy,Last Idol 2nd Generation Under,Last Idol 2nd Generation Under,2018-04-15,0,1,0,24,20,24,18,18,16,0,1,0,1,0,1,empty_song_uids;disc_empty_track_list×20;disc_empty_track_song_uids×24;roster_uids_short;no_agencies
44Ki44Or44OX44K544GK44Go44KB,アルプスおとめ,Alps Otome,2006-11-01,0,1,0,3,2,3,0,0,0,0,0,0,1,0,1,empty_song_uids;disc_empty_track_list×2;disc_empty_track_song_uids×3;no_agencies
QXN0cmFpbg,Astrain,Astrain,2026-01-01,0,0,0,1,0,1,3,3,1,0,1,0,1,0,1,disc_empty_track_song_uids×1;roster_uids_short;no_agencies
Q2lyY2xlIEx5Y2hlZQ,Circle Lychee,Circle Lychee,,1,1,1,0,0,0,52,52,51,0,1,0,1,0,0,formed_date;empty_song_uids;empty_discography;roster_uids_short;no_agencies
U2hpcmF5dXJpIHRvIEFtZQ,Shirayuri to Ame,Shirayuri to Ame,2024-04-11,0,0,0,10,10,10,6,6,4,0,1,0,1,1,1,disc_empty_track_list×10;disc_empty_track_song_uids×10;roster_uids_short;no_agencies
U2VjdA,Sect,Sect,2025-05-26,0,0,0,13,4,13,7,7,7,0,0,0,1,0,1,disc_empty_track_list×4;disc_empty_track_song_uids×13;no_agencies
Q2VyaXNpZXI,Cerisier,Cerisier,2017-12-10,0,1,0,6,6,6,63,63,1,0,1,0,1,1,1,empty_song_uids;disc_empty_track_list×6;disc_empty_track_song_uids×6;roster_uids_short;no_agencies
I0RPIFJFIE1JIEZBIFNPTCBMQSBTRUVE,#DO RE MI FA SOL LA SEED,#DO RE MI FA SOL LA SEED,2022-12-29,0,1,0,4,4,4,4,4,1,0,1,0,1,1,1,empty_song_uids;disc_empty_track_list×4;disc_empty_track_song_uids×4;roster_uids_short;no_agencies
V2FnYW1hbWEgbmEgTGFzdCBOb3Rl,Wagamama na Last Note,Wagamama na Last Note,2025-06-03,0,0,0,8,8,8,6,6,4,0,1,0,1,1,1,disc_empty_track_list×8;disc_empty_track_song_uids×8;roster_uids_short;no_agencies
S0FNTyBnYSBORUdJIHdvIFNob3R0ZWt1cnUhISE,KAMO ga NEGI wo Shottekuru!!!,KAMO ga NEGI wo Shottekuru!!!,2016-04-01,0,1,0,2,0,2,0,0,0,0,0,0,1,0,1,empty_song_uids;disc_empty_track_song_uids×2;no_agencies
bWFpIG1haQ,mai mai,mai mai,2021-09-23,0,0,0,1,0,1,3,3,1,0,1,0,1,0,1,disc_empty_track_song_uids×1;roster_uids_short;no_agencies
U3VraWlybyBEcm9w,Sukiiro Drop,Sukiiro Drop,2020-01-01,0,0,0,21,21,21,2,2,1,0,1,0,1,1,1,disc_empty_track_list×21;disc_empty_track_song_uids×21;roster_uids_short;no_agencies
VG9yaWtvIE5hcnUgUHJlbHVkZQ,Toriko Naru Prelude,Toriko Naru Prelude,,1,1,1,0,0,0,5,5,2,0,1,0,1,0,0,formed_date;empty_song_uids;empty_discography;roster_uids_short;no_agencies
QW1hdGVyYXN1,Amaterasu,Amaterasu,2019-12-12,0,0,0,2,2,2,2,2,0,1,1,0,1,1,1,disc_empty_track_list×2;disc_empty_track_song_uids×2;roster_no_uids;roster_uids_short;no_agencies
VU5MQU1F,UNLAME,UNLAME,,1,0,0,6,5,6,6,6,5,0,1,0,1,0,1,formed_date;disc_empty_track_list×5;disc_empty_track_song_uids×6;roster_uids_short;no_agencies
Tm9lbGxpTA,NoelliL,NoelliL,2015-12-01,0,0,0,13,10,13,7,7,1,0,1,0,1,0,1,disc_empty_track_list×10;disc_empty_track_song_uids×13;roster_uids_short;no_agencies
U29sZW5uZWwgQ29tcGFueQ,Solennel Company,Solennel Company,2020-09-01,0,0,0,4,3,4,3,3,2,0,1,0,1,0,1,disc_empty_track_list×3;disc_empty_track_song_uids×4;roster_uids_short;no_agencies
Q09MT1Ineg,COLOR'z,COLOR'z,2018-01-01,0,0,0,5,1,5,5,5,0,1,1,0,1,0,1,disc_empty_track_list×1;disc_empty_track_song_uids×5;roster_no_uids;roster_uids_short;no_agencies
MzcuMuKEgyAtTmFuYWRvbmlidS0,37.2℃ -Nanadonibu-,37.2℃ -Nanadonibu-,2019-11-11,0,1,0,4,4,4,4,4,0,1,1,0,1,1,1,empty_song_uids;disc_empty_track_list×4;disc_empty_track_song_uids×4;roster_no_uids;roster_uids_short;no_agencies
SnVuam91IG5vIEFmaWxpYQ,Junjou no Afilia,Junjou no Afilia,2017-08-30,0,1,0,10,10,10,8,8,8,0,0,0,1,1,1,empty_song_uids;disc_empty_track_list×10;disc_empty_track_song_uids×10;no_agencies
SG91a2FnbyBQcmluY2Vzcw,Houkago Princess,Houkago Princess,2014-05-22,0,1,0,32,14,32,9,9,8,0,1,0,1,0,1,empty_song_uids;disc_empty_track_list×14;disc_empty_track_song_uids×32;roster_uids_short;no_agencies
S2FrZWRhc2hpIG5vIEhpa291IFNob3Vqbw,Kakedashi no Hikou Shoujo,Kakedashi no Hikou Shoujo,,1,1,1,0,0,0,0,0,0,0,0,0,1,0,0,formed_date;empty_song_uids;empty_discography;no_agencies
QXJ0ZW1pcyBubyBUc3ViYXNh,Artemis no Tsubasa,Artemis no Tsubasa,2020-10-01,0,1,0,11,3,11,9,9,3,0,1,0,1,0,1,empty_song_uids;disc_empty_track_list×3;disc_empty_track_song_uids×11;roster_uids_short;no_agencies
I1BlbnRhcHJpc20,#Pentaprism,#Pentaprism,2021-05-01,0,1,1,0,0,0,0,0,0,0,0,0,1,0,0,empty_song_uids;empty_discography;no_agencies
S0FUQUNPVE8gKiBCQU5L,KATACOTO * BANK,KATACOTO * BANK,2021-02-27,0,0,0,11,11,11,4,4,1,0,1,0,1,1,1,disc_empty_track_list×11;disc_empty_track_song_uids×11;roster_uids_short;no_agencies
TWluaWNodQ,Minichu,Minichu,,1,1,1,0,0,0,0,0,0,0,0,0,1,0,0,formed_date;empty_song_uids;empty_discography;no_agencies
Qk9LVSBoYSBLSU1JIG5vIEtBS0VSQS4,BOKU ha KIMI no KAKERA.,BOKU ha KIMI no KAKERA.,2020-08-22,0,1,0,4,4,4,0,0,0,0,0,0,1,1,1,empty_song_uids;disc_empty_track_list×4;disc_empty_track_song_uids×4;no_agencies
NDg2NC4,4864.,,2022-02-09,0,1,0,12,12,12,1,1,0,1,1,0,1,1,1,empty_song_uids;disc_empty_track_list×12;disc_empty_track_song_uids×12;roster_no_uids;roster_uids_short;no_agencies
QVVHTUVOVEFM,AUGMENTAL,AUGMENTAL,2022-04-23,0,1,1,0,0,0,0,0,0,0,0,0,1,0,0,empty_song_uids;empty_discography;no_agencies
MUV5ZWxpbmU,1Eyeline,1Eyeline,2021-01-31,0,1,1,0,0,0,0,0,0,0,0,0,1,0,0,empty_song_uids;empty_discography;no_agencies
RXVyZWth,Eureka,Eureka,2023-04-01,0,1,0,2,2,2,1,1,0,1,1,0,1,1,1,empty_song_uids;disc_empty_track_list×2;disc_empty_track_song_uids×2;roster_no_uids;roster_uids_short;no_agencies
SEFLVVNVTEE,HAKUSULA,HAKUSULA,2023-06-10,0,1,1,0,0,0,2,2,0,1,1,0,1,0,0,empty_song_uids;empty_discography;roster_no_uids;roster_uids_short;no_agencies
SEFDSw,HACK,HACK,,1,1,1,0,0,0,0,0,0,0,0,0,1,0,0,formed_date;empty_song_uids;empty_discography;no_agencies
TUlOT1JJVFkgQUxFUlQ,MINORITY ALERT,MINORITY ALERT,2022-11-09,0,1,0,2,2,2,4,4,0,1,1,0,1,1,1,empty_song_uids;disc_empty_track_list×2;disc_empty_track_song_uids×2;roster_no_uids;roster_uids_short;no_agencies
SGFyZSBOb2NoaSBLb2kgTW95b3U,Hare Nochi Koi Moyou,Hare Nochi Koi Moyou,2023-04-22,0,1,1,0,0,0,0,0,0,0,0,0,1,0,0,empty_song_uids;empty_discography;no_agencies
SGlyYWdhbmEgU0FZLUxB,Hiragana SAY-LA,Hiragana SAY-LA,2025-07-02,0,1,1,0,0,0,1,1,0,1,1,0,1,0,0,empty_song_uids;empty_discography;roster_no_uids;roster_uids_short;no_agencies
SGlrdXRlQW1hdGE,HikuteAmata,HikuteAmata,2020-03-29,0,1,1,0,0,0,0,0,0,0,0,0,1,0,0,empty_song_uids;empty_discography;no_agencies
U3BvcG9wb3Bvbnk,Spopopopony,Spopopopony,2022-03-22,0,1,1,0,0,0,3,3,0,1,1,0,1,0,0,empty_song_uids;empty_discography;roster_no_uids;roster_uids_short;no_agencies
JkNoIWxs,&Ch!ll,&Ch!ll,2019-09-23,0,1,0,6,0,6,5,5,3,0,1,0,1,0,1,empty_song_uids;disc_empty_track_song_uids×6;roster_uids_short;no_agencies
Y1VUZSEgY0VOVEktbUVOVEFM,cUTe! cENTI-mENTAL,cUTe! cENTI-mENTAL,2021-06-09,0,1,1,0,0,0,0,0,0,0,0,0,1,0,0,empty_song_uids;empty_discography;no_agencies
U3RhcmxldA,Starlet,Starlet,2024-09-07,0,1,1,0,0,0,6,6,1,0,1,0,1,0,0,empty_song_uids;empty_discography;roster_uids_short;no_agencies
TEFSTU9PTg,LARMOON,LARMOON,,1,1,1,0,0,0,0,0,0,0,0,0,1,0,0,formed_date;empty_song_uids;empty_discography;no_agencies
TG92ZWx54piGRE9MTA,Lovely☆DOLL,Lovely☆DOLL,2010-10-01,0,1,0,19,14,19,5,5,5,0,0,0,1,0,1,empty_song_uids;disc_empty_track_list×14;disc_empty_track_song_uids×19;no_agencies
VG9reW8gWXVtZSBQaXlvZ3VtaQ,Tokyo Yume Piyogumi,Tokyo Yume Piyogumi,,1,1,1,0,0,0,0,0,0,0,0,0,1,0,0,formed_date;empty_song_uids;empty_discography;no_agencies
R1JBQ2lBUw,GRACiAS,GRACiAS,,1,1,1,0,0,0,0,0,0,0,0,0,1,0,0,formed_date;empty_song_uids;empty_discography;no_agencies
bW9tb2dyYWNp,momograci,momograci,2021-03-30,0,1,0,1,0,1,0,0,0,0,0,0,1,0,1,empty_song_uids;disc_empty_track_song_uids×1;no_agencies
TW9tb2lybyBLYWt1bWVp,Momoiro Kakumei,Momoiro Kakumei,,1,1,0,6,0,6,3,3,1,0,1,0,1,0,1,formed_date;empty_song_uids;disc_empty_track_song_uids×6;roster_uids_short;no_agencies
TUVUUk9QT0xJUw,METROPOLIS,METROPOLIS,2014-01-01,0,1,1,0,0,0,0,0,0,0,0,0,1,0,0,empty_song_uids;empty_discography;no_agencies
Qi5MLlQuIElET0wgQ09MTEVHRQ,B.L.T. IDOL COLLEGE,B.L.T. IDOL COLLEGE,,1,1,1,0,0,0,0,0,0,0,0,0,1,0,0,formed_date;empty_song_uids;empty_discography;no_agencies
U3Vydml2ZS1aRVJP,Survive-ZERO,Survive-ZERO,2006-01-01,0,1,0,27,27,27,1,1,0,1,1,0,1,1,1,empty_song_uids;disc_empty_track_list×27;disc_empty_track_song_uids×27;roster_no_uids;roster_uids_short;no_agencies
WWFuY2hhbiBHYWt1ZW4gT25nYWt1YnU,Yanchan Gakuen Ongakubu,Yanchan Gakuen Ongakubu,,1,1,0,11,7,11,5,5,0,1,1,0,1,0,1,formed_date;empty_song_uids;disc_empty_track_list×7;disc_empty_track_song_uids×11;roster_no_uids;roster_uids_short;no_agencies
QWxjdXRlIQ,Alcute!,Alcute!,2023-07-24,0,1,0,19,19,19,7,7,6,0,1,0,1,1,1,empty_song_uids;disc_empty_track_list×19;disc_empty_track_song_uids×19;roster_uids_short;no_agencies
WjUtQzE,Z5-C1,Z5-C1,2021-08-14,0,1,1,0,0,0,0,0,0,0,0,0,1,0,0,empty_song_uids;empty_discography;no_agencies
UHJpbmNlc3NHYXJkZW4tMkdOLQ,PrincessGarden-2GN-,PrincessGarden-2GN-,2021-05-02,0,1,1,0,0,0,7,7,0,1,1,0,1,0,0,empty_song_uids;empty_discography;roster_no_uids;roster_uids_short;no_agencies
cm9zw6kgY29sbGFnZQ,rosé collage,rosé collage,2022-01-16,0,1,1,0,0,0,0,0,0,0,0,0,1,0,0,empty_song_uids;empty_discography;no_agencies
U3RhdGlvbuKZqg,Station♪,Station♪,2011-09-25,0,1,0,16,0,16,3,3,0,1,1,0,1,0,1,empty_song_uids;disc_empty_track_song_uids×16;roster_no_uids;roster_uids_short;no_agencies
S2F0YW1vbWkgSm9zaGk,Katamomi Joshi,Katamomi Joshi,,1,1,1,0,0,0,0,0,0,0,0,0,1,0,0,formed_date;empty_song_uids;empty_discography;no_agencies
aW5mby5tQHRl,info.m@te,info.m@te,2015-06-01,0,1,1,0,0,0,4,4,1,0,1,0,1,0,0,empty_song_uids;empty_discography;roster_uids_short;no_agencies
V29uZGVyIFdlZWQgVGVu,Wonder Weed Ten,Wonder Weed Ten,2020-02-01,0,1,0,3,2,3,7,7,1,0,1,0,1,0,1,empty_song_uids;disc_empty_track_list×2;disc_empty_track_song_uids×3;roster_uids_short;no_agencies
YnVHRw,buGG,buGG,2017-09-01,0,1,0,12,3,12,3,3,0,1,1,0,1,0,1,empty_song_uids;disc_empty_track_list×3;disc_empty_track_song_uids×12;roster_no_uids;roster_uids_short;no_agencies
QkFDSyBUSEUgUklQUEVS,BACK THE RIPPER,BACK THE RIPPER,2024-06-28,0,1,0,4,4,4,4,4,1,0,1,0,1,1,1,empty_song_uids;disc_empty_track_list×4;disc_empty_track_song_uids×4;roster_uids_short;no_agencies
UGFydHkgY2h1dXVOIQ,Party chuuuN!,Party chuuuN!,2023-09-15,0,1,0,1,1,1,2,2,2,0,0,0,1,1,1,empty_song_uids;disc_empty_track_list×1;disc_empty_track_song_uids×1;no_agencies
S2lzc0JlZVdFU1Q,KissBeeWEST,KissBeeWEST,,1,1,0,17,3,17,0,0,0,0,0,0,1,0,1,formed_date;empty_song_uids;disc_empty_track_list×3;disc_empty_track_song_uids×17;no_agencies
U3V0ZW5la28gQ2F0cw,Suteneko Cats,Suteneko Cats,2022-11-21,0,1,0,12,12,12,8,8,1,0,1,0,1,1,1,empty_song_uids;disc_empty_track_list×12;disc_empty_track_song_uids×12;roster_uids_short;no_agencies
TTNMT0dJTg,M3LOGIN,M3LOGIN,2025-10-04,0,1,1,0,0,0,4,4,3,0,1,0,1,0,0,empty_song_uids;empty_discography;roster_uids_short;no_agencies
U3VyZW5lc3M,Sureness,Sureness,2021-01-07,0,1,0,6,6,6,0,0,0,0,0,0,1,1,1,empty_song_uids;disc_empty_track_list×6;disc_empty_track_song_uids×6;no_agencies
S29yZTpjdA,Kore:ct,Kore:ct,2018-09-01,0,1,0,1,1,1,5,5,0,1,1,0,1,1,1,empty_song_uids;disc_empty_track_list×1;disc_empty_track_song_uids×1;roster_no_uids;roster_uids_short;no_agencies
TUlST0tVTk9ST0NL,MIROKUNOROCK,MIROKUNOROCK,2019-09-01,0,1,1,0,0,0,3,3,0,1,1,0,1,0,0,empty_song_uids;empty_discography;roster_no_uids;roster_uids_short;no_agencies
VHN1a2kgdG8gVGFpeW91,Tsuki to Taiyou,Tsuki to Taiyou,2014-01-01,0,1,0,2,1,2,0,0,0,0,0,0,1,0,1,empty_song_uids;disc_empty_track_list×1;disc_empty_track_song_uids×2;no_agencies
THVuYSBCeSBTbmFw,Luna By Snap,Luna By Snap,,1,1,1,0,0,0,2,2,2,0,0,0,1,0,0,formed_date;empty_song_uids;empty_discography;no_agencies
WW9rdWJhcmkgU2Vuc2F0aW9u,Yokubari Sensation,Yokubari Sensation,2021-07-29,0,1,0,5,5,5,4,4,3,0,1,0,1,1,1,empty_song_uids;disc_empty_track_list×5;disc_empty_track_song_uids×5;roster_uids_short;no_agencies
aHVza3k,husky,husky,2017-07-01,0,1,0,18,18,18,5,5,1,0,1,0,1,1,1,empty_song_uids;disc_empty_track_list×18;disc_empty_track_song_uids×18;roster_uids_short;no_agencies
UExBTkNLIFNUQVJT,PLANCK STARS,PLANCK STARS,2018-12-31,0,1,0,47,4,47,7,7,3,0,1,0,1,0,1,empty_song_uids;disc_empty_track_list×4;disc_empty_track_song_uids×47;roster_uids_short;no_agencies
Y2h1dXVt,chuuum,chuuum,2023-09-17,0,1,0,2,2,2,3,3,1,0,1,0,1,1,1,empty_song_uids;disc_empty_track_list×2;disc_empty_track_song_uids×2;roster_uids_short;no_agencies
Qm9rdXNla2E,Bokuseka,Bokuseka,2021-10-02,0,1,0,13,13,13,0,0,0,0,0,0,1,1,1,empty_song_uids;disc_empty_track_list×13;disc_empty_track_song_uids×13;no_agencies
U0tJUk1JU0g,SKIRMISH,SKIRMISH,2018-01-01,0,1,0,1,1,1,4,4,2,0,1,0,1,1,1,empty_song_uids;disc_empty_track_list×1;disc_empty_track_song_uids×1;roster_uids_short;no_agencies
TFVDWQ,LUCY,LUCY,2024-09-21,0,1,0,13,13,13,5,5,2,0,1,0,1,1,1,empty_song_uids;disc_empty_track_list×13;disc_empty_track_song_uids×13;roster_uids_short;no_agencies
TUVMVFkgSFo,MELTY HZ,MELTY HZ,2018-10-01,0,1,0,1,1,1,2,2,1,0,1,0,1,1,1,empty_song_uids;disc_empty_track_list×1;disc_empty_track_song_uids×1;roster_uids_short;no_agencies
cG9zdGFsZ2lh,postalgia,postalgia,2020-12-12,0,1,0,10,10,10,4,4,0,1,1,0,1,1,1,empty_song_uids;disc_empty_track_list×10;disc_empty_track_song_uids×10;roster_no_uids;roster_uids_short;no_agencies
TWFnTWVsbA,MagMell,MagMell,2023-04-10,0,1,0,3,3,3,1,1,1,0,0,0,1,1,1,empty_song_uids;disc_empty_track_list×3;disc_empty_track_song_uids×3;no_agencies
Q2h14piGT2ghIERvbGx5,Chu☆Oh! Dolly,Chu☆Oh! Dolly,2016-06-18,0,1,0,5,0,5,0,0,0,0,0,0,1,0,1,empty_song_uids;disc_empty_track_song_uids×5;no_agencies
SmVsbm8h,Jelno!,Jelno!,,1,1,1,0,0,0,0,0,0,0,0,0,1,0,0,formed_date;empty_song_uids;empty_discography;no_agencies
U3RlbGxh4piGQmVhdHM,Stella☆Beats,Stella☆Beats,,1,1,0,15,7,15,3,3,1,0,1,0,1,0,1,formed_date;empty_song_uids;disc_empty_track_list×7;disc_empty_track_song_uids×15;roster_uids_short;no_agencies
TG92ZUtlbg,LoveKen,LoveKen,,1,1,1,0,0,0,28,28,14,0,1,0,1,0,0,formed_date;empty_song_uids;empty_discography;roster_uids_short;no_agencies
QkVMTFJJTkcgU2hvdWpvIEhlYXJ0ICcyMg,BELLRING Shoujo Heart '22,BELLRING Shoujo Heart '22,2023-04-16,0,1,0,28,13,28,4,4,4,0,0,0,1,0,1,empty_song_uids;disc_empty_track_list×13;disc_empty_track_song_uids×28;no_agencies
VEhFUkUgVEhFUkUgVEhFUkVT,THERE THERE THERES,THERE THERE THERES,2017-01-01,0,1,0,5,0,5,4,4,3,0,1,0,1,0,1,empty_song_uids;disc_empty_track_song_uids×5;roster_uids_short;no_agencies
U2V2ZW4gQ29sb3Jz,Seven Colors,Seven Colors,2012-08-10,0,1,0,3,3,3,1,1,0,1,1,0,1,1,1,empty_song_uids;disc_empty_track_list×3;disc_empty_track_song_uids×3;roster_no_uids;roster_uids_short;no_agencies
U2hvam90YWk,Shojotai,Shojotai,2015-04-01,0,1,0,5,5,5,1,1,0,1,1,0,1,1,1,empty_song_uids;disc_empty_track_list×5;disc_empty_track_song_uids×5;roster_no_uids;roster_uids_short;no_agencies
bWlnbm9u,mignon,mignon,2021-02-21,0,1,0,6,0,6,2,2,2,0,0,0,1,0,1,empty_song_uids;disc_empty_track_song_uids×6;no_agencies
U0hBTklNVU5JIFBBUkFERQ,SHANIMUNI PARADE,SHANIMUNI PARADE,2020-08-30,0,1,0,22,22,22,4,4,4,0,0,0,1,1,1,empty_song_uids;disc_empty_track_list×22;disc_empty_track_song_uids×22;no_agencies
UElQ,PIP,PIP,2014-06-01,0,1,0,1,1,1,0,0,0,0,0,0,1,1,1,empty_song_uids;disc_empty_track_list×1;disc_empty_track_song_uids×1;no_agencies
QUxMT1ZFUg,ALLOVER,ALLOVER,2013-04-01,0,1,0,7,5,7,4,4,2,0,1,0,1,0,1,empty_song_uids;disc_empty_track_list×5;disc_empty_track_song_uids×7;roster_uids_short;no_agencies
QnViYmxlIEJvYmJkaWUgR3VtISE,Bubble Bobbdie Gum!!,Bubble Bobbdie Gum!!,2019-04-15,0,1,1,0,0,0,1,1,0,1,1,0,1,0,0,empty_song_uids;empty_discography;roster_no_uids;roster_uids_short;no_agencies
R29vZGJ5ZSBmb3IgRmlyc3Qga2lzcw,Goodbye for First kiss,Goodbye for First kiss,2023-05-01,0,1,0,10,9,10,2,2,0,1,1,0,1,0,1,empty_song_uids;disc_empty_track_list×9;disc_empty_track_song_uids×10;roster_no_uids;roster_uids_short;no_agencies
UmF5ZHJvaWQ,Raydroid,Raydroid,,1,1,1,0,0,0,0,0,0,0,0,0,1,0,0,formed_date;empty_song_uids;empty_discography;no_agencies
TmVvbiBSYWlu,Neon Rain,Neon Rain,2020-01-01,0,1,1,0,0,0,7,7,0,1,1,0,1,0,0,empty_song_uids;empty_discography;roster_no_uids;roster_uids_short;no_agencies
MTAwLVlPS0FJ,100-YOKAI,100-YOKAI,2020-02-01,0,1,0,5,4,5,7,7,0,1,1,0,1,0,1,empty_song_uids;disc_empty_track_list×4;disc_empty_track_song_uids×5;roster_no_uids;roster_uids_short;no_agencies
S2l0dG8gWnV0dG8gU2Vpc2h1bi4,Kitto Zutto Seishun.,Kitto Zutto Seishun.,2022-11-01,0,1,1,0,0,0,8,8,2,0,1,0,1,0,0,empty_song_uids;empty_discography;roster_uids_short;no_agencies
S2l0c3VuZWJp,Kitsunebi,Kitsunebi,2020-11-05,0,1,1,0,0,0,0,0,0,0,0,0,1,0,0,empty_song_uids;empty_discography;no_agencies
U2VuZ29rdSBBbmltYWwgR29rdXJha3UgSm91ZG8,Sengoku Animal Gokuraku Joudo,Sengoku Animal Gokuraku Joudo,2018-10-01,0,1,0,20,19,20,9,9,3,0,1,0,1,0,1,empty_song_uids;disc_empty_track_list×19;disc_empty_track_song_uids×20;roster_uids_short;no_agencies
YXN0cmFpYSo,astraia*,astraia*,2018-05-01,0,1,1,0,0,0,0,0,0,0,0,0,1,0,0,empty_song_uids;empty_discography;no_agencies
QkFCWSBUTyBLSVNT,BABY TO KISS,BABY TO KISS,,1,1,1,0,0,0,0,0,0,0,0,0,1,0,0,formed_date;empty_song_uids;empty_discography;no_agencies
TUlMTElPTu-8hFBBUkFERQ,MILLION＄PARADE,MILLION＄PARADE,2022-01-17,0,1,0,2,2,2,2,2,0,1,1,0,1,1,1,empty_song_uids;disc_empty_track_list×2;disc_empty_track_song_uids×2;roster_no_uids;roster_uids_short;no_agencies
TWVjaGEgSGlnaA,Mecha High,Mecha High,,1,1,0,9,3,9,0,0,0,0,0,0,1,0,1,formed_date;empty_song_uids;disc_empty_track_list×3;disc_empty_track_song_uids×9;no_agencies
U3RyYXdiZXJyeSBTeW5kcm9tZQ,Strawberry Syndrome,Strawberry Syndrome,,1,1,0,1,0,1,4,4,2,0,1,0,1,0,1,formed_date;empty_song_uids;disc_empty_track_song_uids×1;roster_uids_short;no_agencies
RE9QSU5HIEJFUlJZ,DOPING BERRY,DOPING BERRY,,1,1,0,4,4,4,5,5,1,0,1,0,1,1,1,formed_date;empty_song_uids;disc_empty_track_list×4;disc_empty_track_song_uids×4;roster_uids_short;no_agencies
T2Rvcm8,Odoro,Odoro,2017-09-30,0,1,0,16,14,16,4,4,3,0,1,0,1,0,1,empty_song_uids;disc_empty_track_list×14;disc_empty_track_song_uids×16;roster_uids_short;no_agencies
QnVnTUVNRQ,BugMEME,BugMEME,2020-04-04,0,1,0,3,0,3,5,5,1,0,1,0,1,0,1,empty_song_uids;disc_empty_track_song_uids×3;roster_uids_short;no_agencies
RkFOVEFTSUE,FANTASIA,FANTASIA,2021-12-30,0,1,0,2,1,2,3,3,1,0,1,0,1,0,1,empty_song_uids;disc_empty_track_list×1;disc_empty_track_song_uids×2;roster_uids_short;no_agencies
RklMTCBNRSBUUkFY,FILL ME TRAX,FILL ME TRAX,2022-12-21,0,1,0,5,5,5,3,3,1,0,1,0,1,1,1,empty_song_uids;disc_empty_track_list×5;disc_empty_track_song_uids×5;roster_uids_short;no_agencies
NDAzRVJST1I,403ERROR,403ERROR,2017-01-01,0,1,0,1,1,1,4,4,1,0,1,0,1,1,1,empty_song_uids;disc_empty_track_list×1;disc_empty_track_song_uids×1;roster_uids_short;no_agencies
TmVtdWxlYXA,Nemuleap,Nemuleap,2022-08-06,0,1,0,1,1,1,3,3,1,0,1,0,1,1,1,empty_song_uids;disc_empty_track_list×1;disc_empty_track_song_uids×1;roster_uids_short;no_agencies
U1VEREVOREVBVEg,SUDDENDEATH,SUDDENDEATH,2018-12-01,0,1,0,1,1,1,3,3,1,0,1,0,1,1,1,empty_song_uids;disc_empty_track_list×1;disc_empty_track_song_uids×1;roster_uids_short;no_agencies
44OX44OG44Kj44OR,プティパ,petit pas!,2013-09-01,0,1,0,5,0,5,3,3,1,0,1,0,1,0,1,empty_song_uids;disc_empty_track_song_uids×5;roster_uids_short;no_agencies
