name,uid,reputation,source,interpolated_raw,avg_stint_years,group_age_years,churn,past_stints,scandal_penalty,scandal_count
アキシブproject,44Ki44Kt44K344OWcHJvamVjdA,3,override,3.105,2.35,13.81,0.85,40,0.28,1
LINK START,TElOSyBTVEFSVA,2.5,interpolated,2.531,1.52,3.38,0.61,11,0.84,3
BiS,QmlT,3.5,interpolated,3.322,2.3,0,1,32,0,0
煌めき☆アンフォレント,54WM44KB44GN4piG44Ki44Oz44OV44Kp44Os44Oz44OI,3.5,interpolated,3.371,1.9,10.74,0.74,23,0,0
BPM15Q,QlBNMTVR/#google_vignette,3.5,interpolated,3.29,1.67,10.57,1,2,0,0
BLUEGOATS,QkxVRUdPQVRT,4,interpolated,3.974,2.65,4.72,0.5,4,0,0
HIBANA,SElCQU5B,4,interpolated,3.761,1.9,0,0,0,0,0
ゆるめるモ！,44KG44KL44KB44KL44Oi77yB,4,interpolated,4.07,4.28,0,0.65,11,0,0
風男塾,6aKo55S35aG-,4,interpolated,4.022,4.94,0,0.73,19,0,0
シンデレラ宣言！,44K344Oz44OH44Os44Op5a6j6KiA77yB,4,interpolated,4.236,3.22,5.74,0.44,7,0,0
Kolokol,S29sb2tvbA,5,interpolated,5,8.32,8.57,0,0,0,0
Quubi,UXV1Ymk,4.5,interpolated,4.69,3.48,4.84,0.2,1,0,0
CiON,Q2lPTg,3.5,interpolated,3.316,3.83,9.82,0.67,10,0.508,1
MAPA,TUFQQQ,5,interpolated,4.926,4.07,4.84,0,0,0,0
Lyrical School,bHlyaWNhbCBzY2hvb2w,4.5,interpolated,4.462,5.01,15.82,0.58,11,0,0
純情のアフィリア,57SU5oOF44Gu44Ki44OV44Kj44Oq44Ki,4,interpolated,3.814,4.38,0,0.83,35,0,0
LinQ,TGluUQ,4,interpolated,3.783,3.76,15.57,0.88,63,0,0
SITUASION,U0lUVUFTSU9O,4,interpolated,4.051,3.9,0,0.38,3,0.207,1
THE ORCHESTRA TOKYO,VEhFIE9SQ0hFU1RSQSBUT0tZTw,5,interpolated,4.768,4.06,5.41,0.29,2,0,0
衛星とカラテア,6KGb5pif44Go44Kr44Op44OG44Ki,3,interpolated,3.178,2.8,5.1,0.44,4,0.715,2
夢みるアドレセンス,5aSi44G_44KL44Ki44OJ44Os44K744Oz44K5,3.5,interpolated,3.276,1.97,0,0.86,37,0,0
ゆくえしれずつれづれ,44KG44GP44GI44GX44KM44Ga44Gk44KM44Gl44KM,2.5,interpolated,2.367,2.33,10.74,1,9,1.016,2
ミームトーキョー,44Of44O844Og44OI44O844Kt44On44O8,5,interpolated,4.8,4.95,0,0.38,3,0,0
Ringwanderung,UmluZ3dhbmRlcnVuZw,5,interpolated,5,4.8,6.68,0.29,2,0,0
Luce Twinkle Wink☆,THVjZSBUd2lua2xlIFdpbmvimIY,4.5,interpolated,4.267,4.8,11.99,0.64,9,0,0
LEIWAN,TEVJV0FO,4,interpolated,3.769,2.99,8.57,0.73,8,0,0
民族ハッピー組,RUdSe-OBiOOBkOOCi30,4,interpolated,3.885,2.99,11.49,0.65,13,0,0
真っ白なキャンバス,55yf44Gj55m944Gq44Kt44Oj44Oz44OQ44K5,4,interpolated,3.841,4.18,8.9,1,9,0,0
#ババババンビ,I-ODkOODkOODkOODkOODs-ODkw,3.5,interpolated,3.747,3.58,6.49,1,10,0,0
Ill,SWxs,4.5,interpolated,4.559,3.15,4.92,0,0,0,0
クマリデパート,44Kv44Oe44Oq44OH44OR44O844OI,4,interpolated,4.24,4.14,0,0.54,7,0,0
おこさまぷれ〜と。,44GK44GT44GV44G-44G344KM44Cc44Go44CC,4,interpolated,3.757,3.14,0,0.71,12,0,0
きのホ。,44GN44Gu44Ob44CC,5,interpolated,4.991,4.48,0,0.17,1,0,0
ライスボール,44Op44Kk44K544Oc44O844Or,5,interpolated,5,7.43,10.9,0.4,2,0,0
Palette Parade,UGFsZXR0ZSBQYXJhZGU,4.5,interpolated,4.374,3.05,4.89,0.3,3,0,0
Sweet Alley,U3dlZXQgQWxsZXk,4,interpolated,3.776,3.63,7.19,0.43,6,0.42,2
クララ・マグラ,44Kv44Op44Op44O744Oe44Kw44Op,3.5,interpolated,3.546,1.98,2.82,0.3,3,0.21,1
uijin,dWlqaW4,3.5,interpolated,3.699,3.16,9.65,1,4,0,0
PANDAMIC,UEFOREFNSUM,4,interpolated,3.88,4.46,10.15,1,11,0,0
みうみお,44G_44GG44G_44GK,5,interpolated,4.767,3.74,3.61,0,0,0,0
シュレーディンガーの犬,44K344Ol44Os44O844OH44Kj44Oz44Ks44O844Gu54qs,2.5,interpolated,2.37,2.01,5.74,0.63,10,1.12,4
YOLOZ,WU9MT1o,4.5,interpolated,4.28,2.57,2.56,0,0,0,0
zanka,emFua2E,4.5,interpolated,4.344,2.69,3.32,0.17,1,0,0
ポンコツコンポ,44Od44Oz44Kz44OE44Kz44Oz44Od,2.5,interpolated,2.708,1.76,6.95,0.65,17,0.715,2
AQ,QVE,4,interpolated,3.797,1.9,1.79,0,0,0,0
AsIs,QXNJcw,4,interpolated,4.041,2.49,2.33,0,0,0,0
Tohkei,VG9oa2Vp,4,interpolated,3.757,2.72,3.06,0.33,2,0.224,1
月刊PAM,5pyI5YiKUEFN,4.5,interpolated,4.628,3.57,0,0,0,0,0
AOAO,QU9BTw,3.5,interpolated,3.541,1.77,2.08,0.11,1,0.207,1
FOKALITE,Rk9LQUxJVEU,4,interpolated,3.795,1.99,0,0,0,0,0
Melty BeaR,TWVsdHkgQmVhUg,3.5,interpolated,3.58,1.44,1.9,0.25,2,0,0
FRUITPOCHETTE,RlJVSVRQT0NIRVRURQ,5,interpolated,4.86,7.01,13.59,0.6,3,0,0
NUANCE,TlVBTkNF,4,interpolated,4.031,3.59,9.41,0.64,7,0,0
リルネード,44Oq44Or44ON44O844OJ,3.5,interpolated,3.655,3.25,0,1,3,0,0
アンスリューム,44Ki44Oz44K544Oq44Ol44O844Og,4,interpolated,4.053,2.82,7.36,0.5,7,0,0
MyDearDarlin',TXlEZWFyRGFybGluJw,3.5,interpolated,3.722,2.83,6.5,0.73,11,0,0
AIBECK,QUlCRUNL,3,interpolated,3.08,3.48,9.57,0.64,9,0.715,2
美味しい曖昧,576O5ZGz44GX44GE5puW5pin,4.5,interpolated,4.443,3.49,0,0.3,3,0,0
LINKL PLANET,TElOS0wgUExBTkVU,4,interpolated,4.117,2.66,4.35,0.38,5,0,0
MAGMAZ,TUFHTUFa,4,interpolated,3.94,2.39,4.14,0.29,2,0,0
AZATOY,QVpBVE9Z,3,interpolated,3.114,1.61,2.87,0.42,5,0.42,2
Finger Runs,RmluZ2VyIFJ1bnM,3.5,interpolated,3.594,2.63,3.66,1,5,0,0
花魁道中,6Iqx6a2B6YGT5Lit,4,interpolated,3.795,2.06,2.66,0.29,2,0,0
びっくえんじぇる,44Gz44Gj44GP44GI44KT44GY44GH44KL,4.5,interpolated,4.484,3.09,8.25,0.27,3,0,0
鳴ル神,6bO044Or56We,3.5,interpolated,3.694,1.74,0,0,0,0,0
ヤなことそっとミュート,44Ok44Gq44GT44Go44Gd44Gj44Go44Of44Ol44O844OI,4,interpolated,3.759,4,0,1,6,0,0
ニァピン,44OL44Kh44OU44Oz,3,interpolated,3.116,0.83,0,1,1,0,0
BLACKNAZARENE,QkxBQ0tOQVpBUkVORQ,4,interpolated,3.865,4.35,8.57,1,9,0,0
おやすみホログラム,44GK44KE44GZ44G_44Ob44Ot44Kw44Op44Og,3,interpolated,3.166,3.19,0,0.8,8,0.28,1
#2i2,IzJpMg,4,interpolated,3.823,4.17,5.65,1,5,0,0
STAiNY,U1RBaU5Z,2,interpolated,2.06,1.97,5.57,0.68,15,1.363,4
diig,ZGlpZw,3.5,interpolated,3.29,1.9,1.87,0,0,0.508,1
キングサリ,44Kt44Oz44Kw44K144Oq,3.5,interpolated,3.607,2.24,4.24,0.55,6,0,0
Axelight,QXhlbGlnaHQ,4.5,interpolated,4.48,2.99,4.24,0.17,1,0,0
あっとせぶんてぃーん,44GC44Gj44Go44Gb44G244KT44Gm44GD44O844KT,3,interpolated,2.989,1.92,0,1,42,0.28,1
#Mooove!,I01vb292ZSE,3.5,interpolated,3.306,1.92,3.32,0.22,2,0.508,1
太陽と踊れ月夜に唄え,5aSq6Zm944Go6LiK44KM5pyI5aSc44Gr5ZSE44GI,4,interpolated,3.835,2.4,3,0.36,4,0,0
さよならステイチューン,44GV44KI44Gq44KJ44K544OG44Kk44OB44Ol44O844Oz,4,interpolated,3.889,2.57,0,0.5,6,0,0
Alcute！,QWxjdXRl77yB,3,interpolated,2.937,1.4,3.01,1,13,0.28,1
hakanai,aGFrYW5haQ,4,interpolated,3.963,2.28,2.6,0.17,1,0,0
ラナキュラ,44Op44OK44Kt44Ol44Op,4,interpolated,3.855,2.23,3.42,0.3,3,0,0
スパンコールグッドタイムズ,44K544OR44Oz44Kz44O844Or44Kw44OD44OJ44K_44Kk44Og44K6,5,interpolated,4.75,3.48,48.57,0.2,1,0,0
Candye♡Syrup,Q2FuZHll4pmhU3lydXA,3,interpolated,3.157,0.92,0,0.72,13,0,0
PRSMIN,UFJTTUlO,4.5,interpolated,4.654,3.76,5.17,0.29,2,0,0
透色ドロップ,6YCP6Imy44OJ44Ot44OD44OX,3,interpolated,2.882,2.2,0,0.71,12,0.508,1
カラフルスクリーム,44Kr44Op44OV44Or44K544Kv44Oq44O844Og,3.5,interpolated,3.416,4.04,9.53,0.47,7,0.84,3
Finally,RmluYWxseQ,5,interpolated,5,5.32,5.26,0,0,0,0
パラディーク,44OR44Op44OH44Kj44O844Kv,3,interpolated,3.13,1.44,5.34,0.75,15,0.14,1
lonlium,bG9ubGl1bQ,4,interpolated,4.101,3.27,0,0,0,0.207,1
Hellzapoppin',SGVsbHphcG9wcGluJw,4,interpolated,4.015,2.75,5.9,0.5,5,0,0
selfish,c2VsZmlzaA,3.5,interpolated,3.621,1.82,0,0.33,3,0,0
1つ足りない賽は投げられた,MeOBpOi2s-OCiuOBquOBhOizveOBr-aKleOBkuOCieOCjOOBnw,3.5,interpolated,3.654,3.24,0,1,5,0,0
.LiNIXLiNE.,LkxpTklYTGlORS4,3.5,interpolated,3.736,2.36,0,0.4,2,0,0
ルージュブック,44Or44O844K444Ol44OW44OD44Kv,4,interpolated,3.883,3.04,3.37,0.63,5,0,0
Chalca,Q2hhbGNh,4,interpolated,3.761,1.9,0,0,0,0,0
パラレルサイダー,44OR44Op44Os44Or44K144Kk44OA44O8,3.5,interpolated,3.431,1.61,4.18,0.57,8,0,0
ぽけっとファントム,44G944GR44Gj44Go44OV44Kh44Oz44OI44Og,3.5,interpolated,3.285,3.3,2.09,0.64,9,0.414,2
kolme,a29sbWU,5,interpolated,5,11.49,0,0,0,0,0
MIGMA SHELTER,TUlHTUEgU0hFTFRFUg,3.5,interpolated,3.307,1.79,9.48,1,18,0,0
BELLRING少女ハート,QkVMTFJJTkflsJHlpbPjg4_jg7zjg4g,3.5,interpolated,3.32,2.28,0,0.8,16,0,0
Payrin's,UGF5cmluJ3M,3.5,interpolated,3.257,2.22,9.9,0.76,13,0.14,1
airattic,YWlyYXR0aWM,5,interpolated,4.975,4.21,4.49,0,0,0,0
シャニムニ＝パレード,44K344Oj44OL44Og44OL77yd44OR44Os44O844OJ,3,interpolated,3.167,2.46,67.46,0.65,11,0.414,2
9DayzGlitchClubTokyo,OURheXpHbGl0Y2hDbHViVG9reW8,4,interpolated,3.794,3.34,0,0.43,3,0.207,1
カイジューバイミー,44Kr44Kk44K444Ol44O844OQ44Kk44Of44O8,5,interpolated,5,5.65,5.58,0,0,0,0
ルルネージュ,44Or44Or44ON44O844K444Ol,3,interpolated,2.809,2.25,7.74,0.81,13,0.56,2
瞬きもせず,556s44GN44KC44Gb44Ga,3.5,interpolated,3.472,2.27,0,0.64,14,0,0
LIT MOON,TElUIE1PT04,4.5,interpolated,4.278,2.81,3.42,0.29,2,0,0
FR2PON!,RlIyUE9OIQ,3.5,interpolated,3.428,2.27,5.11,0.54,7,0.207,1
ponderosa may bloom,cG9uZGVyb3NhIG1heSBibG9vbQ,3.5,interpolated,3.367,1.25,2.39,0.5,4,0,0
SPRISE,U1BSSVNF,4,interpolated,3.846,2.79,7.16,0.64,9,0,0
脳内パステル,6ISz5YaF44OR44K544OG44Or,3,interpolated,2.854,2.08,6.09,0.71,15,0.56,2
W.ダブルヴィー,Vy7jg4Djg5bjg6vjg7TjgqPjg7w,3,interpolated,2.931,2.45,0,0.65,17,0.56,2
限りなく白く,6ZmQ44KK44Gq44GP55m944GP,4.5,interpolated,4.324,2.66,3.06,0.14,1,0,0
THE ENCORE,VEhFIEVOQ09SRQ,4.5,interpolated,4.458,2.97,3.41,0.13,1,0,0
クライセカイ,44Kv44Op44Kk44K744Kr44Kk,3.5,interpolated,3.421,1.28,1.99,0.42,5,0,0
こみっきゅおん！,44GT44G_44Gj44GN44KF44GK44KT77yB,4,interpolated,4.182,2.76,0,0.3,3,0,0
Task have Fun,VGFzayBoYXZlIEZ1bg,5,interpolated,5,10.49,0,0,0,0,0
tipToe.,dGlwVG9lLg,3.5,interpolated,3.616,2.57,9.73,1,16,0,0
アイドルカレッジ,44Ki44Kk44OJ44Or44Kr44Os44OD44K4,3.5,interpolated,3.601,2.86,0,0.82,87,0,0
#ジューロック,I-OCuOODpeODvOODreODg-OCrw,2.5,interpolated,2.67,1.77,6.1,0.8,24,0.621,3
さとりモンスター,44GV44Go44KK44Oi44Oz44K544K_44O8,3.5,interpolated,3.662,2.66,0,0.71,10,0,0
SOMOSOMO,U09NT1NPTU8,4.5,interpolated,4.532,3.55,7.07,0.33,5,0,0
.BPM,LkJQTQ,4,interpolated,4.108,3.09,6.07,0.5,5,0,0
天使にはなれない,5aSp5L2_44Gr44Gv44Gq44KM44Gq44GE,3,interpolated,3,0,0,0,0,0,0
ぜろから☆すた→と,44Gc44KN44GL44KJ4piG44GZ44Gf4oaS44Go,2.5,interpolated,2.693,1.95,4.9,0.63,12,0.767,3
TOKYOてふてふ,VE9LWU_jgabjgbXjgabjgbU,4,interpolated,3.973,3.91,5.57,0.43,3,0.28,1
Flower＊Hour,Rmxvd2Vy77yKSG91cg,3.5,interpolated,3.427,1.21,0,0.31,4,0,0
HiiT Factory,SGlpVCBGYWN0b3J5,3.5,interpolated,3.725,2.32,0,0.4,2,0,0
PASTEL RADIO,UEFTVEVMIFJBRElP,3.5,interpolated,3.726,1.7,2.34,0.14,1,0,0
my fav,bXkgZmF2,3.5,interpolated,3.668,1.96,0,0.33,3,0,0
里咲りさ,6YeM5ZKy44KK44GV,3.5,interpolated,3.268,1.91,0,1,1,0,0
HAPPY CREATORS,SEFQUFkgQ1JFQVRPUlM,3.5,interpolated,3.736,1.75,1.82,0.14,1,0,0
Beloved,QmVsb3ZlZA,3.5,interpolated,3.566,1.56,0,0.29,2,0,0
HONEY POPCORN,SE9ORVkgUE9QQ09STg,5,interpolated,5,6.6,8.35,0.17,1,0,0
THE HOOPERS,VEhFIEhPT1BFUlM,3.5,interpolated,3.712,3.25,12.57,1,11,0,0
3776,Mzc3Ng,3.5,interpolated,3.253,1.81,0,0.91,10,0,0
開歌-かいか-,6ZaL5q2MLeOBi-OBhOOBiy0,4,interpolated,4.159,3.58,0,0.5,5,0,0
雨模様のソラリス,6Zuo5qih5qeY44Gu44K944Op44Oq44K5,5,interpolated,5,5,0,0.2,1,0,0
電影と少年CQ,6Zu75b2x44Go5bCR5bm0Q1E,4.5,interpolated,4.495,9.25,0,1,2,0,0
EMPATHY,RU1QQVRIWQ,3.5,interpolated,3.546,2.21,4.61,0.6,9,0,0
かすみ草とステラ,44GL44GZ44G_6I2J44Go44K544OG44Op,4,interpolated,4.208,3.12,0,0.38,6,0,0
棘-おどろ-,5qOYLeOBiuOBqeOCjS0,3.5,interpolated,3.269,1.65,0,0.74,17,0,0
あたまのなかは8ビット⁉︎,44GC44Gf44G-44Gu44Gq44GL44GvOOODk-ODg-ODiOKBie-4jg,3,interpolated,3.189,1.2,0,0.75,18,0,0
われらがプワプワプーワプワ,44KP44KM44KJ44GM44OX44Ov44OX44Ov44OX44O844Ov44OX44Ov,3,interpolated,2.925,3.07,10.17,1,23,0.56,2
点染テンセイ少女。,54K55p-T44OG44Oz44K744Kk5bCR5aWz44CC,4,interpolated,3.922,2.7,5.26,0.56,10,0,0
AFTERS,QUZURVJT,3.5,interpolated,3.47,1.49,3.16,0.46,6,0,0
フューチャーサイダー,44OV44Ol44O844OB44Oj44O844K144Kk44OA44O8,4,interpolated,3.905,2.35,3.86,0.3,3,0,0
LiVS,TGlWUw,3.5,interpolated,3.645,2.26,2.99,0.5,4,0,0
SiLENT←NOiSE,U2lMRU5U4oaQTk9pU0U,2.5,interpolated,2.451,1.21,4.41,0.65,11,0.84,3
HelloYouth,SGVsbG9Zb3V0aA,4.5,interpolated,4.474,3.91,8,0.44,7,0,0
ほくりくアイドル部,44G744GP44KK44GP44Ki44Kk44OJ44Or6YOo,3.5,interpolated,3.502,3.48,10.12,0.69,36,0.21,1
君と見るそら,5ZCb44Go6KaL44KL44Gd44KJ,3.5,interpolated,3.714,1.7,2.57,0.22,2,0,0
ZUTTOMOTTO,WlVUVE9NT1RUTw,3,interpolated,3.016,1.09,3.48,0.45,10,0.347,2
スワンスワンズ,44K544Ov44Oz44K544Ov44Oz44K6,5,interpolated,5,4.57,0,0,0,0,0
AQA,QVFB,3.5,interpolated,3.365,1.32,2.59,0.54,7,0,0
ROOKEY♡ROOKEYS,Uk9PS0VZ4pmhUk9PS0VZUw,3.5,interpolated,3.272,1.16,0,0.3,3,0.14,1
STARRY×NIGHT↗︎,U1RBUlJZw5dOSUdIVOKGl--4jg,4,interpolated,3.792,1.87,2.23,0.17,1,0,0
カミサマパレード,44Kr44Of44K144Oe44OR44Os44O844OJ,3.5,interpolated,3.313,1.33,0,0.22,2,0.207,1
Aicong,QWljb25n,3.5,interpolated,3.741,1.77,23.57,0.33,3,0,0
中2映画プロジェクトアイドル部,5LitMuaYoOeUu-ODl-ODreOCuOOCp-OCr-ODiOOCouOCpOODieODq-mDqA,3,interpolated,3.215,1.53,0,1,20,0,0
GO TO THE BEDS,R08gVE8gVEhFIEJFRFM,5,interpolated,5,6.21,0,0,0,0,0
NightOwl,TmlnaHRPd2w,4,interpolated,3.902,4.67,6.93,1,5,0,0
XTEEN,WFRFRU4,3.5,interpolated,3.258,2.37,8.47,0.73,8,0.207,1
ナナランド,44OK44OK44Op44Oz44OJ,3.5,interpolated,3.725,3.35,8.06,1,15,0,0
O'CHAWANZ HIP-HOP COLLEGE,TydDSEFXQU5aIEhJUC1IT1AgQ09MTEVHRQ,3.5,interpolated,3.391,2.4,9.57,0.8,8,0,0
may in film,bWF5IGluIGZpbG0,3.5,interpolated,3.631,2.09,5.24,0.5,5,0,0
HIGH SPIRITS,SElHSCBTUElSSVRT,3,interpolated,2.897,2.66,9.7,0.77,24,0.554,3
Bunny La Crew,QnVubnkgTGEgQ3Jldw,3.5,interpolated,3.631,2.14,4.22,0.5,8,0,0
MAGICAL SPEC,TUFHSUNBTCBTUEVD,4,interpolated,4.133,2.61,5.57,0.38,6,0,0
Panic Monster !n Wonderland,UGFuaWMgTW9uc3RlciAhbiBXb25kZXJsYW5k,3.5,interpolated,3.399,2.03,3.74,0.41,7,0.28,1
花いろは,6Iqx44GE44KN44Gv,3.5,interpolated,3.556,2.32,6.49,0.63,12,0,0
ガラチア,44Ks44Op44OB44Ki,3,interpolated,2.964,1.08,2.82,1,10,0.207,1
トナリア,44OI44OK44Oq44Ki,3.5,interpolated,3.714,2.09,0,0.33,2,0,0
BAD IVY,QkFEIElWWQ,4,interpolated,4.089,2.32,13.57,0,0,0,0
FULIT BOX,RlVMSVQgQk9Y,3.5,interpolated,3.559,1.84,2.29,0.13,1,0.224,1
ai*ai,YWkqYWk,3.5,interpolated,3.592,2.2,4.51,0.56,5,0,0
AVACLUB,QVZBQ0xVQg,3.5,interpolated,3.748,1.47,23.57,0.2,1,0,0
Malcolm Mask McLaren,TWFsY29sbSBNYXNrIE1jTGFyZW4,3.5,interpolated,3.435,2.25,10.9,0.74,14,0,0
Ange☆Reve,QW5nZeKYhlJldmU,3.5,interpolated,3.687,2.77,12.33,0.76,19,0,0
神使轟く、激情の如く。,56We5L2_6L2f44GP44CB5r-A5oOF44Gu5aaC44GP44CC,4,interpolated,3.751,3.54,8.82,1,13,0,0
アップアップガールズ（仮）,44Ki44OD44OX44Ki44OD44OX44Ks44O844Or44K677yI5Luu77yJ,4,interpolated,4.12,5.4,0,0.72,13,0,0
じゅじゅ,44GY44KF44GY44KF,3,interpolated,3.199,3.63,0,0.67,6,0.508,1
ふわふわ,44G144KP44G144KP,4,interpolated,3.993,5.26,10.93,0.85,17,0,0
アップアップガールズ（２）,44Ki44OD44OX44Ki44OD44OX44Ks44O844Or44K677yI77yS77yJ,4.5,interpolated,4.544,4.72,0,0.46,6,0,0
ピューパ!!,44OU44Ol44O844ORISE,4.5,interpolated,4.302,3.53,0,0.4,4,0,0
KissBee,S2lzc0JlZQ,4,interpolated,3.83,3.49,12.57,0.74,20,0,0
都内某所,6YO95YaF5p-Q5omA,3,interpolated,3.111,0.61,3.66,1,6,0,0
SAY-LA,U0FZLUxB,3.5,interpolated,3.406,2.36,11.6,0.78,31,0,0
エラバレシ,44Ko44Op44OQ44Os44K3,4,interpolated,3.992,4.07,0,0.67,12,0,0
KiSS KiSS,S2lTUyBLaVNT,4.5,interpolated,4.499,3.08,3.41,0.17,1,0,0
にっぽんワチャチャ,44Gr44Gj44G944KT44Ov44OB44Oj44OB44Oj,3.5,interpolated,3.647,3.14,6.41,0.5,5,0.28,1
MiiS,TWlpUw,3.5,interpolated,3.254,1.54,5.51,0.81,13,0,0
グデイ,44Kw44OH44Kk,5,interpolated,5,6.49,6.49,0,0,0,0
I MY ME MINE,SSBNWSBNRSBNSU5F,3.5,interpolated,3.507,1.86,5.15,0.57,13,0,0
WT☆Egret,V1TimIZFZ3JldA,3.5,interpolated,3.611,2.52,0,0.74,17,0,0
NEOTOKYO-TRIBE,TkVPVE9LWU8tVFJJQkU,3.5,interpolated,3.447,1.55,0,0.45,10,0,0
ハニースパイスRe.,44OP44OL44O844K544OR44Kk44K5UmUu,3.5,interpolated,3.392,2.4,0,0.74,14,0,0
GANGDEMIC,R0FOR0RFTUlD,4.5,interpolated,4.564,3.65,5.19,0.32,6,0,0
ゑんら,44KR44KT44KJ,5,interpolated,5,8.48,8.48,0,0,0,0
RaRaJaM,UmFSYUphTQ,3.5,interpolated,3.728,1.74,1.68,0,0,0,0
Charm Poche,Q2hhcm0gUG9jaGU,3.5,interpolated,3.742,1.93,2.44,0.29,2,0,0
ヲドルマヨナカ,44Oy44OJ44Or44Oe44Oo44OK44Kr,3,interpolated,3.189,1.67,4.57,0.71,25,0.14,1
Beauty Box,QmVhdXR5IEJveA,3.5,interpolated,3.685,3.07,0,0.75,6,0,0
悪魔のキッス,5oKq6a2U44Gu44Kt44OD44K5,4.5,interpolated,4.616,3.32,4.32,0,0,0,0
放課後プリンセス,5pS-6Kqy5b6M44OX44Oq44Oz44K744K5,3.5,interpolated,3.262,1.87,0,0.94,76,0,0
マジカル・パンチライン,44Oe44K444Kr44Or44O744OR44Oz44OB44Op44Kk44Oz,4.5,interpolated,4.406,5.38,0,0.6,6,0,0
MELLOW MELLOW,TUVMTE9XIE1FTExPVw,4.5,interpolated,4.34,7.75,8.82,1,3,0,0
SAKA-SAMA,U0FLQS1TQU1B,3,interpolated,3.112,1.9,9.65,0.72,13,0.28,2
浪江女子発組合,5rWq5rGf5aWz5a2Q55m657WE5ZCI,3,interpolated,3,0,0,0,0,0,0
校庭カメラガールドライ,5qCh5bqt44Kr44Oh44Op44Ks44O844Or44OJ44Op44Kk,3,interpolated,3.177,1.26,0,1,5,0,0
星歴13夜,5pif5q20MTPlpJw,2,interpolated,2.236,2.54,0,1,9,1.12,4
ambitious,YW1iaXRpb3Vz,4.5,interpolated,4.352,2.78,5.34,0.25,5,0,0
fancylabo,ZmFuY3lsYWJv,5,interpolated,4.754,3.49,23.57,0,0,0,0
RIRYDAY,UklSWURBWQ,3,interpolated,3.152,0.99,2.07,1,6,0,0
UNBS,VU5CUw,4.5,interpolated,4.257,4.96,0,0.63,10,0,0
終わらないで、夜,57WC44KP44KJ44Gq44GE44Gn44CB5aSc,3.5,interpolated,3.629,3.06,0,1,9,0,0
ネコプラpixx.,44ON44Kz44OX44OpcGl4eC4,2,interpolated,1.804,2.14,9.59,0.76,25,1.589,4
ワッツ◎さーくる,44Ov44OD44OE4peO44GV44O844GP44KL,3,interpolated,2.862,2.54,0,0.59,13,0.718,2
OS☆U,T1PimIZV,3.5,interpolated,3.688,3.08,15.99,0.86,69,0,0
ふぇありーているず！,44G144GH44GC44KK44O844Gm44GE44KL44Ga77yB,3.5,interpolated,3.661,2.61,0,0.71,17,0,0
ideal peco,aWRlYWwgcGVjbw,4.5,interpolated,4.462,3.01,2.86,0.14,1,0,0
サクヤコノハナ,44K144Kv44Ok44Kz44OO44OP44OK,3,interpolated,2.838,2.39,9.38,0.79,22,0.56,2
POPPiNG EMO,UE9QUGlORyBFTU8,5,interpolated,4.925,4.76,0,0.29,2,0,0
SAI²Rium,U0FJwrJSaXVt,3,interpolated,3.022,1.51,4.02,0.62,13,0.347,2
なんキニ！,44Gq44KT44Kt44OL77yB,3.5,interpolated,3.332,1.74,8.89,0.76,25,0,0
SANDAL TELEPHONE,U0FOREFMIFRFTEVQSE9ORQ,3.5,interpolated,3.383,2.33,9.07,1,12,0,0
SAiNT SEX,U0FpTlQgU0VY,4.5,interpolated,4.719,4.98,0,0.42,5,0,0
愛乙女☆DOLL,5oSb5LmZ5aWz4piGRE9MTA,3.5,interpolated,3.722,3.2,6.82,0.77,24,0,0
めろん畑a go go,44KB44KN44KT55WRYSBnbyBnbw,4,interpolated,3.758,3.84,0,0.54,7,0.207,1
ピュアリーモンスター,44OU44Ol44Ki44Oq44O844Oi44Oz44K544K_44O8,4,interpolated,3.844,3.45,0,0.68,13,0,0
NaNoMoRaL,TmFOb01vUmFM,5,interpolated,5,8.41,0,0,0,0,0
DREAMING MONSTER,RFJFQU1JTkcgTU9OU1RFUg,3.5,interpolated,3.734,2.98,11.02,0.75,21,0,0
CUBΣLIC,Q1VCzqNMSUM,4,interpolated,3.973,2.84,6.74,0.56,5,0,0
メイビーME,44Oh44Kk44OT44O8TUU,3.5,interpolated,3.48,2.98,8.06,0.59,10,0.294,1
PinkySpice,UGlua3lTcGljZQ,4,interpolated,4.031,3.73,7.1,0.65,11,0,0
metarium,bWV0YXJpdW0,4,interpolated,4.163,2.63,3.79,0.33,3,0,0
Layn,TGF5bg,4,interpolated,3.923,2.68,7.57,0.57,8,0,0
・・・・・・・・・,44O744O744O744O744O744O744O744O744O7,3.5,interpolated,3.729,2.52,0,0.63,12,0,0
アリス十番,44Ki44Oq44K55Y2B55Wq,3.5,interpolated,3.665,2.92,19.57,0.91,31,0,0
スチームガールズ,44K544OB44O844Og44Ks44O844Or44K6,3.5,interpolated,3.633,2.69,14.9,0.89,32,0,0
NANONI,TkFOT05J,3.5,interpolated,3.294,2.3,5.5,0.67,14,0.207,1
XOXO EXTREME,WE9YTyBFWFRSRU1F,4,interpolated,3.975,3.17,10.41,0.62,8,0,0
KRD8,S1JEOA,3.5,interpolated,3.741,3.46,12.58,0.84,38,0,0
iSPY,aVNQWQ,3.5,interpolated,3.588,2.52,4.99,1,11,0,0
Dorothy Little Happy,RG9yb3RoeSBMaXR0bGUgSGFwcHk,4,interpolated,3.815,4,16.57,0.92,11,0,0
PARADISES,UEFSQURJU0VT,5,interpolated,5,5.25,0,0.17,1,0,0
STARMARIE,U1RBUk1BUklF,4.5,interpolated,4.665,7.74,18.57,0.7,7,0,0
イケてるハーツ,44Kk44Kx44Gm44KL44OP44O844OE,4,interpolated,3.847,4.62,0,0.81,29,0,0
8bitBRAIN,OGJpdEJSQUlO,4,interpolated,3.787,3.79,8.41,1,10,0,0
yumegiwa last girl,eXVtZWdpd2EgbGFzdCBnaXJs,4.5,interpolated,4.253,3.31,5.82,0.44,4,0,0
BABY-CRAYON〜1361〜,QkFCWS1DUkFZT07jgJwxMzYx44Cc,4.5,interpolated,4.483,3.86,5.07,0.4,2,0,0
CHICKEN BLOW THE IDOL,Q0hJQ0tFTiBCTE9XIFRIRSBJRE9M,2.5,interpolated,2.546,3.02,9.57,0.67,6,1.12,4
つぼみ大革命,44Gk44G844G_5aSn6Z2p5ZG9,4,interpolated,3.909,4.67,16.32,1,39,0,0
963,OTYz,3.5,interpolated,3.343,4.6,13.07,0.57,4,0.84,3
BANZAI JAPAN,QkFOWkFJIEpBUEFO,2.5,interpolated,2.68,3.32,12.23,0.85,44,0.84,3
JYA☆PON 2.0,SllB4piGUE9OIDIuMA,3,interpolated,3.16,0,8.9,0,0,0,0
READY TO KISS,UkVBRFkgVE8gS0lTUw,3.5,interpolated,3.563,2.57,0,0.79,26,0,0
JUGS MAFIA,SlVHUyBNQUZJQQ,3,interpolated,3.176,1.08,3.47,0.93,14,0,0
#PEXACOA,I1BFWEFDT0E,3,interpolated,2.757,1.58,6.32,1,22,0.508,1
クロスノエシス,44Kv44Ot44K544OO44Ko44K344K5,3.5,interpolated,3.713,3.3,7.17,1,6,0,0
MANACLE,TUFOQUNMRQ,5,interpolated,5,4.31,5.87,0.14,1,0,0
2o Love to Sweet Bullet,Mm8gTG92ZSB0byBTd2VldCBCdWxsZXQ,3.5,interpolated,3.612,2.95,0,1,20,0,0
Chu-Z,Q2h1LVo,4.5,interpolated,4.355,5.93,0,0.67,8,0,0
校庭カメラガール,5qCh5bqt44Kr44Oh44Op44Ks44O844Or,3,interpolated,3,0,0,0,0,0,0
MEWM,TUVXTQ,3.5,interpolated,3.747,3.59,6.32,1,9,0,0
HAMIDASYSTEM,SEFNSURBU1lTVEVN,3.5,interpolated,3.304,1.77,9.73,1,6,0,0
MAGICOUR,TUFHSUNPVVI,5,interpolated,5,5.85,6.57,0,0,0,0
外神田いっちょめ,5aSW56We55Sw44GE44Gj44Gh44KH44KB,3.5,interpolated,3.673,3.38,0,0.8,74,0,0
et-アンド-,ZXQt44Ki44Oz44OJLQ,4,interpolated,3.751,3.67,5.27,1,4,0,0
グーグールル,44Kw44O844Kw44O844Or44Or,3.5,interpolated,3.406,2.5,8.3,1,6,0,0
NILKLY,TklMS0xZ,3.5,interpolated,3.351,2.15,7.18,0.88,7,0,0
Five emotion,Rml2ZSBlbW90aW9u,5,interpolated,5,5.65,5.65,0,0,0,0
EMOE,RU1PRQ,3.5,interpolated,3.609,2.53,7.94,0.8,8,0,0
OLNew,T0xOZXc,3,interpolated,3.184,1.21,2.1,1,7,0,0
ARCANA PROJECT,QVJDQU5BIFBST0pFQ1Q,4.5,interpolated,4.479,4.28,7.57,0.25,2,0.28,1
Ma’Scar’Piece,TWHigJlTY2Fy4oCZUGllY2U,4,interpolated,3.763,1.81,1.99,0,0,0,0
東京女子流,5p2x5Lqs5aWz5a2Q5rWB,5,interpolated,5,14.19,17.57,1,5,0,0
BABYBEARD,QkFCWUJFQVJE,4.5,interpolated,4.304,4.12,0,0.5,2,0,0
ばってん少女隊,44Gw44Gj44Gm44KT5bCR5aWz6ZqK,5,interpolated,5,6.19,11.1,0.36,4,0,0
FES☆TIVE,RkVT4piGVElWRQ,3.5,interpolated,3.696,2.67,13.34,0.74,23,0,0
TEAM SHACHI,VEVBTSBTSEFDSEk,5,interpolated,4.876,11.57,14.88,1,6,0,0
KLP48,S0xQNDg,3.5,interpolated,3.597,1.49,0,0.04,1,0,0
WHITE SCORPION,V0hJVEUgU0NPUlBJT04,4.5,interpolated,4.385,2.82,2.81,0,0,0,0
タイトル未定,44K_44Kk44OI44Or5pyq5a6a,4.5,interpolated,4.403,3.41,6.28,0.38,3,0,0
UtaGe!,VXRhR2Uh,4,interpolated,3.773,2.32,4.28,0.42,5,0,0
ハルニシオン,44OP44Or44OL44K344Kq44Oz,3.5,interpolated,3.659,1.57,1.56,0,0,0,0
NECRONOMIDOL,TkVDUk9OT01JRE9M,2.5,interpolated,2.601,1.88,12.48,0.96,22,0.718,2
SUPER☆GiRLS,U1VQRVLimIZHaVJMUw,4,interpolated,3.999,4.75,16.1,0.76,28,0,0
まねきケチャ,44G-44Gt44GN44Kx44OB44Oj,4,interpolated,4.128,3.92,0,0.57,8,0,0
仮面ライダーGIRLS,5Luu6Z2i44Op44Kk44OA44O8R0lSTFM,4.5,interpolated,4.659,7.49,0,0.67,6,0,0
fishbowl,ZmlzaGJvd2w,4,interpolated,4.169,2.83,5.57,0.4,4,0,0
PIGGS,UElHR1M,4.5,interpolated,4.656,3.95,6.27,0.33,4,0,0
chuLa,Y2h1TGE,2.5,interpolated,2.377,1.75,9.22,0.81,30,0.925,3
Dancing Dolls,RGFuY2luZyBEb2xscw,5,interpolated,5,9.76,15.57,0.29,2,0,0
なみだ色の消しごむ,44Gq44G_44Gg6Imy44Gu5raI44GX44GU44KA,4,interpolated,3.966,2.53,8.13,0.13,1,0.207,1
ベロティカ,44OZ44Ot44OG44Kj44Kr,4,interpolated,4.003,2.37,2.82,0.17,1,0,0
Maison book girl,TWFpc29uIGJvb2sgZ2lybA,4,interpolated,4.033,5.55,12.57,1,5,0,0
バンドじゃないもん！MAXX NAKAYOSHI,44OQ44Oz44OJ44GY44KD44Gq44GE44KC44KT77yBTUFYWCBOQUtBWU9TSEk,5,interpolated,5,10.31,0,0.38,3,0,0
MAZE,TUFaRQ,4,interpolated,3.874,2.94,4.57,0.33,2,0.207,1
GILTY × GILTY,R0lMVFkgw5cgR0lMVFk,5,interpolated,4.946,4.16,4.19,0,0,0,0
ASP,QVNQ,4,interpolated,3.76,3.72,5.57,1,9,0,0
ukka,dWtrYQ,4,interpolated,4.197,6.72,11.24,1,10,0,0
INUWASI,SU5VV0FTSQ,5,interpolated,5,5.56,0.92,0.14,1,0,0
新章 大阪☆春夏秋冬,5paw56ugIOWkp-mYquKYhuaYpeWkj-eni-WGrA,4,interpolated,4.223,5.99,4.06,0.73,11,0,0
ラフ×ラフ,44Op44OVw5fjg6njg5U,4.5,interpolated,4.627,3.39,3.64,0.11,1,0,0
"Not Secured,Loose Ends",Tm90IFNlY3VyZWQsTG9vc2UgRW5kcw,4.5,interpolated,4.704,4.01,10.74,0.33,3,0,0
Negicco,TmVnaWNjbw,5,interpolated,5,14.81,23.07,0.4,2,0,0
モノクローン,44Oi44OO44Kv44Ot44O844Oz,3,interpolated,2.933,1.31,6.29,1,20,0.294,1
手羽先センセーション,5omL57695YWI44K744Oz44K744O844K344On44Oz,3.5,interpolated,3.394,1.97,9.09,0.73,19,0,0
りんご娘,44KK44KT44GU5aiY,3.5,interpolated,3.697,3.55,0,0.82,18,0,0
Peel the Apple,UGVlbCB0aGUgQXBwbGU,3,interpolated,2.867,2.85,6.03,0.59,10,0.854,3
群青の世界,576k6Z2S44Gu5LiW55WM,3,interpolated,3.179,2.38,7.59,1,13,0.207,1
"Mirror,Mirror",TWlycm9yLE1pcnJvcg,4.5,interpolated,4.616,3.52,4.49,0.25,2,0,0
AdamLilith,QWRhbUxpbGl0aA,5,interpolated,4.864,3.97,3.84,0,0,0,0
REIRIE,UkVJUklF,4.5,interpolated,4.699,3.57,3.57,0,0,0,0
pinponpanpon,cGlucG9ucGFucG9u,4,interpolated,3.816,2.04,0,0.2,1,0,0
最終未来少女,5pyA57WC5pyq5p2l5bCR5aWz,3.5,interpolated,3.526,1.51,3.57,0.4,2,0,0
JamsCollection,SmFtc0NvbGxlY3Rpb24,1,interpolated,1,2.6,5.52,0.63,10,2.675,9
GANG PARADE,R0FORyBQQVJBREU,4,interpolated,3.76,3.6,11.9,0.84,16,0,0
ExWHYZ,RXhXSFla,4.5,interpolated,4.482,3.55,4.16,0.33,2,0,0
MAD JAMIE,TUFEIEpBTUlF,3.5,interpolated,3.359,2.3,5.25,0.8,4,0,0
Appare!,QXBwYXJlIQ,5,interpolated,4.807,4.86,0,0.36,5,0,0
TENRIN,VEVOUklO,3.5,interpolated,3.424,2.11,6.17,0.58,11,0.14,1
CY8ER,Q1k4RVI,3.5,interpolated,3.713,3.67,0,1,6,0,0
IRONBUNNY,SVJPTkJVTk5Z,3.5,interpolated,3.335,2.4,0,1,4,0,0
ノースリーブス,44OO44O844K544Oq44O844OW44K5,5,interpolated,5,17.9,0,0,0,0,0
Isiliel,SXNpbGllbA,5,interpolated,4.929,4.32,0,0,0,0,0
NANIMONO,TkFOSU1PTk8,4.5,interpolated,4.27,2.79,4.21,0.3,3,0,0
マーキュロ,44Oe44O844Kt44Ol44Ot,5,interpolated,4.86,3.94,4.09,0.14,1,0,0
Onephony,T25lcGhvbnk,4.5,interpolated,4.694,3.55,3.7,0.17,1,0,0
ドラマチックレコード,44OJ44Op44Oe44OB44OD44Kv44Os44Kz44O844OJ,2.5,interpolated,2.576,2.37,3.85,0.4,4,1.223,3
マザリ,44Oe44K244Oq,4,interpolated,3.797,1.9,1.79,0,0,0,0
NGT48,TkdUNDg,4,interpolated,4.176,4.05,0,0.56,46,0,0
CYNHN,Q1lOSE4,5,interpolated,5,6.25,9.09,0.43,3,0,0
NEO JAPONISM,TkVPIEpBUE9OSVNN,4,interpolated,4.157,3.36,0,0.46,6,0,0
i-COL,aS1DT0w,5,interpolated,5,5.2,5.2,0,0,0,0
Devil ANTHEM.,RGV2aWwgQU5USEVNLg,4.5,interpolated,4.521,4.86,11.62,0.54,7,0,0
可憐なアイボリー,5Y-v5oaQ44Gq44Ki44Kk44Oc44Oq44O8,4.5,interpolated,4.265,3.75,4.89,0.23,3,0.28,1
君に、胸キュン。,5ZCb44Gr44CB6IO444Kt44Ol44Oz44CC,3,interpolated,2.81,2.56,7.95,0.67,16,0.767,3
ジエメイ,44K444Ko44Oh44Kk,3.5,interpolated,3.625,3.2,4.24,0.6,3,0.14,1
Merry BAD TUNE.,TWVycnkgQkFEIFRVTkUu,5,interpolated,4.944,4.16,4.1,0,0,0,0
豆柴の大群,6LGG5p-044Gu5aSn576k,3.5,interpolated,3.644,3.17,0,0.88,7,0,0
RAY,UkFZ,4.5,interpolated,4.339,3.53,7.29,0.44,4,0,0
MADMED,TUFETUVE,3,interpolated,3.215,1.54,0,0.8,4,0,0
ME:I,TUU6SQ,4.5,interpolated,4.262,2.66,0,0,0,0,0
超ときめき♡宣伝部,6LaF44Go44GN44KB44GN4pmh5a6j5Lyd6YOo,5,interpolated,5,7.24,0,0.44,4,0,0
ファントムシータ,44OV44Kh44Oz44OI44Og44K344O844K_,4,interpolated,3.904,2.15,2.09,0,0,0,0
きゅるりんってしてみて,44GN44KF44KL44KK44KT44Gj44Gm44GX44Gm44G_44Gm,5,interpolated,5,5.05,5.51,0.2,1,0,0
日向坂46,5pel5ZCR5Z2CNDY,5,interpolated,4.778,5.09,0,0.4,19,0,0
BiSH,QmlTSA,4,interpolated,4.061,6.15,0,1,8,0,0
ももいろクローバーZ,44KC44KC44GE44KN44Kv44Ot44O844OQ44O8Wg,5,interpolated,5,8.02,19.57,0.58,7,0,0
≠ME,4omgTUU,5,override,5,6.22,6.98,0.17,2,0,0
Billlie,QmlsbGxpZQ,5,interpolated,5,4.81,4.71,0,0,0,0
SWEET STEADY,U1dFRVQgU1RFQURZ,4,interpolated,3.974,2.31,2.51,0.13,1,0,0
Buono!,QnVvbm8h,4.5,interpolated,4.588,9.92,0,1,3,0,0
≒JOY,4omSSk9Z,4.5,override,4.94,4.13,4.33,0.08,1,0,0
NMB48,Tk1CNDg,4,interpolated,4.127,4.3,16.57,0.66,142,0,0
i☆Ris,aeKYhlJpcw,5,interpolated,5,12.93,14.57,0.17,1,0,0
私立恵比寿中学,56eB56uL5oG15q-U5a-_5Lit5a2m,4.5,interpolated,4.491,6.23,16.98,0.67,14,0,0
AVAM,QVZBTQ,4.5,interpolated,4.724,3.57,4.82,0,0,0,0
高嶺のなでしこ,6auY5ba644Gu44Gq44Gn44GX44GT,4,override,3.351,3.93,4.05,0.1,1,1.302,3
Cherry Bullet,Q2hlcnJ5IEJ1bGxldA,4,interpolated,3.818,4.04,7.52,1,3,0,0
PassCode,UGFzc0NvZGU,4.5,interpolated,4.648,5.95,0,0.56,5,0,0
いぎなり東北産,44GE44GO44Gq44KK5p2x5YyX55Sj,5,interpolated,5,9.64,10.97,0.1,1,0,0
のんふぃく！,44Gu44KT44G144GD44GP77yB,4.5,interpolated,4.585,3.2,5.31,0.17,2,0,0
EMPiRE,RU1QaVJF,3.5,interpolated,3.727,3.37,8.93,1,9,0,0
ZOCX,Wk9DWA,4,interpolated,3.804,2.84,0,0.63,10,0,0
GENIC,R0VOSUM,5,interpolated,5,6.74,6.17,0,0,0,0
でんぱ組.inc,44Gn44KT44Gx57WELmluYw,4,interpolated,4.229,6.95,16.15,0.93,14,0,0
Girls²,R2lybHPCsg,5,interpolated,5,6.9,0,0.22,2,0,0
清竜人25,5riF56uc5Lq6MjU,3.5,interpolated,3.328,1.94,11.9,1,13,0,0
SKE48,U0tFNDg,4,interpolated,3.978,4.94,0,0.75,175,0,0
HKT48,SEtUNDg,4.5,interpolated,4.506,5.81,15.57,0.63,77,0,0
Broken By The Scream,QnJva2VuIEJ5IFRoZSBTY3JlYW0,4.5,interpolated,4.576,4.73,9.57,0.5,4,0,0
フィロソフィーのダンス,44OV44Kj44Ot44K944OV44Kj44O844Gu44OA44Oz44K5,5,interpolated,5,6.86,0,0.29,2,0,0
KAQRIYOTERROR,S0FRUklZT1RFUlJPUg,4.5,interpolated,4.429,2.67,8.99,0,0,0,0
℃-ute,4oSDLXV0ZQ,5,interpolated,5,14.4,21.16,0.38,3,0,0
夜光性アミューズ,5aSc5YWJ5oCn44Ki44Of44Ol44O844K6,3.5,interpolated,3.283,2.87,5.36,0.45,5,0.621,3
わーすた,44KP44O844GZ44Gf,5,interpolated,5,10.49,11.57,0.2,1,0,0
AMEFURASSHI,QU1FRlVSQVNTSEk,3.5,interpolated,3.708,6.15,7.73,1,5,0.207,1
CSR,Q1NS,5,interpolated,4.83,4.07,0,0,0,0,0
lol,bG9s,5,interpolated,5,11.9,0,0,0,0,0
Rocket Punch,Um9ja2V0IFB1bmNo,5,interpolated,5,7.07,6.97,0,0,0,0
femme fatale,ZmVtbWUgZmF0YWxl,5,interpolated,5,7.82,7.76,0,0,0,0
STU48,U1RVNDg,4,interpolated,4.196,3.81,0,0.52,50,0,0
我儘ラキア,5oiR5YSY44Op44Kt44Ki,4,interpolated,4.047,5.65,10.57,1,6,0,0
@onefive,QG9uZWZpdmU,5,interpolated,5,6.82,6.77,0,0,0,0
yosugala,eW9zdWdhbGE,5,interpolated,4.946,4.16,4.2,0,0,0,0
虹のコンキスタドール,6Jm544Gu44Kz44Oz44Kt44K544K_44OJ44O844Or,4,interpolated,3.983,4.67,12.04,0.76,22,0,0
ぜんぶ君のせいだ。,44Gc44KT44G25ZCb44Gu44Gb44GE44Gg44CC,3.5,interpolated,3.684,2.96,0,0.74,14,0,0
LE SSERAFIM,TEUgU1NFUkFGSU0,4.5,interpolated,4.748,3.66,4.24,0.17,1,0,0
BABYMONSTER,QkFCWU1PTlNURVI,4.5,interpolated,4.55,3.24,2.67,0,0,0,0
BABYMETAL,QkFCWU1FVEFM,5,interpolated,5,10.7,16.57,0.25,1,0,0
=LOVE,PUxPVkU,4.5,override,5,8.54,8.98,0.17,2,0,0
乃木坂46,5LmD5pyo5Z2CNDY,4.5,interpolated,4.506,6.07,0,0.62,62,0,0
FRUITS ZIPPER,RlJVSVRTIFpJUFBFUg,5,interpolated,5,4.48,4.32,0,0,0,0
AKB48,QUtCNDg,4,interpolated,3.906,4.64,21.57,0.87,364,0,0
iLiFE!,aUxpRkUh,2,override,2.859,1.71,6.14,0.62,18,0.574,2
櫻坂46,5qu75Z2CNDY,5,interpolated,5,5.43,5.79,0.22,10,0,0
CUTIE STREET,Q1VUSUUgU1RSRUVU,4,interpolated,3.869,2.07,1.98,0,0,0,0
CANDY TUNE,Q0FORFkgVFVORQ,4.5,interpolated,4.697,3.57,3.48,0,0,0,0
じーくらむ！,44GY44O844GP44KJ44KA77yB,2,interpolated,1.996,1.61,6.58,1,10,1.275,4
ラストシーン,44Op44K544OI44K344O844Oz,3,interpolated,3.206,0.51,0.62,0.25,2,0,0
Nゼロ,TuOCvOODrQ,3.5,interpolated,3.281,1.61,16.24,0.97,93,0,0
Checkmate,Q2hlY2ttYXRl,3,interpolated,2.935,1.01,0,1,5,0.207,1
VILLAINS HOUSE,VklMTEFJTlMgSE9VU0U,3.5,interpolated,3.681,1.64,1.99,0.22,2,0,0
YAMINABE,WUFNSU5BQkU,4.5,interpolated,4.256,3.09,0,0.33,1,0,0
あげもん！,44GC44GS44KC44KT77yB,2.5,interpolated,2.676,1.44,5.01,1,15,0.56,2
ナト☆カン,44OK44OI4piG44Kr44Oz/#google_vignette,2,interpolated,1.801,3.64,14.63,0.8,41,1.765,6
リリシック学園,44Oq44Oq44K344OD44Kv5a2m5ZyS,3,interpolated,3.067,0.16,6.27,1,1,0,0
Pimm's,UGltbSdz,5,interpolated,4.879,8.93,13.18,0.7,7,0,0
Love Cocchi,TG92ZSBDb2NjaGk,4,interpolated,3.753,3.95,0,1,5,0,0
ドレスコード,d231b9f2-f247-4cf5-8d57-35365fd73f16,3,interpolated,3.003,0.99,1.85,0.2,2,0.431,2
ガガピエロ,df3e70ea-93af-41a2-bc29-22f7087350d8,3.5,interpolated,3.313,2.06,3.53,1,6,0,0
ヒロインズ研究生,9b937bbf-facf-437b-9815-94152bfe5805,3.5,interpolated,3.308,0.88,2.78,0.42,14,0,0
ナナコロビヤオキ,055cd81a-8c78-44ad-b74b-3f45fc551f9b,3.5,interpolated,3.253,1.3,2.12,0.36,4,0.207,1
iON!,d698eb6b-e82f-48f1-a2df-6cf858315ad4,3,interpolated,3.215,0.99,1.27,0.09,1,0.207,1
LADYBABY,72612662-7c13-4de8-b694-a800f9eb1dda,3.5,interpolated,3.505,2.05,11.57,0.64,16,0,0
AMAKAZE,a7805041-7cce-4541-86b5-a3fe06d3d4ea,4,interpolated,4.094,2.45,5.72,0.04,3,0,0
Raiden,743724ff-5c2d-4e42-85ab-95e7e5c42954,4.5,interpolated,4.391,2.69,5.72,0.06,8,0,0
Ragken!,d8f8e543-16c7-4f7e-8903-ded7ec8c5380,5,interpolated,4.913,4.68,6.89,0.33,4,0,0
SUIGETSU,764d49a4-9186-44f0-9c88-ab913d7c95ca,5,interpolated,4.833,3.8,5.72,0.06,4,0,0
BLK LiLiY,15c6385c-b09a-4dbc-89f1-fc96cef74fff,3,interpolated,3.22,1.3,5.35,1,7,0,0
Link STAR's,7e2b7bae-0b97-4c6c-8268-4923aa92c622,3,interpolated,3,0,0,0,0,0,0
Yumeiro H!L!T,4d9e63bf-672e-4b0a-86e6-40c8e5cc6689,5,interpolated,5,7.1,7.1,0,0,0,0
欅坂46,5qyF5Z2CNDY,3,interpolated,3.043,3.53,10.93,1,12,0.508,1
IZ*ONE,SVoqT05F,3.5,interpolated,3.404,2.5,7.75,1,3,0,0
モーニング娘。,44Oi44O844OL44Oz44Kw5aiY44CC,3,interpolated,3.16,0,29.57,0,0,0,0
Juice=Juice,SnVpY2U9SnVpY2U,3,interpolated,3.16,0,13.48,0,0,0,0
神宿,56We5a6_,3.5,interpolated,3.678,3.01,11.83,1,2,0,0
PiKi,UGlLaQ,3,interpolated,3.022,0,1.1,0,0,0,0
アンジュルム,44Ki44Oz44K444Ol44Or44Og,3,interpolated,3,0,0,0,0,0,0
Berryz工房,QmVycnl65bel5oi_,3,interpolated,3.16,0,22.57,0,0,0,0
BEYOOOOONDS,QkVZT09PT09ORFM,3,interpolated,3.155,0,7.77,0,0,0,0
つばきファクトリー,44Gk44Gw44GN44OV44Kh44Kv44OI44Oq44O8,3,interpolated,3,0,0,0,0,0,0
Pretty Chuu,UHJldHR5IENodXU,3,interpolated,3.022,0,1.11,0,0,0,0
MORE STAR,TU9SRSBTVEFS,3,interpolated,3,0,0,0,0,0,0
MEGAFON,TUVHQUZPTg,3.5,interpolated,3.543,1.29,1.31,0.14,1,0,0
幽世脅嚇,5bm95LiW6ISF5ZqH,3,interpolated,3,0,0,0,0,0,0
A応P,QeW_nFA,3,interpolated,3,0,0,0,0,0,0
OCHA NORMA,T0NIQSBOT1JNQQ,3,interpolated,3.092,0,4.62,0,0,0,0
アイドリング!!!,44Ki44Kk44OJ44Oq44Oz44KwISEh,3,interpolated,3,0,0,0,0,0,0
DRAW♡ME,RFJBV-KZoU1F,3,interpolated,3,0,0,0,0,0,0
MNL48,TU5MNDg,3,interpolated,3.16,0,8.25,0,0,0,0
ロージークロニクル,44Ot44O844K444O844Kv44Ot44OL44Kv44Or,3,interpolated,3,0,0,0,0,0,0
眉村ちあき,55yJ5p2R44Gh44GC44GN,3,interpolated,3,0,0,0,0,0,0
MYERA,TVlFUkE,3,interpolated,3.031,0,1.57,0,0,0,0
Buzy,QnV6eQ,3,interpolated,3.16,0,28.57,0,0,0,0
ハロプロ研修生,44OP44Ot44OX44Ot56CU5L-u55Sf,3,interpolated,3.16,0,16.34,0,0,0,0
ラストアイドル2期生,44Op44K544OI44Ki44Kk44OJ44OrMuacn-eUnw,3,interpolated,3,0,0,0,0,0,0
sora tob sakana,c29yYSB0b2Igc2FrYW5h,3,interpolated,3,0,0,0,0,0,0
さくら学院,44GV44GP44KJ5a2m6Zmi,5,interpolated,5,12.32,0,0,0,0,0
渡り廊下走り隊7,5rih44KK5buK5LiL6LWw44KK6ZqKNw,3,interpolated,3,0,0,0,0,0,0
Prizmmy☆,UHJpem1teeKYhg,3,interpolated,3,0,0,0,0,0,0
フェアリーズ,44OV44Kn44Ki44Oq44O844K6,3,interpolated,3,0,0,0,0,0,0
26時のマスカレイド,MjbmmYLjga7jg57jgrnjgqvjg6zjgqTjg4k,3,interpolated,3,0,0,0,0,0,0
GPP,R1BQ,3,interpolated,3,0,0,0,0,0,0
RealRomantic,UmVhbFJvbWFudGlj,3,interpolated,3.026,0,1.28,0,0,0,0
PIGMONZ,UElHTU9OWg,3,interpolated,3.143,0.36,0.35,0.25,1,0,0
ONEPIXCEL,T05FUElYQ0VM,3,interpolated,3,0,0,0,0,0,0
テンシンランマン,44OG44Oz44K344Oz44Op44Oz44Oe44Oz,3.5,interpolated,3.46,1.09,1.18,0,0,0,0
Straight Angeli,U3RyYWlnaHQgQW5nZWxp,3,interpolated,3.015,0,0.74,0,0,0,0
脇田もなり,6ISH55Sw44KC44Gq44KK,3,interpolated,3,0,0,0,0,0,0
Jewel,SmV3ZWw,3,interpolated,3.16,0,16.12,0,0,0,0
DIAVEL,RElBVkVM,3.5,interpolated,3.546,1.3,1.25,0,0,0,0
MilkyWay,TWlsa3lXYXk,3,interpolated,3,0,0,0,0,0,0
365°,MzY1wrA,3,interpolated,3,0,0,0,0,0,0
Chuning Candy,Q2h1bmluZyBDYW5keQ,3,interpolated,3,0,0,0,0,0,0
XINXIN,WElOWElO,3,interpolated,3.155,0.37,0.37,0,0,0,0
Gen1es,R2VuMWVz,3,interpolated,3,0,0,0,0,0,0
フレンチ・キス,44OV44Os44Oz44OB44O744Kt44K5,3,interpolated,3,0,0,0,0,0,0
MISS MERCY,TUlTUyBNRVJDWQ,3.5,interpolated,3.278,1.54,4.41,0.75,3,0,0
Toi Toi Toi,VG9pIFRvaSBUb2k,3.5,interpolated,3.485,1.15,1.31,0,0,0,0
amini,YW1pbmk,3,interpolated,3,0,0,0,0,0,0
セクト,44K744Kv44OI,3,interpolated,3,0,0,0,0,0,0
ハッピーくるくる,44OP44OD44OU44O844GP44KL44GP44KL,3,interpolated,3,0,0,0,0,0,0
悲撃のヒロイン症候群,5oKy5pKD44Gu44OS44Ot44Kk44Oz55eH5YCZ576k,3,interpolated,3,0,0,0,0,0,0
RYUTist,UllVVGlzdA,3,interpolated,3.16,0,15.57,0,0,0,0
ザ・コインロッカーズ,44K244O744Kz44Kk44Oz44Ot44OD44Kr44O844K6,3,interpolated,3,0,0,0,0,0,0
りンね,44KK44Oz44Gt,3,interpolated,3,0,0,0,0,0,0
Made in Maiden,TWFkZSBpbiBNYWlkZW4,3,interpolated,3.025,0,1.26,0,0,0,0
ギミック,44Ku44Of44OD44Kv,3,interpolated,3,0,0,0,0,0,0
Busters,QnVzdGVycw,3,interpolated,3,0,0,0,0,0,0
ミソラドエジソン,44Of44K944Op44OJ44Ko44K444K944Oz,3,interpolated,3,0,0,0,0,0,0
SOL,U09M,3,interpolated,3,0,0,0,0,0,0
CAL&RES,Q0FMJlJFUw,3,interpolated,3.233,1.42,4.95,0.81,17,0,0
ねおち,44Gt44GK44Gh,3,interpolated,3,0,0,0,0,0,0
神様の言う通り,56We5qeY44Gu6KiA44GG6YCa44KK,3,interpolated,3,0,0,0,0,0,0
絶望キネマ,57W25pyb44Kt44ON44Oe,3,interpolated,3,0,0,0,0,0,0
LUNARSOLAR,TFVOQVJTT0xBUg,3,interpolated,3,0,0,0,0,0,0
Especia,RXNwZWNpYQ,3,interpolated,3.16,0,14.15,0,0,0,0
Zsasz,WnNhc3o,3,interpolated,3.135,0,6.77,0,0,0,0
コレって恋ですか？,44Kz44Os44Gj44Gm5oGL44Gn44GZ44GL77yf,3,interpolated,3.138,0,6.91,0,0,0,0
プランクスターズ,44OX44Op44Oz44Kv44K544K_44O844K6,3,interpolated,3,0,0,0,0,0,0
可憐Girl's,5Y-v5oaQR2lybCdz,3,interpolated,3,0,0,0,0,0,0
SPACE GIRLS PLANET,U1BBQ0UgR0lSTFMgUExBTkVU,3,interpolated,3,0,0,0,0,0,0
Root mimi,Um9vdCBtaW1p,3,interpolated,3,0,0,0,0,0,0
log you,bG9nIHlvdQ,3,interpolated,3,0,0,0,0,0,0
めっ！,44KB44Gj77yB,3,interpolated,3,0,0,0,0,0,0
DEADLIFT LOLITA,REVBRExJRlQgTE9MSVRB,3,interpolated,3.16,0,9.41,0,0,0,0
アイドルネッサンス,44Ki44Kk44OJ44Or44ON44OD44K144Oz44K5,3,interpolated,3,0,0,0,0,0,0
ベイビーレイズJAPAN,44OZ44Kk44OT44O844Os44Kk44K6SkFQQU4,3,interpolated,3,0,0,0,0,0,0
CARRY LOOSE,Q0FSUlkgTE9PU0U,3,interpolated,3.143,0,7.16,0,0,0,0
吉川友,5ZCJ5bed5Y-L,3,interpolated,3,0,0,0,0,0,0
東京パフォーマンスドール,5p2x5Lqs44OR44OV44Kp44O844Oe44Oz44K544OJ44O844Or,3,interpolated,3,0,0,0,0,0,0
BeForU,QmVGb3JV,3,interpolated,3.16,0,26.57,0,0,0,0
RE-GE,UkUtR0U,3,interpolated,3.187,0.45,0.45,0,0,0,0
アストレイル,44Ki44K544OI44Os44Kk44Or,3,interpolated,3,0,0,0,0,0,0
PASSPO☆,UEFTU1BP4piG,3,interpolated,3,0,0,0,0,0,0
吉田凜音,5ZCJ55Sw5Yec6Z-z,3,interpolated,3,0,0,0,0,0,0
miscast,bWlzY2FzdA,5,interpolated,5,6.9,7.14,0,0,0,0
Rev.from DVL,UmV2LmZyb20gRFZM,3,interpolated,3,0,0,0,0,0,0
NEKIRU,TkVLSVJV,3,interpolated,3,0,0,0,0,0,0
VINII,VklOSUk,3,interpolated,3.014,0,0.71,0,0,0,0
MeMeQ,TWVNZVE,3,interpolated,3.017,0,0.83,0,0,0,0
CURE'T,Q1VSRSdU,3,interpolated,3.013,0,0.67,0,0,0,0
Sugar♡Holic,U3VnYXLimaFIb2xpYw,3,interpolated,3,0,0,0,0,0,0
BNSI,Qk5TSQ,3,interpolated,3.019,0,0.97,0,0,0,0
ヒイラギリオ,44OS44Kk44Op44Ku44Oq44Kq,3,interpolated,3,0,0,0,0,0,0
特撮がるず,54m55pKu44GM44KL44Ga,3,interpolated,3,0,0,0,0,0,0
篠崎りさ,56-g5bSO44KK44GV,3,interpolated,3,0,0,0,0,0,0
Cheeky Parade,Q2hlZWt5IFBhcmFkZQ,3,interpolated,3,0,0,0,0,0,0
IDOLATER,SURPTEFURVI,3,interpolated,3.205,1.09,7.34,1,2,0,0
ファーストプレイリスト,44OV44Kh44O844K544OI44OX44Os44Kk44Oq44K544OI,3,interpolated,3,0,0,0,0,0,0
ReFLiA,UmVGTGlB,3,interpolated,3,0,0,0,0,0,0
武藤彩未,5q2m6Jek5b2p5pyq,3,interpolated,3,0,0,0,0,0,0
ねもぺろ from でんぱ組.inc,44Gt44KC44G644KNIGZyb20g44Gn44KT44Gx57WELmluYw,3,interpolated,3,0,0,0,0,0,0
みぎてやじるし ひだりてはーと,44G_44GO44Gm44KE44GY44KL44GXIOOBsuOBoOOCiuOBpuOBr-ODvOOBqA,3,interpolated,3,0,0,0,0,0,0
CROWN POP,Q1JPV04gUE9Q,3,interpolated,3.091,2.25,10.97,1,4,0.28,1
乙女新党,5LmZ5aWz5paw5YWa,3,interpolated,3,0,0,0,0,0,0
寺嶋由芙,5a-65baL55Sx6IqZ,3,interpolated,3,0,0,0,0,0,0
B.O.L.T,Qi5PLkwuVA,3,interpolated,3.141,0,7.07,0,0,0,0
WHY@DOLL,V0hZQERPTEw,3,interpolated,3.16,0,11.9,0,0,0,0
predia,cHJlZGlh,4,interpolated,4.198,4.73,16.57,0.67,2,0,0
GEM,R0VN,3.5,interpolated,3.297,1.72,13.59,1,7,0,0
恵比寿マスカッツ,5oG15q-U5a-_44Oe44K544Kr44OD44OE,3,interpolated,3,0,0,0,0,0,0
KOTO,S09UTw,3,interpolated,3.16,0,14.57,0,0,0,0
HO6LA,SE82TEE,3,interpolated,3.099,0,4.94,0,0,0,0
広瀬愛菜,5bqD54Cs5oSb6I-c,3,interpolated,3,0,0,0,0,0,0
シュークリームロケッツ,44K344Ol44O844Kv44Oq44O844Og44Ot44Kx44OD44OE,3,interpolated,3,0,0,0,0,0,0
みんなのこどもちゃん,44G_44KT44Gq44Gu44GT44Gp44KC44Gh44KD44KT,3,interpolated,3,0,0,0,0,0,0
バニラビーンズ,44OQ44OL44Op44OT44O844Oz44K6,3,interpolated,3,0,0,0,0,0,0
DESURABBITS,REVTVVJBQkJJVFM,3,interpolated,3.16,0,12.82,0,0,0,0
HALLCA,SEFMTENB,3,interpolated,3,0,0,0,0,0,0
PiXMiX,UGlYTWlY,4,interpolated,3.796,3.88,7.55,1,4,0,0
はちみつロケット,44Gv44Gh44G_44Gk44Ot44Kx44OD44OI,3,interpolated,3,0,0,0,0,0,0
ロッカジャポニカ,44Ot44OD44Kr44K444Oj44Od44OL44Kr,3,interpolated,3,0,0,0,0,0,0
X21,WDIx,3,interpolated,3,0,0,0,0,0,0
Siam☆Dream,U2lhbeKYhkRyZWFt,3,interpolated,3,0,0,0,0,0,0
3B junior,M0IganVuaW9y,3,interpolated,3.16,0,11.74,0,0,0,0
raymay,cmF5bWF5,3,interpolated,3.153,0,7.66,0,0,0,0
On the treat Super Season,T24gdGhlIHRyZWF0IFN1cGVyIFNlYXNvbg,3.5,interpolated,3.277,1.73,4.98,1,3,0,0
NELN,TkVMTg,3,interpolated,3.126,0,6.32,0,0,0,0
炭酸くろにくるっ,54Kt6YW444GP44KN44Gr44GP44KL44Gj,3.5,interpolated,3.261,1.6,5.28,1,4,0,0
Le Siana,TGUgU2lhbmE,4,interpolated,3.77,3.67,14.57,1,1,0,0
Pink Babies,UGluayBCYWJpZXM,3,interpolated,3.16,0,12.99,0,0,0,0
eyes,ZXllcw,3,interpolated,3,0,0,0,0,0,0
Last Idol,TGFzdCBJZG9s,3,interpolated,3.16,0,8.96,0,0,0,0
Fujun Bungaku Shoujo Kagekidan,RnVqdW4gQnVuZ2FrdSBTaG91am8gS2FnZWtpZGFu,3,interpolated,3.079,0,3.96,0,0,0,0
La Luce,TGEgTHVjZQ,3.5,interpolated,3.655,3.25,0,1,7,0,0
Good Tears,R29vZCBUZWFycw,4,interpolated,3.753,3.95,0,1,5,0,0
Choux Cream Rockets,Q2hvdXggQ3JlYW0gUm9ja2V0cw,4,interpolated,3.833,4.52,0,1,3,0,0
Someday Somewhere,U29tZWRheSBTb21ld2hlcmU,3.5,interpolated,3.691,3.51,0,1,6,0,0
Last Idol 2nd Generation,TGFzdCBJZG9sIDJuZCBHZW5lcmF0aW9u,3.5,interpolated,3.735,3.42,8.28,1,12,0,0
Last Idol 2nd Generation Under,TGFzdCBJZG9sIDJuZCBHZW5lcmF0aW9uIFVuZGVy,3.5,interpolated,3.747,3.51,8.28,1,18,0,0
アルプスおとめ,44Ki44Or44OX44K544GK44Go44KB,3,interpolated,3.16,0,19.74,0,0,0,0
Astrain,QXN0cmFpbg,3,interpolated,3.011,0,0.57,0,0,0,0
Circle Lychee,Q2lyY2xlIEx5Y2hlZQ,3,interpolated,3,0,0,0,0,0,0
Shirayuri to Ame,U2hpcmF5dXJpIHRvIEFtZQ,3,interpolated,3.046,0,2.29,0,0,0,0
Sect,U2VjdA,3,interpolated,3.023,0,1.17,0,0,0,0
Cerisier,Q2VyaXNpZXI,3,interpolated,3.16,0,8.63,0,0,0,0
#DO RE MI FA SOL LA SEED,I0RPIFJFIE1JIEZBIFNPTCBMQSBTRUVE,3,interpolated,3.072,0,3.58,0,0,0,0
Wagamama na Last Note,V2FnYW1hbWEgbmEgTGFzdCBOb3Rl,3,interpolated,3.023,0,1.15,0,0,0,0
KAMO ga NEGI wo Shottekuru!!!,S0FNTyBnYSBORUdJIHdvIFNob3R0ZWt1cnUhISE,3,interpolated,3.16,0,10.32,0,0,0,0
mai mai,bWFpIG1haQ,3,interpolated,3.097,0,4.84,0,0,0,0
Sukiiro Drop,U3VraWlybyBEcm9w,3,interpolated,3.131,0,6.57,0,0,0,0
Toriko Naru Prelude,VG9yaWtvIE5hcnUgUHJlbHVkZQ,3,interpolated,3,0,0,0,0,0,0
Amaterasu,QW1hdGVyYXN1,3,interpolated,3.133,0,6.63,0,0,0,0
UNLAME,VU5MQU1F,3,interpolated,3,0,0,0,0,0,0
NoelliL,Tm9lbGxpTA,3,interpolated,3.16,0,10.66,0,0,0,0
Solennel Company,U29sZW5uZWwgQ29tcGFueQ,3,interpolated,3.118,0,5.9,0,0,0,0
COLOR'z,Q09MT1Ineg,3,interpolated,3.16,0,8.57,0,0,0,0
37.2℃ -Nanadonibu-,MzcuMuKEgyAtTmFuYWRvbmlidS0,3,interpolated,3.134,0,6.71,0,0,0,0
Junjou no Afilia,SnVuam91IG5vIEFmaWxpYQ,3,interpolated,3.16,0,8.91,0,0,0,0
Houkago Princess,SG91a2FnbyBQcmluY2Vzcw,3,interpolated,3.16,0,12.18,0,0,0,0
Kakedashi no Hikou Shoujo,S2FrZWRhc2hpIG5vIEhpa291IFNob3Vqbw,3,interpolated,3,0,0,0,0,0,0
Artemis no Tsubasa,QXJ0ZW1pcyBubyBUc3ViYXNh,3,interpolated,3.116,0,5.82,0,0,0,0
#Pentaprism,I1BlbnRhcHJpc20,3,interpolated,3.105,0,5.24,0,0,0,0
KATACOTO * BANK,S0FUQUNPVE8gKiBCQU5L,3,interpolated,3.108,0,5.41,0,0,0,0
Minichu,TWluaWNodQ,3,interpolated,3,0,0,0,0,0,0
BOKU ha KIMI no KAKERA.,Qk9LVSBoYSBLSU1JIG5vIEtBS0VSQS4,3,interpolated,3.119,0,5.93,0,0,0,0
4864.,NDg2NC4,3,interpolated,3.089,0,4.46,0,0,0,0
AUGMENTAL,QVVHTUVOVEFM,3,interpolated,3.085,0,4.26,0,0,0,0
1Eyeline,MUV5ZWxpbmU,3,interpolated,3.11,0,5.49,0,0,0,0
Eureka,RXVyZWth,3,interpolated,3.066,0,3.32,0,0,0,0
HAKUSULA,SEFLVVNVTEE,3,interpolated,3.063,0,3.13,0,0,0,0
HACK,SEFDSw,3,interpolated,3,0,0,0,0,0,0
MINORITY ALERT,TUlOT1JJVFkgQUxFUlQ,3,interpolated,3.074,0,3.72,0,0,0,0
Hare Nochi Koi Moyou,SGFyZSBOb2NoaSBLb2kgTW95b3U,3,interpolated,3.065,0,3.27,0,0,0,0
Hiragana SAY-LA,SGlyYWdhbmEgU0FZLUxB,3,interpolated,3.021,0,1.07,0,0,0,0
HikuteAmata,SGlrdXRlQW1hdGE,3,interpolated,3.127,0,6.33,0,0,0,0
Spopopopony,U3BvcG9wb3Bvbnk,3,interpolated,3.087,0,4.35,0,0,0,0
&Ch!ll,JkNoIWxs,3,interpolated,3.137,0,6.84,0,0,0,0
cUTe! cENTI-mENTAL,Y1VUZSEgY0VOVEktbUVOVEFM,3,interpolated,3.103,0,5.13,0,0,0,0
Starlet,U3RhcmxldA,3,interpolated,3.038,0,1.89,0,0,0,0
LARMOON,TEFSTU9PTg,3,interpolated,3,0,0,0,0,0,0
Lovely☆DOLL,TG92ZWx54piGRE9MTA,3,interpolated,3.16,0,15.82,0,0,0,0
Tokyo Yume Piyogumi,VG9reW8gWXVtZSBQaXlvZ3VtaQ,3,interpolated,3,0,0,0,0,0,0
GRACiAS,R1JBQ2lBUw,3,interpolated,3,0,0,0,0,0,0
momograci,bW9tb2dyYWNp,3,interpolated,3.107,0,5.33,0,0,0,0
Momoiro Kakumei,TW9tb2lybyBLYWt1bWVp,3,interpolated,3,0,0,0,0,0,0
METROPOLIS,TUVUUk9QT0xJUw,3,interpolated,3.16,0,12.57,0,0,0,0
B.L.T. IDOL COLLEGE,Qi5MLlQuIElET0wgQ09MTEVHRQ,3,interpolated,3,0,0,0,0,0,0
Survive-ZERO,U3Vydml2ZS1aRVJP,3,interpolated,3.16,0,20.57,0,0,0,0
Yanchan Gakuen Ongakubu,WWFuY2hhbiBHYWt1ZW4gT25nYWt1YnU,3,interpolated,3,0,0,0,0,0,0
Alcute!,QWxjdXRlIQ,3,interpolated,3.06,0,3.01,0,0,0,0
Z5-C1,WjUtQzE,3,interpolated,3.099,0,4.95,0,0,0,0
PrincessGarden-2GN-,UHJpbmNlc3NHYXJkZW4tMkdOLQ,3,interpolated,3.105,0,5.24,0,0,0,0
rosé collage,cm9zw6kgY29sbGFnZQ,3,interpolated,3.091,0,4.53,0,0,0,0
Station♪,U3RhdGlvbuKZqg,3,interpolated,3.16,0,14.84,0,0,0,0
Katamomi Joshi,S2F0YW1vbWkgSm9zaGk,3,interpolated,3,0,0,0,0,0,0
info.m@te,aW5mby5tQHRl,3,interpolated,3.16,0,11.16,0,0,0,0
Wonder Weed Ten,V29uZGVyIFdlZWQgVGVu,3,interpolated,3.13,0,6.49,0,0,0,0
buGG,YnVHRw,3,interpolated,3.16,0,8.9,0,0,0,0
BACK THE RIPPER,QkFDSyBUSEUgUklQUEVS,3,interpolated,3.042,0,2.08,0,0,0,0
Party chuuuN!,UGFydHkgY2h1dXVOIQ,3.5,interpolated,3.501,1.63,2.87,0,0,0.207,1
KissBeeWEST,S2lzc0JlZVdFU1Q,4,interpolated,3.848,4.63,0,1,1,0,0
Suteneko Cats,U3V0ZW5la28gQ2F0cw,3,interpolated,3.074,0,3.68,0,0,0,0
M3LOGIN,TTNMT0dJTg,3,interpolated,3.016,0,0.81,0,0,0,0
Sureness,U3VyZW5lc3M,3,interpolated,3.111,0,5.55,0,0,0,0
Kore:ct,S29yZTpjdA,3,interpolated,3.158,0,7.9,0,0,0,0
MIROKUNOROCK,TUlST0tVTk9ST0NL,3,interpolated,3.138,0,6.9,0,0,0,0
Tsuki to Taiyou,VHN1a2kgdG8gVGFpeW91,3,interpolated,3.16,0,12.57,0,0,0,0
Luna By Snap,THVuYSBCeSBTbmFw,3,interpolated,3,0,0,0,0,0,0
Yokubari Sensation,WW9rdWJhcmkgU2Vuc2F0aW9u,3,interpolated,3.1,0,5,0,0,0,0
husky,aHVza3k,3,interpolated,3.16,0,9.07,0,0,0,0
PLANCK STARS,UExBTkNLIFNUQVJT,3,interpolated,3.151,0,7.57,0,0,0,0
chuuum,Y2h1dXVt,3,interpolated,3.057,0,2.86,0,0,0,0
Bokuseka,Qm9rdXNla2E,3,interpolated,3.096,0,4.82,0,0,0,0
SKIRMISH,U0tJUk1JU0g,3,interpolated,3.16,0,8.57,0,0,0,0
LUCY,TFVDWQ,3,interpolated,3.037,0,1.85,0,0,0,0
MELTY HZ,TUVMVFkgSFo,3,interpolated,3.156,0,7.82,0,0,0,0
postalgia,cG9zdGFsZ2lh,3,interpolated,3.112,0,5.62,0,0,0,0
MagMell,TWFnTWVsbA,3,interpolated,3.066,0,3.3,0,0,0,0
Chu☆Oh! Dolly,Q2h14piGT2ghIERvbGx5,3,interpolated,3.16,0,10.11,0,0,0,0
Jelno!,SmVsbm8h,3,interpolated,3,0,0,0,0,0,0
Stella☆Beats,U3RlbGxh4piGQmVhdHM,3,interpolated,3,0,0,0,0,0,0
LoveKen,TG92ZUtlbg,3,interpolated,3,0,0,0,0,0,0
BELLRING Shoujo Heart '22,QkVMTFJJTkcgU2hvdWpvIEhlYXJ0ICcyMg,3,interpolated,3.066,0,3.28,0,0,0,0
THERE THERE THERES,VEhFUkUgVEhFUkUgVEhFUkVT,3,interpolated,3.16,0,9.57,0,0,0,0
Seven Colors,U2V2ZW4gQ29sb3Jz,3,interpolated,3.16,0,13.96,0,0,0,0
Shojotai,U2hvam90YWk,3.5,interpolated,3.638,2.73,11.32,1,1,0,0
mignon,bWlnbm9u,3,interpolated,3.109,0,5.43,0,0,0,0
SHANIMUNI PARADE,U0hBTklNVU5JIFBBUkFERQ,3,interpolated,3.118,0,5.91,0,0,0,0
PIP,UElQ,3,interpolated,3.16,0,12.16,0,0,0,0
ALLOVER,QUxMT1ZFUg,3,interpolated,3.16,0,13.32,0,0,0,0
Bubble Bobbdie Gum!!,QnViYmxlIEJvYmJkaWUgR3VtISE,3,interpolated,3.146,0,7.29,0,0,0,0
Goodbye for First kiss,R29vZGJ5ZSBmb3IgRmlyc3Qga2lzcw,3,interpolated,3.065,0,3.24,0,0,0,0
Raydroid,UmF5ZHJvaWQ,3,interpolated,3,0,0,0,0,0,0
Neon Rain,TmVvbiBSYWlu,3,interpolated,3.131,0,6.57,0,0,0,0
100-YOKAI,MTAwLVlPS0FJ,3,interpolated,3.13,0,6.49,0,0,0,0
Kitto Zutto Seishun.,S2l0dG8gWnV0dG8gU2Vpc2h1bi4,3,interpolated,3.075,0,3.74,0,0,0,0
Kitsunebi,S2l0c3VuZWJp,3,interpolated,3.114,0,5.72,0,0,0,0
Sengoku Animal Gokuraku Joudo,U2VuZ29rdSBBbmltYWwgR29rdXJha3UgSm91ZG8,3,interpolated,3.156,0,7.82,0,0,0,0
astraia*,YXN0cmFpYSo,3,interpolated,3.16,0,8.24,0,0,0,0
BABY TO KISS,QkFCWSBUTyBLSVNT,3,interpolated,3,0,0,0,0,0,0
MILLION＄PARADE,TUlMTElPTu-8hFBBUkFERQ,3,interpolated,3.091,0,4.53,0,0,0,0
Mecha High,TWVjaGEgSGlnaA,3,interpolated,3,0,0,0,0,0,0
Strawberry Syndrome,U3RyYXdiZXJyeSBTeW5kcm9tZQ,3,interpolated,3,0,0,0,0,0,0
DOPING BERRY,RE9QSU5HIEJFUlJZ,3,interpolated,3,0,0,0,0,0,0
Odoro,T2Rvcm8,3,interpolated,3.16,0,8.82,0,0,0,0
BugMEME,QnVnTUVNRQ,3,interpolated,3.126,0,6.31,0,0,0,0
FANTASIA,RkFOVEFTSUE,3,interpolated,3.091,0,4.57,0,0,0,0
FILL ME TRAX,RklMTCBNRSBUUkFY,3,interpolated,3.072,0,3.6,0,0,0,0
403ERROR,NDAzRVJST1I,3,interpolated,3.16,0,9.57,0,0,0,0
Nemuleap,TmVtdWxlYXA,3,interpolated,3.08,0,3.98,0,0,0,0
SUDDENDEATH,U1VEREVOREVBVEg,3,interpolated,3.153,0,7.66,0,0,0,0
プティパ,44OX44OG44Kj44OR,3.5,interpolated,3.64,2.75,12.9,1,1,0,0
フルコース,RnVsbCBDb3Vyc2U,3,interpolated,3.174,0.41,0.45,0,0,0,0
ハルカエコー,82c6703f-0d5d-4b54-972d-232437a3b991,3,interpolated,3.126,0.3,0.3,0,0,0,0
ヒロインズ研究生大阪,dff1e0bf-9b5e-4a9c-85db-5379cafb7513,3,interpolated,3.236,0.64,1.09,0.33,5,0,0
Pastel Closet,3470f280-df87-4c34-addb-7d4a7c52106a,3.5,interpolated,3.421,1,1,0,0,0,0
MOBIUS,TU9CSVVT,3,interpolated,3.146,0,7.32,0,0,0,0
妄愛グラビティ,5aaE5oSb44Kw44Op44OT44OG44Kj,3,interpolated,3.146,0,7.32,0,0,0,0
鵺,6bW6,3,interpolated,3.156,0,7.82,0,0,0,0
iLiFE!候補生,aUxpRkUh5YCZ6KOc55Sf,5,interpolated,5,25.92,2.24,1,1,0,0
なう♡すとれーじ,Tm93U3RvcmFnZQ,3,interpolated,3.025,0.06,0.06,0,0,0,0
