group_name,name_romanji,current_tier,spotify_popularity,spotify_followers,composite_followers_plus_pop100,assignment,manual_tier,vs_fan_floor_2822,gap_vs_fan_floor,flag_high_pop_low_fans,flag_low_pop_high_fans
iON!,iON!,E,307,2824,33524,manual,E,>= fan_floor,2,,
ASP,ASP,D,23,7912,10212,inferred,,>= fan_floor,5090,,
TENRIN,TENRIN,D,35,6542,10042,manual,D,>= fan_floor,3720,,
PIGGS,PIGGS,D,25,7109,9609,inferred,,>= fan_floor,4287,,
chuLa,ChuLa,D,26,6968,9568,inferred,,>= fan_floor,4146,,
KLP48,KLP48,D,20,7410,9410,inferred,,>= fan_floor,4588,,
風男塾,Fudanjuku,D,22,7017,9217,inferred,,>= fan_floor,4195,,
Ringwanderung,Ringwanderung,D,23,6722,9022,manual,D,>= fan_floor,3900,,
ukka,Ukka,D,20,6973,8973,manual,D,>= fan_floor,4151,,
おやすみホログラム,Oyasumi,D,15,7458,8958,inferred,,>= fan_floor,4636,,Y
シンデレラ宣言！,Cinderella_Sengen!,D,22,6190,8390,inferred,,>= fan_floor,3368,,
手羽先センセーション,Tebasaki_Sensation,D,22,6160,8360,manual,D,>= fan_floor,3338,,
Luce Twinkle Wink☆,Luce_Twinkle_Wink☆,D,20,6106,8106,manual,D,>= fan_floor,3284,,
CiON,CiON,D,33,4791,8091,inferred,,>= fan_floor,1969,,
WHITE SCORPION,WHITE_SCORPION,D,28,5289,8089,inferred,,>= fan_floor,2467,,
可憐なアイボリー,Karen_na_Ivory,D,27,5279,7979,inferred,,>= fan_floor,2457,,
クマリデパート,,D,17,6228,7928,inferred,,>= fan_floor,3406,,Y
煌めき☆アンフォレント,Kirameki☆Unforent,D,18,6061,7861,manual,D,>= fan_floor,3239,,Y
マーキュロ,,D,29,4787,7687,inferred,,>= fan_floor,1965,,
りんご娘,Ringo_Musume,D,26,4764,7364,inferred,,>= fan_floor,1942,,
アキシブproject,Akishibu project,D,19,5166,7066,manual,D,>= fan_floor,2344,,
おこさまぷれ〜と。,Zero_Project,D,20,5014,7014,manual,D,>= fan_floor,2192,,
純情のアフィリア,,D,21,4823,6923,inferred,,>= fan_floor,2001,,
Onephony,Onephony,D,28,4091,6891,manual,D,>= fan_floor,1269,,
NUANCE,NUANCE,D,18,4924,6724,inferred,,>= fan_floor,2102,,Y
君に、胸キュン。,,D,28,3882,6682,inferred,,>= fan_floor,1060,,
新章 大阪☆春夏秋冬,Shunkashuutou,D,25,4118,6618,inferred,,>= fan_floor,1296,,
Kolokol,Kolokol,D,17,4906,6606,inferred,,>= fan_floor,2084,,Y
LinQ,LinQ,D,23,4268,6568,manual,D,>= fan_floor,1446,,
Quubi,Quubi,D,23,4241,6541,inferred,,>= fan_floor,1419,,
Peel the Apple,Peel_the_Apple,D,19,4598,6498,inferred,,>= fan_floor,1776,,
放課後プリンセス,,D,10,5463,6463,inferred,,>= fan_floor,2641,,Y
Pimm's,Pimm's,D,11,5303,6403,inferred,,>= fan_floor,2481,,Y
ジエメイ,Jiemei,D,29,3472,6372,inferred,,>= fan_floor,650,,
マザリ,Mazari,D,31,3125,6225,inferred,,>= fan_floor,303,,
NightOwl,NightOwl,D,8,5315,6115,inferred,,>= fan_floor,2493,,Y
マジカル・パンチライン,Majika,D,11,5007,6107,inferred,,>= fan_floor,2185,,Y
MAPA,MAPA,D,25,3595,6095,inferred,,>= fan_floor,773,,
群青の世界,Gunjou_no_Sekai,D,20,4056,6056,inferred,,>= fan_floor,1234,,
Merry BAD TUNE.,Merry_BAD_TUNE.,D,28,3177,5977,manual,D,>= fan_floor,355,,
THE ORCHESTRA TOKYO,THE_ORCHESTRA_TOKYO,D,22,3770,5970,inferred,,>= fan_floor,948,,
Ange☆Reve,Ange☆Reve,D,10,4959,5959,inferred,,>= fan_floor,2137,,Y
Ma’Scar’Piece,Ma'Scar'Piece,D,26,3223,5823,inferred,,>= fan_floor,401,,
SITUASION,Situasion,D,19,3885,5785,manual,D,>= fan_floor,1063,,
ドラマチックレコード,,D,29,2822,5722,inferred,,>= fan_floor,0,,
XTEEN,XTEEN,D,9,4671,5571,inferred,,>= fan_floor,1849,,Y
アンスリューム,,D,18,3770,5570,inferred,,>= fan_floor,948,,Y
Dancing Dolls,Dancing_Dolls,D,25,2899,5399,inferred,,>= fan_floor,77,,
AdamLilith,AdamLilith,D,24,2827,5227,inferred,,>= fan_floor,5,,
UtaGe!,UtaGe!,D,27,2519,5219,manual,D,< fan_floor,-303,Y,
Dorothy Little Happy,Dorothy_Little_Happy,D,6,4564,5164,manual,D,>= fan_floor,1742,,Y
miscast,Miscast,D,12,3864,5064,inferred,,>= fan_floor,1042,,Y
みうみお,Miumio,D,16,3402,5002,inferred,,>= fan_floor,580,,Y
PARADISES,PARADISES,D,6,4386,4986,inferred,,>= fan_floor,1564,,Y
アップアップガールズ（仮）,,D,8,4144,4944,inferred,,>= fan_floor,1322,,Y
衛星とカラテア,Eisei_to_Karatea,E,22,2737,4937,inferred,,< fan_floor,-85,,
LEIWAN,LEIWAN,D,17,3162,4862,manual,D,>= fan_floor,340,,Y
MyDearDarlin',MyDearDarlin',D,16,3255,4855,manual,D,>= fan_floor,433,,Y
VILLAINS HOUSE,VILLAINS_HOUSE,E,23,2529,4829,inferred,,< fan_floor,-293,,
3776,3776,D,11,3719,4819,inferred,,>= fan_floor,897,,Y
ラフ×ラフ,Rough_x_Laugh,E,23,2481,4781,inferred,,< fan_floor,-341,,
じゅじゅ,JUJU,D,8,3944,4744,inferred,,>= fan_floor,1122,,Y
AIBECK,AIBECK,D,15,3145,4645,manual,D,>= fan_floor,323,,Y
ふわふわ,FuWa_FuWa,D,9,3688,4588,manual,D,>= fan_floor,866,,Y
"Mirror,Mirror","Mirror,Mirror",E,21,2436,4536,inferred,,< fan_floor,-386,,
なみだ色の消しごむ,,E,25,1916,4416,inferred,,< fan_floor,-906,Y,
diig,Diig,E,16,2804,4404,inferred,,< fan_floor,-18,,
きのホ。,Ho?,E,20,2377,4377,inferred,,< fan_floor,-445,,
#2i2,2i2,D,13,3066,4366,inferred,,>= fan_floor,244,,Y
アップアップガールズ（２）,,D,10,3337,4337,inferred,,>= fan_floor,515,,Y
BELLRING少女ハート,,D,14,2880,4280,inferred,,>= fan_floor,58,,Y
SAKA-SAMA,SAKA-SAMA,D,7,3570,4270,inferred,,>= fan_floor,748,,Y
STAiNY,STAiNY,E,15,2710,4210,inferred,,< fan_floor,-112,,
花魁道中,Oiran_Dochu,E,21,2108,4208,inferred,,< fan_floor,-714,,
ハルニシオン,,E,28,1403,4203,inferred,,< fan_floor,-1419,Y,
SAiNT SEX,SAiNT_SEX,D,7,3502,4202,inferred,,>= fan_floor,680,,Y
Payrin's,Payrin's,E,14,2802,4202,inferred,,< fan_floor,-20,,
開歌-かいか-,,D,12,2913,4113,inferred,,>= fan_floor,91,,Y
ピューパ!!,,D,11,2942,4042,inferred,,>= fan_floor,120,,Y
YOLOZ,YOLOZ,E,21,1932,4032,inferred,,< fan_floor,-890,,
BLUEGOATS,BLUEGOATS,E,21,1915,4015,inferred,,< fan_floor,-907,,
ポンコツコンポ,Ponkotsu_Konpo,E,22,1811,4011,inferred,,< fan_floor,-1011,,
ベロティカ,,E,25,1510,4010,inferred,,< fan_floor,-1312,Y,
雨模様のソラリス,,D,11,2903,4003,inferred,,>= fan_floor,81,,Y
AZATOY,AZATOY,E,20,1961,3961,inferred,,< fan_floor,-861,,
predia,Predia,D,9,3054,3954,inferred,,>= fan_floor,232,,Y
キングサリ,,E,16,2337,3937,inferred,,< fan_floor,-485,,
"Not Secured,Loose Ends","Not_Secured,_Loose_Ends",E,21,1814,3914,inferred,,< fan_floor,-1008,,
PRSMIN,PRSMIN,E,12,2671,3871,inferred,,< fan_floor,-151,,
シュレーディンガーの犬,Schrödinger_no_Inu,E,17,2162,3862,inferred,,< fan_floor,-660,,
ライスボール,,E,18,2041,3841,inferred,,< fan_floor,-781,,
LINKL PLANET,LINKL_PLANET,E,17,2136,3836,inferred,,< fan_floor,-686,,
airattic,Airattic,E,14,2331,3731,inferred,,< fan_floor,-491,,
Palette Parade,Palette_Parade,E,17,1984,3684,inferred,,< fan_floor,-838,,
愛乙女☆DOLL,.DOLL,D,6,3010,3610,inferred,,>= fan_floor,188,,Y
SAY-LA,SAY-LA,E,11,2504,3604,inferred,,< fan_floor,-318,,
KissBee,KissBee,E,8,2800,3600,inferred,,< fan_floor,-22,,
Sweet Alley,Sweet_Alley,E,17,1880,3580,inferred,,< fan_floor,-942,,
zanka,Zanka,E,18,1759,3559,inferred,,< fan_floor,-1063,,
びっくえんじぇる,,E,20,1558,3558,inferred,,< fan_floor,-1264,,
Axelight,Axelight,E,16,1944,3544,inferred,,< fan_floor,-878,,
シャニムニ＝パレード,,E,16,1914,3514,inferred,,< fan_floor,-908,,
MAGMAZ,MAGMAZ,E,16,1904,3504,inferred,,< fan_floor,-918,,
アイドルカレッジ,,E,12,2296,3496,inferred,,< fan_floor,-526,,
AsIs,AsIs,E,22,1293,3493,manual,E,< fan_floor,-1529,,
DIAVEL,,E,21,1382,3482,inferred,,< fan_floor,-1440,,
STARMARIE,STARMARIE,D,5,2929,3429,manual,D,>= fan_floor,107,,Y
HIBANA,HIBANA,E,23,1102,3402,inferred,,< fan_floor,-1720,,
美味しい曖昧,Aimai,E,12,2201,3401,inferred,,< fan_floor,-621,,
エラバレシ,Erabareshi,E,11,2194,3294,inferred,,< fan_floor,-628,,
カラフルスクリーム,,E,17,1588,3288,inferred,,< fan_floor,-1234,,
あっとせぶんてぃーん,@17,E,15,1782,3282,inferred,,< fan_floor,-1040,,
パラディーク,Paradeeq,E,18,1416,3216,manual,E,< fan_floor,-1406,,
カイジューバイミー,,E,18,1404,3204,inferred,,< fan_floor,-1418,,
#Mooove!,Mooove!,E,14,1789,3189,inferred,,< fan_floor,-1033,,
さとりモンスター,,E,13,1867,3167,inferred,,< fan_floor,-955,,
#ジューロック,,E,13,1854,3154,inferred,,< fan_floor,-968,,
透色ドロップ,,E,12,1831,3031,inferred,,< fan_floor,-991,,
さよならステイチューン,,E,15,1521,3021,inferred,,< fan_floor,-1301,,
太陽と踊れ月夜に唄え,UTA,E,15,1513,3013,inferred,,< fan_floor,-1309,,
クララ・マグラ,,E,19,1111,3011,inferred,,< fan_floor,-1711,,
にっぽんワチャチャ,Nippon_Wachacha,E,10,1957,2957,inferred,,< fan_floor,-865,,
KiSS KiSS,KiSS_KiSS,E,9,2025,2925,inferred,,< fan_floor,-797,,
めろん畑a go go,,E,8,2082,2882,inferred,,< fan_floor,-740,,
月刊PAM,,E,18,1069,2869,inferred,,< fan_floor,-1753,,
Toi Toi Toi,Toi_Toi_Toi,E,18,1057,2857,inferred,,< fan_floor,-1765,,
AOAO,AOAO,E,19,909,2809,inferred,,< fan_floor,-1913,,
Tohkei,Tohkei,E,18,989,2789,inferred,,< fan_floor,-1833,,
かすみ草とステラ,,E,12,1573,2773,inferred,,< fan_floor,-1249,,
EMPATHY,EMPATHY,E,11,1644,2744,inferred,,< fan_floor,-1178,,
SOMOSOMO,SOMOSOMO,E,10,1743,2743,inferred,,< fan_floor,-1079,,
ambitious,Ambitious,E,8,1932,2732,inferred,,< fan_floor,-890,,
棘-おどろ-,,E,13,1417,2717,inferred,,< fan_floor,-1405,,
hakanai,Hakanai,E,16,1113,2713,manual,E,< fan_floor,-1709,,
グデイ,,E,11,1612,2712,inferred,,< fan_floor,-1210,,
イケてるハーツ,,E,6,2080,2680,inferred,,< fan_floor,-742,,
MiiS,MiiS,E,8,1876,2676,inferred,,< fan_floor,-946,,
selfish,Selfish,E,17,961,2661,inferred,,< fan_floor,-1861,,
AQ,AQ,E,15,1142,2642,inferred,,< fan_floor,-1680,,
CAL&RES,CAL&RES,E,15,1116,2616,inferred,,< fan_floor,-1706,,
9DayzGlitchClubTokyo,9DayzGlitchClubTokyo,E,12,1411,2611,inferred,,< fan_floor,-1411,,
fancylabo,,E,8,1807,2607,inferred,,< fan_floor,-1015,,
点染テンセイ少女。,Tensen Tensei Shoujo.,E,16,999,2599,manual,E,< fan_floor,-1823,,
われらがプワプワプーワプワ,Wareraga_Puwapuwapuuwapuwa,E,15,1065,2565,inferred,,< fan_floor,-1757,,
MAGICAL SPEC,MAGICAL_SPEC,E,15,1051,2551,inferred,,< fan_floor,-1771,,
O'CHAWANZ HIP-HOP COLLEGE,O'CHAWANZ,E,10,1544,2544,inferred,,< fan_floor,-1278,,
Finally,Finally,E,11,1431,2531,manual,E,< fan_floor,-1391,,
電影と少年CQ,Shounen,E,8,1727,2527,inferred,,< fan_floor,-1095,,
RIRYDAY,RIRYDAY,E,8,1724,2524,inferred,,< fan_floor,-1098,,
パラレルサイダー,,E,17,822,2522,inferred,,< fan_floor,-2000,,
Finger Runs,Finger_Runs,E,9,1613,2513,inferred,,< fan_floor,-1209,,
963,963,E,3,2205,2505,inferred,,< fan_floor,-617,,
I MY ME MINE,I_MY_ME_MINE,E,9,1569,2469,inferred,,< fan_floor,-1253,,
ピュアリーモンスター,,E,7,1727,2427,inferred,,< fan_floor,-1095,,
Root mimi,Root mimi,E,16,827,2427,inferred,,< fan_floor,-1995,,
スワンスワンズ,,E,15,921,2421,inferred,,< fan_floor,-1901,,
UNBS,UNBS,E,9,1519,2419,inferred,,< fan_floor,-1303,,
PASTEL RADIO,PASTEL_RADIO,E,16,809,2409,inferred,,< fan_floor,-2013,,
ラナキュラ,,E,15,904,2404,inferred,,< fan_floor,-1918,,
HIGH SPIRITS,HIGH_SPIRITS,E,11,1288,2388,inferred,,< fan_floor,-1534,,
KRD8,KRD8,E,8,1578,2378,manual,E,< fan_floor,-1244,,
may in film,May_in_film,E,9,1450,2350,inferred,,< fan_floor,-1372,,
8bitBRAIN,8bitBRAIN,E,6,1741,2341,inferred,,< fan_floor,-1081,,
.LiNIXLiNE.,,E,15,826,2326,inferred,,< fan_floor,-1996,,
XOXO EXTREME,XOXO_EXTREME,E,6,1719,2319,inferred,,< fan_floor,-1103,,
HiiT Factory,FACTORY,E,15,813,2313,inferred,,< fan_floor,-2009,,
MAGICOUR,MAGICOUR,E,2,2062,2262,inferred,,< fan_floor,-760,,
ルルネージュ,,E,10,1229,2229,inferred,,< fan_floor,-1593,,
NaNoMoRaL,NaNoMoRaL,E,7,1457,2157,inferred,,< fan_floor,-1365,,
yumegiwa last girl,Yumegiwa_last_girl,E,5,1642,2142,inferred,,< fan_floor,-1180,,
ネコプラpixx.,,E,8,1319,2119,inferred,,< fan_floor,-1503,,
ワッツ◎さーくる,,E,8,1248,2048,inferred,,< fan_floor,-1574,,
BANZAI JAPAN,BANZAI_JAPAN,E,4,1629,2029,inferred,,< fan_floor,-1193,,
BABY-CRAYON〜1361〜,BABY-CRAYON~1361~,E,6,1382,1982,inferred,,< fan_floor,-1440,,
DREAMING MONSTER,DREAMING_MONSTER,E,7,1281,1981,inferred,,< fan_floor,-1541,,
終わらないで、夜,,E,5,1433,1933,inferred,,< fan_floor,-1389,,
CHICKEN BLOW THE IDOL,CHICKEN_BLOW_THE_IDOL,E,6,1329,1929,manual,E,< fan_floor,-1493,,
CUBΣLIC,CUBΣLIC,E,7,1213,1913,inferred,,< fan_floor,-1609,,
MANACLE,MANACLE,E,4,1445,1845,inferred,,< fan_floor,-1377,,
READY TO KISS,READY_TO_KISS,E,4,1351,1751,manual,E,< fan_floor,-1471,,
iSPY,ISPY,E,4,1314,1714,inferred,,< fan_floor,-1508,,
JUGS MAFIA,JUGS_MAFIA,E,4,1221,1621,manual,E,< fan_floor,-1601,,
Five emotion,Five_emotion,E,2,1342,1542,inferred,,< fan_floor,-1480,,
NILKLY,NILKLY,E,1,1418,1518,inferred,,< fan_floor,-1404,,
外神田いっちょめ,,E,2,1239,1439,inferred,,< fan_floor,-1583,,
